<?xml version="1.0" encoding="UTF-8"?>
<kml xmlns="http://www.opengis.net/kml/2.2" xmlns:gx="http://www.google.com/kml/ext/2.2" xmlns:xsi="http://www.w3.org/2001/XMLSchema-instance"
 xsi:schemaLocation="http://www.opengis.net/kml/2.2 http://schemas.opengis.net/kml/2.2.0/ogckml22.xsd http://www.google.com/kml/ext/2.2 http://code.google.com/apis/kml/schema/kml22gx.xsd">
<Document id="Utah County">
  <name>Utah County</name>
  <snippet></snippet>
  <description><![CDATA[<DIV STYLE="text-align:Left;"><DIV><DIV><P><SPAN>This dataset reflects the most current version of Utah county boundaries plus modifications made to correct known issues along the Davis-Weber and Duchesne-Uintah county boundaries. (20111108) and boundary agreement (certified 20120612) between Juab and Millard Counties. And an adjustment between Morgan and Summit Counties (4/3/2013). Minor adjustments were made to align with the Newest PLSS-GCDB layers from BLM (CadNSDIv2), any where from 10 to 50 feet all in non-populated areas (7/18/2014). Minor adjustment between Davis and Weber County (20201105)</SPAN></P><P><SPAN>Data is current through Nov. 15, 2021; Population Figures from 2020 Census. Population Estimates are Null until we get a 2021 update.</SPAN></P></DIV></DIV></DIV>]]></description>
  <Folder id="FeatureLayer0">
    <name>Utah County</name>
    <snippet></snippet>
    <description><![CDATA[<DIV STYLE="text-align:Left;"><DIV><DIV><P><SPAN>This dataset reflects the most current version of Utah county boundaries plus modifications made to correct known issues along the Davis-Weber and Duchesne-Uintah county boundaries. (20111108) and boundary agreement (certified 20120612) between Juab and Millard Counties. And an adjustment between Morgan and Summit Counties (4/3/2013). Minor adjustments were made to align with the Newest PLSS-GCDB layers from BLM (CadNSDIv2), any where from 10 to 50 feet all in non-populated areas (7/18/2014). Minor adjustment between Davis and Weber County (20201105)</SPAN></P><P><SPAN>Data is current through Nov. 15, 2021; Population Figures from 2020 Census. Population Estimates are Null until we get a 2021 update.</SPAN></P></DIV></DIV></DIV>]]></description>
    <Placemark id="ID_00000">
      <name>UTAH</name>
      <snippet></snippet>
      <description><![CDATA[<html xmlns:fo="http://www.w3.org/1999/XSL/Format" xmlns:msxsl="urn:schemas-microsoft-com:xslt">
<head>
<META http-equiv="Content-Type" content="text/html">
<meta http-equiv="content-type" content="text/html; charset=UTF-8">
</head>
<body style="margin:0px 0px 0px 0px;overflow:auto;background:#FFFFFF;">
<table style="font-family:Arial,Verdana,Times;font-size:12px;text-align:left;width:100%;border-collapse:collapse;padding:3px 3px 3px 3px">
<tr style="text-align:center;font-weight:bold;background:#9CBCE2">
<td>UTAH</td>
</tr>
<tr>
<td>
<table style="font-family:Arial,Verdana,Times;font-size:12px;text-align:left;width:100%;border-spacing:0px; padding:3px 3px 3px 3px">
<tr>
<td>FID</td>
<td>0</td>
</tr>
<tr bgcolor="#D4E4F3">
<td>COUNTYNBR</td>
<td>25</td>
</tr>
<tr>
<td>ENTITYNBR</td>
<td>2010251010</td>
</tr>
<tr bgcolor="#D4E4F3">
<td>ENTITYYR</td>
<td>2010</td>
</tr>
<tr>
<td>NAME</td>
<td>UTAH</td>
</tr>
<tr bgcolor="#D4E4F3">
<td>FIPS</td>
<td>49</td>
</tr>
<tr>
<td>STATEPLANE</td>
<td>Central</td>
</tr>
<tr bgcolor="#D4E4F3">
<td>POP_LASTCE</td>
<td>659399</td>
</tr>
<tr>
<td>POP_CURRES</td>
<td>702434</td>
</tr>
<tr bgcolor="#D4E4F3">
<td>GlobalID</td>
<td>8df99710-dcb1-4c52-8ead-e9555c83618f</td>
</tr>
<tr>
<td>FIPS_STR</td>
<td>49049</td>
</tr>
<tr bgcolor="#D4E4F3">
<td>COLOR4</td>
<td>3</td>
</tr>
</table>
</td>
</tr>
</table>
</body><script type="text/javascript">
				function changeImage(attElement, nameElement) {
				document.getElementById('imageAttachment').src = attElement;
				document.getElementById('imageName').innerHTML = nameElement;}
			</script></html>
]]></description>
      <styleUrl>#PolyStyle00</styleUrl>
      <MultiGeometry>
        <Polygon>
          <extrude>0</extrude><altitudeMode>clampToGround</altitudeMode>
          <outerBoundaryIs><LinearRing><coordinates> -111.5940492969865,40.57707530025311,0 -111.5942589646721,40.57713638234934,0 -111.5945560608927,40.57719701475568,0 -111.5958216838218,40.57748868612205,0 -111.5971181001005,40.57778739132601,0 -111.5978872645962,40.57791944600735,0 -111.5983491477726,40.57790894624171,0 -111.59851534149,40.57786394235384,0 -111.5985306604606,40.57785935872388,0 -111.5986332956767,40.5778417099035,0 -111.5988684880928,40.57771707022209,0 -111.5994685186852,40.57743198127152,0 -111.5998364821003,40.57722467031979,0 -111.6001068561362,40.57707101678065,0 -111.6004040808159,40.57688118798959,0 -111.6006907116635,40.57669591780704,0 -111.6009853042795,40.57647637221185,0 -111.6012775316313,40.57625683749542,0 -111.60174054399,40.57584632678071,0 -111.6021141101975,40.57547501870724,0 -111.6023437887544,40.57513238643359,0 -111.6023461028146,40.57512696882303,0 -111.6025551623408,40.57472498635267,0 -111.6026889987417,40.57423510814719,0 -111.6027087706611,40.57380528389913,0 -111.6026643103427,40.57345867597484,0 -111.6025932320442,40.57277887983347,0 -111.602403965997,40.57235735312346,0 -111.60204588405,40.57181778916431,0 -111.6019468034674,40.57143993404343,0 -111.6019324600673,40.57128956164318,0 -111.6019040247953,40.57101674212701,0 -111.6018544306051,40.57075574412639,0 -111.6018041096778,40.57041367042741,0 -111.60182523446,40.57013428635631,0 -111.6019803151191,40.56964249732816,0 -111.6020811626879,40.56929513155468,0 -111.6022797137218,40.56877698885576,0 -111.6026372045774,40.56806702989127,0 -111.6029038092823,40.56749808215219,0 -111.6031496961419,40.56725355992029,0 -111.603463293516,40.56691949610192,0 -111.6034679701454,40.56691406622549,0 -111.6039083638235,40.56649285401097,0 -111.6039130485377,40.56648832487699,0 -111.6039364712104,40.56646568056732,0 -111.6043054506201,40.5661169102811,0 -111.6045367470429,40.5658537230962,0 -111.6045814157704,40.56580285940151,0 -111.6049895042343,40.5653376685679,0 -111.6051731908452,40.56514031419361,0 -111.6054294155171,40.56486510296402,0 -111.605432902777,40.56485877826385,0 -111.6055913745763,40.56461651067821,0 -111.6056773244844,40.56445390066883,0 -111.6057265548569,40.56441130147892,0 -111.605735971896,40.56440764844169,0 -111.6057736409508,40.56439303629081,0 -111.605784232088,40.56438847630545,0 -111.6059377918993,40.56438767104012,0 -111.6060211277099,40.56445930481257,0 -111.6061342552486,40.56455961066368,0 -111.6063184682723,40.56468296596325,0 -111.6065731244857,40.56475820398582,0 -111.6072737106943,40.56489776442147,0 -111.6080635768658,40.56498189621156,0 -111.6087202920508,40.56510275989645,0 -111.6091466001454,40.56521762762309,0 -111.6098760986314,40.56554800669868,0 -111.6104488932026,40.56579272487311,0 -111.6104571945342,40.56579628434404,0 -111.6104678584349,40.56579983153133,0 -111.6106482275676,40.56586293089821,0 -111.6107214663143,40.56588857939369,0 -111.6109781751781,40.5659286629532,0 -111.6111140193137,40.56592794437284,0 -111.6112059528999,40.56590493546513,0 -111.6112754825029,40.56588654989752,0 -111.6113123727183,40.56586419336265,0 -111.6113565464741,40.56583747346871,0 -111.611461104085,40.56577385817278,0 -111.6116251678969,40.56562884842833,0 -111.6120705885474,40.56537694447431,0 -111.6120788323867,40.56537419774113,0 -111.6122897747818,40.56531812614466,0 -111.6126378476999,40.56527303872195,0 -111.6131228157824,40.56534253625935,0 -111.6137322921599,40.5654636224434,0 -111.6142345195741,40.56548257385092,0 -111.6142522469279,40.56548338046793,0 -111.6143372392318,40.5654766224913,0 -111.6146772075494,40.56544958921302,0 -111.6150667709556,40.56542048956302,0 -111.61582728737,40.56526508921994,0 -111.6165474325973,40.56521620409541,0 -111.6173541628416,40.565205589737,0 -111.6180994851514,40.56519709975034,0 -111.6184491489858,40.56519703014349,0 -111.6184940117494,40.56519408754843,0 -111.6185318029751,40.56519298407521,0 -111.6190078184475,40.56518773217042,0 -111.6195630015476,40.56518475613635,0 -111.6198900386167,40.56516498369284,0 -111.6202647411931,40.56518999916992,0 -111.6203783232793,40.56520920860967,0 -111.6205191162338,40.56523277665819,0 -111.6208600457487,40.56531022237012,0 -111.6217594830286,40.56548826452678,0 -111.622211060732,40.56552276957,0 -111.6227284463182,40.56551998189782,0 -111.6230236659583,40.5655084804457,0 -111.6233813221038,40.56560564834144,0 -111.6238407331165,40.56572028318401,0 -111.6240784659683,40.56576422316715,0 -111.6243614038417,40.5658165677289,0 -111.6246001320268,40.56586581682359,0 -111.624825366618,40.5659122557066,0 -111.6251542416401,40.56596272761355,0 -111.625354208419,40.56599768075674,0 -111.6254369216971,40.56599993544538,0 -111.6254853777218,40.56600237575,0 -111.6255220137141,40.56600397873524,0 -111.6256388153623,40.5659880314527,0 -111.6256741937131,40.56598153352601,0 -111.6256978023371,40.56597960434725,0 -111.6257261271163,40.56597674777048,0 -111.6258099039997,40.56596638466039,0 -111.6258785092363,40.56597592273433,0 -111.6259577702887,40.56598810583564,0 -111.6261608623065,40.56597799590213,0 -111.6262957353632,40.56599978736206,0 -111.6264308347954,40.56604590064188,0 -111.6265209546831,40.56608234822167,0 -111.6266087200863,40.56611970884697,0 -111.6266276457927,40.5661223088313,0 -111.6266654873241,40.56612660801766,0 -111.6267388266822,40.56613702091894,0 -111.6268095672142,40.56612222284753,0 -111.626833166855,40.56611939220849,0 -111.6268449716161,40.56611842727989,0 -111.6270929758048,40.56611077540935,0 -111.627270728145,40.56617016967892,0 -111.6274249724726,40.56624230311449,0 -111.6275610196274,40.56626318551938,0 -111.6277230532468,40.56628392665915,0 -111.6278899566333,40.56631995579286,0 -111.6280913598184,40.56638192255465,0 -111.6282632317867,40.56644405030725,0 -111.6288410775848,40.56671567515028,0 -111.6291470680251,40.56684463787788,0 -111.6293862741139,40.5669063967035,0 -111.6296640412846,40.56692290060755,0 -111.630124990213,40.56694741386205,0 -111.6304262132941,40.56694576995524,0 -111.6304368448555,40.56694571195104,0 -111.6305679324117,40.56694139302759,0 -111.6306328850983,40.56693923663657,0 -111.6307037271399,40.56693524663063,0 -111.6310109168311,40.56693987536504,0 -111.6314522240959,40.56701133648799,0 -111.63220985602,40.56717926163775,0 -111.6329756680031,40.56733722676549,0 -111.633499719987,40.56741363211589,0 -111.6336975631485,40.56747290580977,0 -111.6338341744454,40.56755323614695,0 -111.6339487249155,40.56767422689056,0 -111.6340609981563,40.56780423865693,0 -111.6342987004653,40.56795608398441,0 -111.6346640174436,40.56811083117327,0 -111.6351329236489,40.56822626967364,0 -111.6352913020233,40.56823440784568,0 -111.6354555868208,40.56824251326203,0 -111.6355819681032,40.56824001571847,0 -111.6358346956336,40.56823141829927,0 -111.6359302611085,40.56821827957911,0 -111.6364033525647,40.56815171179804,0 -111.6368460369468,40.56811774173934,0 -111.6374946502264,40.56812317288286,0 -111.6376881248807,40.56809507819166,0 -111.6377281349451,40.56807864145097,0 -111.6378022477527,40.56804580071221,0 -111.6379090529484,40.56798476217875,0 -111.637912570751,40.56798204011871,0 -111.6380377617657,40.56784180167419,0 -111.6380412625003,40.56783727809064,0 -111.6380960381731,40.56775859880519,0 -111.6381833337575,40.56762118227937,0 -111.6384671915058,40.5670349407516,0 -111.6387459342469,40.5665325086574,0 -111.6389963063946,40.56615275320677,0 -111.6391875469388,40.56574143325824,0 -111.6392394066802,40.56562979698604,0 -111.6394957220819,40.56525451171995,0 -111.6400152717096,40.56461110654722,0 -111.640401006496,40.56418194999883,0 -111.6406579632948,40.56387512588244,0 -111.6408452728113,40.56369751346357,0 -111.6410027510739,40.56348853575711,0 -111.6412123684539,40.56317296435083,0 -111.641444988095,40.56279240093247,0 -111.6417132385136,40.56243235930022,0 -111.6420047633828,40.56215957396861,0 -111.6424684970887,40.56186060518225,0 -111.6427627142089,40.56174635818828,0 -111.643001604989,40.56165223799872,0 -111.6431069306595,40.56159867950206,0 -111.643327220025,40.561486463738,0 -111.6435199400945,40.56138178895706,0 -111.6441795963638,40.56106730774741,0 -111.6446791557815,40.56093389309836,0 -111.6448287746836,40.56089251805582,0 -111.6449812789745,40.56078265970707,0 -111.6450546282141,40.56067144170546,0 -111.6452076607143,40.56037059289473,0 -111.6453711702657,40.56017689011023,0 -111.6455674045445,40.55994696927011,0 -111.6456542339033,40.55976360476281,0 -111.6456950758077,40.55958860487655,0 -111.6457173136025,40.55944433928324,0 -111.6457824163078,40.55884398674225,0 -111.6458935675528,40.5581190543223,0 -111.6460356639628,40.55754169349695,0 -111.6460800973317,40.55712613757599,0 -111.6461947618878,40.55664442368639,0 -111.6463145198916,40.55632394006535,0 -111.646486953307,40.55607703394441,0 -111.6466627715744,40.55593641291852,0 -111.6467718746606,40.55585922663715,0 -111.6472334425284,40.55546475694545,0 -111.647736472138,40.55508356614801,0 -111.6481197248792,40.55477511618463,0 -111.6484461879249,40.55445707389661,0 -111.6486983369403,40.5541493574998,0 -111.648929451005,40.55374266100961,0 -111.6492025999368,40.55328618022635,0 -111.6494937124793,40.5528557224905,0 -111.6497948708817,40.55248736856632,0 -111.649889901859,40.55229945012105,0 -111.6499521865492,40.55214504860715,0 -111.6499799786275,40.55196561608921,0 -111.6500427609844,40.55161842204345,0 -111.650093692766,40.55138931067811,0 -111.6501355255122,40.55131844581744,0 -111.6501517922054,40.55129078705539,0 -111.6503088249035,40.55116377925477,0 -111.6504886882847,40.55107718310617,0 -111.6506856861315,40.55105265038851,0 -111.6509492724971,40.55107458868055,0 -111.6512511657214,40.55114946249312,0 -111.6517178719526,40.55129097271218,0 -111.6520413409133,40.55136184852288,0 -111.652339246516,40.55142710269155,0 -111.6528244589403,40.55152796387951,0 -111.6532217541461,40.5515752672732,0 -111.6537358806445,40.55161289878043,0 -111.6540903980764,40.55163341443753,0 -111.6547109470881,40.55168395239798,0 -111.6555266155695,40.5517595060385,0 -111.6562301087264,40.55183749290664,0 -111.6567365016284,40.55180848972267,0 -111.6570865445519,40.55173352791456,0 -111.6574456910025,40.55162337878254,0 -111.6580178019559,40.55143093595051,0 -111.6582814233558,40.55134754340711,0 -111.6584776980588,40.55128552518653,0 -111.6590480330428,40.55110524944698,0 -111.6596376728222,40.55089468027608,0 -111.66017770853,40.55068439234364,0 -111.6607595823738,40.55040539552795,0 -111.6613936815733,40.5500333046803,0 -111.6616163802205,40.54986086154643,0 -111.6617136111719,40.54978012636841,0 -111.6618050875156,40.54971473817471,0 -111.6618456491456,40.54963612905303,0 -111.66186625021,40.54956934552662,0 -111.6618650886884,40.54945133633347,0 -111.6618206319633,40.54925429689207,0 -111.6616338803005,40.54875897905378,0 -111.6615513817198,40.54829639605117,0 -111.6613656182039,40.54790107019748,0 -111.6612753941117,40.54761330335553,0 -111.6612618780599,40.5473196922022,0 -111.6613763360035,40.54694967366661,0 -111.6615728451669,40.54651702429249,0 -111.6618679534158,40.5459036332206,0 -111.6622341938622,40.54531866162618,0 -111.6624250984365,40.54491757389192,0 -111.6625922416732,40.54450220789617,0 -111.6628175472313,40.54399731985135,0 -111.6631299821854,40.54334688941152,0 -111.6633910065559,40.5428724257761,0 -111.6635419199303,40.54260850073713,0 -111.6636677855797,40.54231949398436,0 -111.6636941340653,40.54211754438371,0 -111.66376872298,40.54165856432684,0 -111.6638669492647,40.54144088624738,0 -111.6639871591211,40.54129695496943,0 -111.6641104412158,40.54122507659554,0 -111.664263590497,40.54118816014515,0 -111.6650528610854,40.54099443395062,0 -111.6656427955122,40.54082437258413,0 -111.6663310200043,40.54056365280856,0 -111.6671192054278,40.5402618125176,0 -111.6678661006876,40.53996470932926,0 -111.6681538714973,40.53980989502881,0 -111.6684398789141,40.53959653231255,0 -111.6686625254589,40.53942407527709,0 -111.6689016291398,40.53924431580423,0 -111.6691841007876,40.5391507900051,0 -111.6694625030672,40.53912305112246,0 -111.6696755861476,40.53905785323386,0 -111.6699866502726,40.5388713682985,0 -111.6702211878168,40.53870784853973,0 -111.670460312159,40.53853078855657,0 -111.6709723374978,40.5382485413215,0 -111.6713536346067,40.53811930163113,0 -111.6716366730915,40.53808342253303,0 -111.6719367912448,40.53810239807593,0 -111.6721631451368,40.5380659468691,0 -111.6722327187572,40.53805653316576,0 -111.6722833747561,40.53804452726149,0 -111.6724998489766,40.53796488995376,0 -111.6726851911827,40.53784219133667,0 -111.6728927415392,40.53769684118517,0 -111.673074079954,40.53752822014109,0 -111.6735120365028,40.53702054050933,0 -111.6736624953297,40.5367401186227,0 -111.6737417096698,40.53651443477884,0 -111.6737868257583,40.53618534818111,0 -111.6738886318295,40.53573971630778,0 -111.6741207556006,40.53533746725152,0 -111.6743297603295,40.53498490200749,0 -111.6745567502288,40.53454214191527,0 -111.6747698845131,40.53413099439047,0 -111.675002215795,40.53375036353388,0 -111.6751639475805,40.53339446907108,0 -111.6752742121883,40.53320463861903,0 -111.6754365242854,40.53302441321035,0 -111.6756712540692,40.53288340308591,0 -111.6758184654864,40.53284560607089,0 -111.6760398687629,40.53278845579667,0 -111.6763475525275,40.53262269337155,0 -111.6765862375934,40.5325230995787,0 -111.6771983280684,40.53233573276891,0 -111.6772595796961,40.53230951838798,0 -111.6777884996505,40.53208272652541,0 -111.6781746162209,40.53185073467903,0 -111.6783274636682,40.5317867750686,0 -111.6784510673597,40.53175001386607,0 -111.6786044241517,40.5317365006609,0 -111.6787795947338,40.53177871439733,0 -111.6790633132433,40.5319301983231,0 -111.6796636312965,40.53221495262903,0 -111.680215775396,40.53252250968006,0 -111.6806357773172,40.53272273558379,0 -111.6809631341865,40.53286855260303,0 -111.6811348040339,40.53291438692725,0 -111.6813485581558,40.53291853189657,0 -111.6814982650929,40.53289422602781,0 -111.6817100069885,40.53281640144432,0 -111.6819919037145,40.53267059591837,0 -111.6823493990616,40.53241173222604,0 -111.6830061726372,40.53197542631679,0 -111.6834054773742,40.53176496018339,0 -111.6837879117502,40.53163747429171,0 -111.6840822465497,40.53155465178988,0 -111.6843935568131,40.53139965760583,0 -111.6845581578176,40.53133111621073,0 -111.6846868010578,40.53132584935999,0 -111.684880745531,40.53135623104015,0 -111.6852180054281,40.5314308066794,0 -111.6862592588436,40.53164984866996,0 -111.6870109412255,40.53183907245655,0 -111.6876562127722,40.53201361026383,0 -111.6885265015178,40.53236968274951,0 -111.6893641382994,40.53276468242618,0 -111.6901766851351,40.53313009567743,0 -111.6905737791183,40.53328087400327,0 -111.6910056558692,40.53336928195191,0 -111.6916140372004,40.53351338729316,0 -111.6926317852982,40.53373791785571,0 -111.6934974099908,40.53398046922528,0 -111.6943440110607,40.5342096148826,0 -111.6950076486633,40.53444345901088,0 -111.6954284671531,40.53460308668286,0 -111.6956661883268,40.53475480659279,0 -111.69593379106,40.53494148049625,0 -111.6962533721122,40.53506189524158,0 -111.6962656996929,40.53506650569788,0 -111.6967205418741,40.53520430173459,0 -111.6973321059363,40.53542493305917,0 -111.6977398467522,40.53557472173595,0 -111.6979427842598,40.53567349445881,0 -111.6980019967117,40.53569025320731,0 -111.6980837460975,40.53571678577876,0 -111.698227772987,40.53571411429344,0 -111.6983290238993,40.5356855745218,0 -111.6984652372425,40.53561268038196,0 -111.6986008792571,40.53548483518869,0 -111.6987502870552,40.53531816867951,0 -111.6989131588027,40.53519736592376,0 -111.6990856254558,40.5350909186495,0 -111.6992436516907,40.53495843332262,0 -111.6994117228871,40.53477003147651,0 -111.6996289786419,40.53454259388418,0 -111.6998797137091,40.53435549284318,0 -111.7007602127062,40.5338690824472,0 -111.7014241099219,40.53367316533581,0 -111.701808331047,40.53360596853695,0 -111.7021316454976,40.53358598672407,0 -111.7026394730092,40.53359641287933,0 -111.70273863983,40.53359490879846,0 -111.7029050662111,40.53358939224202,0 -111.7029936167419,40.5335888535585,0 -111.7034480879189,40.53357797952307,0 -111.7044628940341,40.53351774319294,0 -111.7051463098444,40.53360816764887,0 -111.7054174384651,40.53367858357061,0 -111.7055428630417,40.5337039433069,0 -111.7056396394456,40.5336997485461,0 -111.7056915989,40.5337003322897,0 -111.7059178045699,40.53365300534735,0 -111.7061126132225,40.53353920452958,0 -111.7064339864137,40.53333454049388,0 -111.7067516765122,40.5332289955811,0 -111.7074585554194,40.53308052755557,0 -111.7079948532373,40.53299165905361,0 -111.7084587082157,40.53297530245172,0 -111.7088844584564,40.53292854782364,0 -111.709433445876,40.53281166657266,0 -111.710429001993,40.53260735466307,0 -111.7113759754228,40.53249882702141,0 -111.7120964449419,40.53252051467567,0 -111.7126286895612,40.53260732189096,0 -111.7128773414352,40.53267335423446,0 -111.7129789723349,40.53268173637408,0 -111.713078242462,40.53269013285042,0 -111.7131925261325,40.53266690496351,0 -111.71334627459,40.53257947105869,0 -111.7134935641606,40.53243982482292,0 -111.713853664622,40.53210427298359,0 -111.7140413379562,40.53187608964504,0 -111.71419709864,40.53153369096572,0 -111.7144162992474,40.53105036190083,0 -111.7147406988628,40.53046728365695,0 -111.7150241451827,40.52991959290997,0 -111.7153240522319,40.52933252077374,0 -111.7153306431711,40.52931950688014,0 -111.7156266623118,40.52884470833455,0 -111.715945559746,40.52830130047944,0 -111.7163754359488,40.52764729475518,0 -111.7168079711649,40.52724371753862,0 -111.7171990581137,40.52693949363636,0 -111.7173505805459,40.52686648209783,0 -111.7177097611325,40.52667056090024,0 -111.7180155952659,40.52656505875084,0 -111.7184436478887,40.52640654472129,0 -111.7188433227317,40.52613379289347,0 -111.7192711157413,40.52584104490811,0 -111.719973160814,40.5253610042456,0 -111.7202267354557,40.52522699336409,0 -111.7203854776479,40.52516744601175,0 -111.7205670936422,40.52514919674894,0 -111.72083795187,40.52519615550763,0 -111.7211572706141,40.52524821631799,0 -111.7214123005267,40.52525022792675,0 -111.721677276586,40.52529902273543,0 -111.7217720946626,40.52533356487726,0 -111.721950283584,40.52543605429184,0 -111.7220443084482,40.52550663653341,0 -111.7221110945963,40.52556928155634,0 -111.7223912728452,40.52582428301345,0 -111.7226511240159,40.52594517846021,0 -111.7229366086132,40.52603438269453,0 -111.7232625030252,40.52614855746814,0 -111.7237433307726,40.52639779512491,0 -111.7242013664646,40.52672284794182,0 -111.7244679019993,40.52691576871878,0 -111.7246765644701,40.52710634895672,0 -111.7249670616667,40.5275504657508,0 -111.7252399330191,40.52778298390266,0 -111.7254719004833,40.52794458775936,0 -111.7256833522231,40.52806487988442,0 -111.7258695846596,40.52814569108076,0 -111.7263027666627,40.52835377606595,0 -111.7264514171809,40.52845284006172,0 -111.7265348158736,40.52852258475229,0 -111.7265902994188,40.52863124310201,0 -111.7265860988965,40.5287889250098,0 -111.7265875586589,40.52892404854435,0 -111.7266198108725,40.5290679872859,0 -111.7266845838961,40.52916217307669,0 -111.7268025803036,40.52926503285182,0 -111.7270207909676,40.52935464984927,0 -111.7272944896683,40.5294439164585,0 -111.727661494581,40.52953619880346,0 -111.7279863029299,40.52954766615069,0 -111.7283056468269,40.52959970719416,0 -111.7284658460864,40.52967437150158,0 -111.7286144445024,40.52976802796753,0 -111.7287615211723,40.52983016238429,0 -111.7289271552394,40.52986154911211,0 -111.7289685738622,40.52987029689076,0 -111.7291833538601,40.52986083355852,0 -111.7293905430938,40.52980457176753,0 -111.729608463602,40.52975815153824,0 -111.7298078860018,40.52974788387375,0 -111.7300430191291,40.52976441605542,0 -111.7302795778827,40.52980346088329,0 -111.730568082616,40.52984217727101,0 -111.7308648518499,40.52988084037959,0 -111.731190940298,40.52990129919485,0 -111.7315387697727,40.52996666371592,0 -111.7317282038048,40.53001501333308,0 -111.731799235391,40.5300325812237,0 -111.7322974787768,40.53024924079915,0 -111.7325948265257,40.53044915395717,0 -111.7326683536318,40.53058742445776,0 -111.7327350140157,40.53074555717113,0 -111.7329097255587,40.53106786738817,0 -111.7330875120349,40.5312388090269,0 -111.7333976643699,40.53152962852511,0 -111.7336308238985,40.5317975128426,0 -111.7336853758908,40.53192779501115,0 -111.7337653124764,40.53211196902337,0 -111.7339274592834,40.53236408825818,0 -111.7340987491435,40.5324801147998,0 -111.7343653960693,40.53257031125114,0 -111.7345286172615,40.5325961199752,0 -111.7346610873248,40.53261707910151,0 -111.7348506785622,40.53267893572773,0 -111.7349335400623,40.53269822823238,0 -111.7349809037356,40.53271053891891,0 -111.7350799888098,40.53270180038678,0 -111.7351177198484,40.53269705594849,0 -111.7352747049359,40.53258434727651,0 -111.7354060305456,40.53250063017278,0 -111.7356005885681,40.53236876307907,0 -111.7361392471586,40.53206804040966,0 -111.7362982552521,40.53192468777445,0 -111.7363902005163,40.53169527690202,0 -111.7364971350694,40.53132523214021,0 -111.7366506948807,40.53068462391596,0 -111.7367228996666,40.53037786273823,0 -111.7367196836979,40.53008419447164,0 -111.7366381211617,40.52964418092074,0 -111.7366815439259,40.52918895676761,0 -111.7367728424032,40.52890099209787,0 -111.7369171720249,40.5287117866438,0 -111.7371798133629,40.52854524872263,0 -111.7373993652116,40.52843303901835,0 -111.7375680283977,40.52820223625966,0 -111.7377070193318,40.52795720931018,0 -111.7378035235461,40.52760614836875,0 -111.7379198993928,40.52745225460979,0 -111.7381042121296,40.52724927831707,0 -111.7383354447719,40.52712618180127,0 -111.7385991685798,40.52695152611162,0 -111.7387255229127,40.52673901010282,0 -111.7387700739609,40.52649548614085,0 -111.7387976908677,40.52621513355321,0 -111.7389154240688,40.5256477229517,0 -111.7390931099337,40.52516461227562,0 -111.739260670887,40.52483471677272,0 -111.7396433738593,40.5242079531798,0 -111.7398128616989,40.52405371770955,0 -111.7399230355769,40.52398094133859,0 -111.7401407818119,40.52392098932043,0 -111.74045185492,40.52386674443576,0 -111.7408240646715,40.52378958538193,0 -111.7411474186479,40.52367129723957,0 -111.742098641109,40.52321474876179,0 -111.7426323167446,40.52289961304943,0 -111.7431730531383,40.52268983336014,0 -111.7437200777389,40.52251514562425,0 -111.7438309010989,40.5225018197078,0 -111.7439656133573,40.52251356481493,0 -111.7442257627686,40.52255242949632,0 -111.7444390830042,40.52262673018238,0 -111.7448556255132,40.52292944612334,0 -111.74584820641,40.52354465496931,0 -111.7464368400763,40.52392823562522,0 -111.7468873038688,40.52420099574567,0 -111.7474040480579,40.52438233605618,0 -111.7477231422232,40.52441270381333,0 -111.7478528562553,40.5243992519495,0 -111.7482965108179,40.52437746060723,0 -111.7485848915837,40.52440622301976,0 -111.74868652428,40.52441547476038,0 -111.7488102959565,40.52439845644582,0 -111.7490932023889,40.52435968638333,0 -111.7496126460154,40.52425271591036,0 -111.7498422787582,40.52420077587187,0 -111.7499945620635,40.52419978780556,0 -111.7501827115048,40.52423910627896,0 -111.7503780447735,40.52428738696474,0 -111.7504612215823,40.52433549417525,0 -111.7507581938354,40.52449932828902,0 -111.7511432728516,40.52462385060603,0 -111.751586539342,40.52477862351871,0 -111.7520262655719,40.52493341724173,0 -111.7523348485501,40.52507915424862,0 -111.7527804380839,40.52544111061252,0 -111.7530021809235,40.52563335635261,0 -111.7530693138214,40.5256716572619,0 -111.7531209983912,40.52570104936436,0 -111.7533404020179,40.52578970766631,0 -111.7542050664115,40.52604172026861,0 -111.7548270635075,40.52623585364088,0 -111.7551761766747,40.52631014751263,0 -111.7553704400498,40.52636743577811,0 -111.755555856816,40.5264779330277,0 -111.7557352431917,40.52668216188626,0 -111.755963461088,40.52702931175824,0 -111.7560502958366,40.5272972079205,0 -111.7561948563254,40.52755391527496,0 -111.7563609781776,40.52773300487556,0 -111.7565560671045,40.52786325670936,0 -111.7568715123131,40.52798731530108,0 -111.7572040443768,40.52816080890135,0 -111.7575246468135,40.52842807236954,0 -111.7577868300106,40.52853986489524,0 -111.7578529514055,40.52854033192609,0 -111.7579178421083,40.52853630276086,0 -111.7580850149894,40.52849376538592,0 -111.7582427025594,40.52844768632866,0 -111.7586665241172,40.52844490462362,0 -111.7589186946922,40.52850631036036,0 -111.7591803613581,40.52857215761134,0 -111.7594761631064,40.52862877139243,0 -111.7596188272516,40.52871612032361,0 -111.7597916370611,40.52885912545455,0 -111.7600764802613,40.52909508577974,0 -111.7602793450053,40.52918113749045,0 -111.7605634057729,40.52924323080135,0 -111.761171809562,40.5292752596231,0 -111.7612202027046,40.52927404016704,0 -111.761934256456,40.52925221695316,0 -111.7623884716131,40.52922219414766,0 -111.7625603759208,40.52918051956816,0 -111.7626497933259,40.52915290287324,0 -111.7626904393976,40.52909317670458,0 -111.7627226574752,40.52901909143726,0 -111.7626496891213,40.52883128808579,0 -111.762632384874,40.5287629345625,0 -111.762631686883,40.52859717651809,0 -111.7626833409102,40.52846710773407,0 -111.7627519829777,40.52837746701749,0 -111.7629168076626,40.52823223767259,0 -111.7631855153237,40.52798181876696,0 -111.7633894023505,40.52774173722766,0 -111.7635456580059,40.52746593460041,0 -111.7637479738792,40.52719162891751,0 -111.7639997851281,40.52701339069883,0 -111.7642108999997,40.52689037500421,0 -111.7644929988467,40.52678040283383,0 -111.7647266443639,40.52666624620693,0 -111.7650090010273,40.52647519084417,0 -111.7652568641805,40.52626184165412,0 -111.765505691226,40.52602956677101,0 -111.7657178373635,40.52589392938199,0 -111.7658992683048,40.52575669323234,0 -111.766009981172,40.52562983503316,0 -111.7661084167642,40.52546161789805,0 -111.7662308409678,40.52532657410146,0 -111.7663883623495,40.52516337021147,0 -111.766486796145,40.52499515258847,0 -111.7665502459502,40.52486500375085,0 -111.7666947902693,40.52470278611307,0 -111.76688197492,40.5245528980215,0 -111.767104727466,40.52441628665194,0 -111.7676057125101,40.52414269366189,0 -111.7678674681092,40.52390672409449,0 -111.7680718411245,40.5237116751122,0 -111.7683879358151,40.52347894685921,0 -111.768721388652,40.52331907417713,0 -111.7690148170513,40.52316937623736,0 -111.7692088073386,40.5229960158461,0 -111.7694130815393,40.52279285739333,0 -111.7696342817965,40.52262472054348,0 -111.7697681325705,40.52256076646774,0 -111.7699105550689,40.52252378237358,0 -111.770129304722,40.52245115456974,0 -111.7704453410221,40.52231751822175,0 -111.7707396174311,40.52224258418377,0 -111.7710391112553,40.52221085723872,0 -111.7714047399489,40.52218138985707,0 -111.7717288467135,40.52213418179139,0 -111.7723243848312,40.52197615099095,0 -111.7726667040398,40.52187026041547,0 -111.7729002246912,40.52185068140597,0 -111.7731304628985,40.52185364502593,0 -111.7734666295459,40.52182887352929,0 -111.7735072046506,40.52181553859916,0 -111.7738029929242,40.52171851474797,0 -111.774009299114,40.52159100906198,0 -111.7743540150279,40.52138600056286,0 -111.7745600202821,40.52133507099478,0 -111.774800434605,40.52129922524714,0 -111.7750719647726,40.52130010682894,0 -111.7752313645316,40.5213026409497,0 -111.7753140050462,40.52130298784628,0 -111.7753966868832,40.52130693755085,0 -111.7754566296655,40.52128401300886,0 -111.7758503603562,40.52113272353661,0 -111.7762020471967,40.52091865330073,0 -111.7765604130113,40.52077210418948,0 -111.7774420861065,40.52045086505682,0 -111.7782748962401,40.52009030964672,0 -111.778339388091,40.5200628490001,0 -111.7786508025589,40.51993012226888,0 -111.778940580205,40.51977411784912,0 -111.7793318611899,40.51951472700463,0 -111.7797369070599,40.51932280789082,0 -111.7799897001674,40.51923551773807,0 -111.7807183048297,40.51895132288529,0 -111.7809997685678,40.51879176514466,0 -111.781100329574,40.51870910500327,0 -111.7811699400254,40.51860413185792,0 -111.7812493888257,40.51843152518718,0 -111.7812687951308,40.51827283827043,0 -111.7811723250524,40.51799601739974,0 -111.7810507641299,40.5175914403447,0 -111.781072791719,40.51735345772268,0 -111.7811826251355,40.51715451962341,0 -111.781420186409,40.5168745397626,0 -111.7817131288198,40.51668787631172,0 -111.7820180835025,40.51651914913406,0 -111.7826948194404,40.51624430148708,0 -111.7828292909502,40.51613438355653,0 -111.782940008309,40.51601201374407,0 -111.783090495882,40.51575694354397,0 -111.7831818832925,40.51549506701135,0 -111.7832960681482,40.51516366791364,0 -111.7835223762262,40.51493240765435,0 -111.7837205490694,40.51481935359182,0 -111.7840154758587,40.51470294066659,0 -111.784951523978,40.51449929131816,0 -111.785916040607,40.51430805376124,0 -111.7863169335654,40.51427019163516,0 -111.7865359338486,40.51422275604308,0 -111.7866945907008,40.51416311832837,0 -111.7869998364377,40.5140214026515,0 -111.7875405081527,40.51382402816727,0 -111.7878054851104,40.51377177272352,0 -111.7879181077958,40.51371244671345,0 -111.7879933929049,40.51358941275492,0 -111.7880271668646,40.51344954528693,0 -111.7880713945193,40.51329519218243,0 -111.7880976846144,40.51302024185294,0 -111.7881950332451,40.51266462863963,0 -111.7882522011315,40.51250658371208,0 -111.7883444706876,40.51232217347509,0 -111.7885483262733,40.51209105639875,0 -111.7887054461081,40.51190079748913,0 -111.7889418278936,40.51152441478132,0 -111.7890900337459,40.51107746401747,0 -111.7891628421996,40.51074363833128,0 -111.7891071744998,40.51002240818515,0 -111.7890527958824,40.50941107687598,0 -111.7890565517386,40.50912727202989,0 -111.7891945967466,40.50882092853486,0 -111.7893867436909,40.50859889827453,0 -111.789601911761,40.50832716200866,0 -111.7900380276618,40.50777373888778,0 -111.7902730296351,40.50746267713581,0 -111.7905435932155,40.50710452574744,0 -111.790774815078,40.50669303983502,0 -111.7909363878617,40.50638112749279,0 -111.7911451653169,40.50606889199637,0 -111.7914819580899,40.50560262916336,0 -111.7916827387425,40.505212970548,0 -111.791696348219,40.50496513357887,0 -111.7916108151292,40.50471707439024,0 -111.7915436310275,40.50452384383487,0 -111.7914413183065,40.50435427664645,0 -111.7912061384668,40.50402616188825,0 -111.7906568294503,40.50348038006366,0 -111.7901970941458,40.50302407113517,0 -111.7895696263097,40.50235359475605,0 -111.7892121848615,40.50196415019074,0 -111.7890853732861,40.50171727185538,0 -111.7890425056808,40.5014833333586,0 -111.7890270106404,40.50116812828794,0 -111.7890979622765,40.50067665930646,0 -111.7891112618343,40.50030089805339,0 -111.7891163579769,40.50013149642503,0 -111.7891902632737,40.49989225575409,0 -111.7892393247629,40.49964778041084,0 -111.7893289353058,40.49923816482548,0 -111.789430986617,40.49878251833322,0 -111.7893734099972,40.49850183467913,0 -111.7893475609749,40.4983101218318,0 -111.7893636120723,40.49806857397142,0 -111.7895664004595,40.49785097494839,0 -111.7899479508933,40.4976817030721,0 -111.7905479599261,40.49752444871532,0 -111.7909785736457,40.49741339551078,0 -111.7914472265261,40.49722550498355,0 -111.7920815161684,40.496973414802,0 -111.7924929751113,40.49693996332946,0 -111.7927922183055,40.4968973710671,0 -111.7931416593577,40.49680848806702,0 -111.7935346228872,40.49660759472919,0 -111.7936614632087,40.49656591353694,0 -111.7940107147164,40.4964511733111,0 -111.7947870738192,40.49633953152859,0 -111.7950926366615,40.49623292690698,0 -111.7952111136676,40.49617265291845,0 -111.795522905428,40.49609393179588,0 -111.7958875819075,40.49599682700494,0 -111.7969171347664,40.49574198739999,0 -111.7972762282164,40.4956719442355,0 -111.7974228718983,40.49559886107335,0 -111.7978754593082,40.49555159398713,0 -111.7983163425681,40.49531341701561,0 -111.7985214486088,40.49519488462481,0 -111.7986372180927,40.49510579716163,0 -111.7988840859125,40.49492661562113,0 -111.7993224565847,40.49457674252944,0 -111.7997736372327,40.49431236291559,0 -111.8000498125888,40.49421675846125,0 -111.8001733219572,40.49418347161819,0 -111.8004852592446,40.49411824914166,0 -111.8006785138117,40.49409528934473,0 -111.8010556148899,40.49405213578088,0 -111.8020914999732,40.49383774613614,0 -111.8026335748567,40.49367632717644,0 -111.8027555418178,40.49361286809859,0 -111.8028810274798,40.49354758290084,0 -111.802887669623,40.49354050956536,0 -111.8030431069133,40.49337447656698,0 -111.8030508971034,40.49336478332591,0 -111.8032697877921,40.49309713960632,0 -111.8034473128585,40.49254726349614,0 -111.8035535610987,40.49215553898755,0 -111.8036699836579,40.49202319970983,0 -111.803721423886,40.49188410501679,0 -111.8038619383627,40.49179303880277,0 -111.8040893486735,40.49174560097608,0 -111.8041032384245,40.4917427118571,0 -111.804413660254,40.49174956061967,0 -111.8044673893895,40.49175278995617,0 -111.8045494576772,40.4917576240547,0 -111.8047856535115,40.49177399754548,0 -111.8050806297081,40.49177194257592,0 -111.8050991871052,40.49176469621175,0 -111.8051417052659,40.49174809385732,0 -111.8052233935663,40.49167185018018,0 -111.8053285494552,40.49163382087863,0 -111.8053784841069,40.49161581526135,0 -111.8054075940136,40.4915831802385,0 -111.8057677411875,40.49117968379537,0 -111.8060098856656,40.49074655957944,0 -111.8060669556356,40.49067409001304,0 -111.8061308860394,40.49060301473872,0 -111.8064989770153,40.49019360490895,0 -111.8066775755685,40.49001209015147,0 -111.8068475529899,40.4898398245826,0 -111.8072786643762,40.48938276564218,0 -111.8073896709925,40.4892919009917,0 -111.8076467086397,40.48927569086177,0 -111.8078788710383,40.48925154611633,0 -111.8079882355343,40.48920087225156,0 -111.808084222319,40.4891564174702,0 -111.8081626335652,40.4891222659247,0 -111.8082544261159,40.48908225527786,0 -111.8085000883967,40.48890486334282,0 -111.8088575208617,40.4887005631382,0 -111.8090166421429,40.48864692718594,0 -111.8091983255108,40.488585566243,0 -111.8097744043227,40.48850945971222,0 -111.8098798422826,40.48849556817894,0 -111.8103870032442,40.48842859049335,0 -111.8104371364236,40.48841751851901,0 -111.8110589601447,40.4882797342521,0 -111.8113156806866,40.48829649050219,0 -111.8119472062128,40.48840583780954,0 -111.8127269914901,40.48854927393867,0 -111.8163141970833,40.48916695643084,0 -111.8222233877858,40.4865150992479,0 -111.8224169477801,40.4863359767547,0 -111.8263184244838,40.4863356242114,0 -111.8263162802052,40.48484277537306,0 -111.8263215218749,40.48273024075778,0 -111.8313550474148,40.4827268449549,0 -111.8322743653103,40.48272554334431,0 -111.83322565784,40.48272427453018,0 -111.8333264155772,40.48272417887375,0 -111.8333168116885,40.48189038446576,0 -111.8333149997865,40.48179157007851,0 -111.8347887650619,40.4817759792293,0 -111.834822833669,40.48142132298709,0 -111.8348231534693,40.48141861790746,0 -111.8348234687779,40.48141546255049,0 -111.8348238945794,40.4814117660408,0 -111.8348243284657,40.48140869950906,0 -111.8348248674548,40.48140455203836,0 -111.834825406444,40.4814004940763,0 -111.834826067604,40.48139670532379,0 -111.8348265059819,40.48139399955988,0 -111.8348269443598,40.48139129379592,0 -111.8348273827376,40.48138858803183,0 -111.8348279396931,40.48138588090109,0 -111.834828378071,40.48138317513679,0 -111.8348289332298,40.48138037849689,0 -111.834829489287,40.4813776720491,0 -111.8348300453441,40.48137496491795,0 -111.8348307154873,40.48137189770124,0 -111.834831495225,40.48136819777277,0 -111.8348321698598,40.4813654906412,0 -111.834832840003,40.48136242274082,0 -111.8348337392166,40.48135881232071,0 -111.834834412953,40.48135610518876,0 -111.8348350875878,40.4813533973734,0 -111.8348359939879,40.48135032810595,0 -111.8348370099825,40.48134662680967,0 -111.8348377987033,40.48134364841739,0 -111.834839045565,40.4813395856687,0 -111.8348402942232,40.48133561242867,0 -111.8348414287954,40.48133191044834,0 -111.8348423396871,40.48132929145771,0 -111.8348434742593,40.48132558947704,0 -111.8348444992371,40.48132260903397,0 -111.8348456418941,40.48131962790748,0 -111.8348470082316,40.48131565398299,0 -111.8348484931468,40.48131167937503,0 -111.8348502053357,40.48130707273782,0 -111.8348513479928,40.48130409161065,0 -111.8348523774621,40.48130147125236,0 -111.8348534069314,40.48129885157731,0 -111.83485455408,40.48129623053553,0 -111.8348556985337,40.48129333960013,0 -111.8348573056197,40.48128972439336,0 -111.8348584527684,40.48128710335128,0 -111.8348597149013,40.48128421173225,0 -111.8348613219874,40.481280596525,0 -111.8348625877136,40.4812780649915,0 -111.834864195698,40.48127453929295,0 -111.8348655746119,40.48127155679777,0 -111.8348673020722,40.48126812060791,0 -111.8348687986655,40.4812651367459,0 -111.83487006529,40.48126260521187,0 -111.8348715645782,40.48125980173425,0 -111.8348734070229,40.48125618515915,0 -111.8348747913268,40.48125365225821,0 -111.8348761765289,40.48125112004047,0 -111.8348775608328,40.48124858782263,0 -111.8348789451366,40.48124605492141,0 -111.8348803303388,40.48124361289571,0 -111.8348819473063,40.48124080805077,0 -111.8348846045229,40.48123628476826,0 -111.8349452812288,40.48113422590533,0 -111.8349467832119,40.48113169231654,0 -111.8349482851951,40.48112915941091,0 -111.8349496712956,40.48112671669768,0 -111.8349510555994,40.48112418447515,0 -111.8349525575826,40.481121650886,0 -111.8349538242071,40.48111911934651,0 -111.834955208511,40.48111658644045,0 -111.8349565919165,40.48111396402503,0 -111.8349578585411,40.48111143248525,0 -111.8349593578293,40.48110862900137,0 -111.8349610825946,40.48110501310136,0 -111.8349628091566,40.48110157690292,0 -111.8349641880706,40.48109859440008,0 -111.8349654546951,40.48109606217649,0 -111.8349666018437,40.48109344181014,0 -111.8349678639767,40.48109054949943,0 -111.8349694710627,40.48108693428173,0 -111.8349707331957,40.4810840426541,0 -111.8349723402818,40.48108042743605,0 -111.8349733688528,40.48107780706903,0 -111.8349745168997,40.48107518670196,0 -111.834975546369,40.48107256633475,0 -111.834976689026,40.48106958519715,0 -111.8349780598552,40.4810659720282,0 -111.8349792025122,40.48106299089032,0 -111.8349805688498,40.48105901695063,0 -111.8349819360856,40.48105504301077,0 -111.8349831892354,40.48105143052427,0 -111.8349843229093,40.48104772852825,0 -111.8349853478871,40.48104474807285,0 -111.8349863638817,40.48104104744301,0 -111.8349872702818,40.4810380676706,0 -111.8349881766819,40.48103499838874,0 -111.8349891935748,40.48103138726773,0 -111.8349898682096,40.48102867943929,0 -111.8349906605237,40.48102597161073,0 -111.8349914483462,40.4810229023283,0 -111.8349923457631,40.48101920238054,0 -111.8349929027186,40.48101649591818,0 -111.8349936914394,40.48101351682797,0 -111.8349944711771,40.48100981756298,0 -111.834995026336,40.48100702090759,0 -111.8349955832914,40.48100431444474,0 -111.8349961393486,40.48100160798177,0 -111.8349965777264,40.4809989015187,0 -111.8349971337836,40.48099619505552,0 -111.8349975721615,40.48099348927547,0 -111.8349980105393,40.48099078349536,0 -111.8349984480189,40.48098798752246,0 -111.8349988863967,40.48098528174209,0 -111.8349992070953,40.48098257664493,0 -111.8349996454731,40.48097987086438,0 -111.8349999598835,40.4809767154868,0 -111.8350003865833,40.48097301895289,0 -111.8350007018919,40.48096995376768,0 -111.8350011276934,40.48096616635746,0 -111.8350013298143,40.48096346262606,0 -111.8350015310369,40.48096066801857,0 -111.8350018517355,40.48095796360365,0 -111.8350019316855,40.48095489978434,0 -111.8350022389094,40.4809511137398,0 -111.835002440132,40.48094831981507,0 -111.8350025245736,40.48094561608296,0 -111.835002608117,40.48094282284129,0 -111.8350026925586,40.48094011979219,0 -111.8350027725086,40.48093705597206,0 -111.8350028434756,40.48093327197633,0 -111.8350028039497,40.48093011864643,0 -111.8350028767132,40.48092642484307,0 -111.8350027239996,40.48092363296718,0 -111.835002690762,40.4809209306006,0 -111.8350026557276,40.48091813804119,0 -111.8350025048107,40.48091543635768,0 -111.8350023476055,40.48091228439348,0 -111.8350021832138,40.4809085919557,0 -111.8350020313985,40.48090580076233,0 -111.835001761904,40.48090309976161,0 -111.8350016046988,40.48089994779682,0 -111.8350012049485,40.48089625672495,0 -111.835000930064,40.48089310612637,0 -111.8350005303137,40.48088941505408,0 -111.8350002599208,40.48088662454319,0 -111.8349998682553,40.48088356413701,0 -111.8349993490291,40.48087978423796,0 -111.8349989618552,40.48087708460278,0 -111.8349984444256,40.4808733942129,0 -111.8349979332842,40.48087024497983,0 -111.8349974230411,40.48086718593945,0 -111.8349967879322,40.4808634962323,0 -111.8349963989617,40.48086070640358,0 -111.8349957755309,40.48085800813421,0 -111.8349952706777,40.48085530918139,0 -111.8349947649262,40.48085261022852,0 -111.8349940193245,40.48084955255386,0 -111.834993265638,40.48084586489563,0 -111.8349926422072,40.48084316662562,0 -111.8349918966055,40.48084010895054,0 -111.8349909066621,40.48083642197502,0 -111.8349902841296,40.48083372438792,0 -111.8349895421211,40.48083102680071,0 -111.834988801011,40.4808283292134,0 -111.8349880599009,40.48082563230925,0 -111.8349872002132,40.48082293540502,0 -111.8349864591031,40.48082023850066,0 -111.8349854781428,40.48081727238402,0 -111.8349843714184,40.48081358677378,0 -111.8349835117306,40.48081089055234,0 -111.8349826538395,40.48080828384042,0 -111.8349816719809,40.48080522821363,0 -111.8349804475772,40.48080163347895,0 -111.8349794702102,40.48079893794027,0 -111.8349783715706,40.48079597250598,0 -111.8349769073167,40.48079201973221,0 -111.8349753244851,40.48078806695817,0 -111.8349734982102,40.48078348556641,0 -111.8349722809929,40.48078052149796,0 -111.8349711868449,40.48077791683469,0 -111.8349700926969,40.48077531217131,0 -111.8349688808696,40.48077270819113,0 -111.8349677867216,40.48077010352755,0 -111.8349665748943,40.48076749954716,0 -111.8349652417944,40.48076462635428,0 -111.8349634236043,40.48076076582148,0 -111.8349614886331,40.48075690597175,0 -111.8349597917156,40.4807533146509,0 -111.8349584631073,40.48075080154609,0 -111.8349571327023,40.48074819893154,0 -111.8349553208004,40.48074478867952,0 -111.8349532672516,40.48074092951211,0 -111.8349516987932,40.48073805836796,0 -111.8349497683136,40.48073464879867,0 -111.8349481989568,40.48073177697096,0 -111.8349467517709,40.48072926523199,0 -111.8349449479538,40.4807264856469,0 -111.8349430165759,40.48072298588399,0 -111.8349408525344,40.48071966787359,0 -111.8349391646,40.48071679741178,0 -111.8349376015314,40.48071437654853,0 -111.8349359180886,40.48071186617544,0 -111.83493435502,40.48070944462872,0 -111.8349325503046,40.48070666504281,0 -111.8349302676854,40.48070334839815,0 -111.8349283452907,40.48070056949529,0 -111.8349260626716,40.48069725285033,0 -111.8349237800525,40.48069393620519,0 -111.8349218594544,40.48069124749502,0 -111.8349200592305,40.48068882799738,0 -111.834918259905,40.48068640849971,0 -111.8349164614778,40.48068407919498,0 -111.834914661254,40.48068165969714,0 -111.8349128628268,40.48067933039229,0 -111.8349110643996,40.48067700108732,0 -111.8349092650741,40.48067458158923,0 -111.8349073480693,40.48067225296737,0 -111.8349054319628,40.48066992434545,0 -111.8349032760061,40.48066732787729,0 -111.834900640349,40.48066410347363,0 -111.8348987233442,40.48066177485142,0 -111.834896808136,40.48065953642224,0 -111.8348945345001,40.48065694063693,0 -111.8348922608641,40.48065434416828,0 -111.8348899881264,40.48065183789259,0 -111.8348877144904,40.48064924210697,0 -111.8348853231751,40.4806467365144,0 -111.8348825707371,40.48064360366947,0 -111.8348801803201,40.48064109807667,0 -111.8348769544699,40.4806377882616,0 -111.8348739666733,40.48063474697594,0 -111.8348719346841,40.48063259942231,0 -111.8348513794338,40.48061139719498,0 -111.8348314107834,40.48058991959838,0 -111.8348117924759,40.48056817004859,0 -111.8347927616666,40.48054623532222,0 -111.8347741997779,40.48052402727571,0 -111.8347562235907,40.48050154522537,0 -111.8347387181208,40.48047887868114,0 -111.8347216806731,40.48045593949925,0 -111.8347052298253,40.48043272494623,0 -111.8346892496947,40.48040941745861,0 -111.834673856164,40.48038583528271,0 -111.8346590492332,40.48036197841832,0 -111.8346447130196,40.48033802793545,0 -111.8346309643041,40.48031389364045,0 -111.8346178030869,40.48028957416653,0 -111.8346051107902,40.48026498136977,0 -111.8345930068901,40.48024029427054,0 -111.8345814913865,40.48021551286882,0 -111.8345705642794,40.48019054697079,0 -111.8345602246704,40.48016539725942,0 -111.8345503557787,40.48014015324514,0 -111.8345411920645,40.48011472405066,0 -111.8345324999658,40.48008920191948,0 -111.834524513943,40.48006358411839,0 -111.8345169986373,40.48003787269717,0 -111.8345101903057,40.48001206628909,0 -111.8345038526914,40.47998616626061,0 -111.8344982211529,40.47996017124503,0 -111.8344930612299,40.4799340826089,0 -111.8344886091794,40.47990798917957,0 -111.8344846269477,40.47988180212954,0 -111.8344813525885,40.47985551940875,0 -111.8344786684224,40.47982932345544,0 -111.8344765717546,40.47980294232036,0 -111.8344750661781,40.47977664726951,0 -111.8344741507948,40.4797503474253,0 -111.8344738238081,40.47972395395995,0 -111.8344740879128,40.47969764589556,0 -111.8344750589916,40.47967124284341,0 -111.8344765025843,40.47964492655893,0 -111.834478655846,40.47961869499228,0 -111.8344813975043,40.47959236912111,0 -111.8344846116764,40.47956613001768,0 -111.8344885346192,40.47953997631564,0 -111.8344930477552,40.47951381782033,0 -111.8344981537793,40.47948783492113,0 -111.8345038481998,40.47946184859546,0 -111.8345101346102,40.47943594767139,0 -111.8345170103154,40.47941004195431,0 -111.834524479807,40.47938440271192,0 -111.8345325385934,40.47935875936002,0 -111.8345411884712,40.47933320209344,0 -111.8345504303389,40.47930782042388,0 -111.8345602641963,40.47928261435163,0 -111.8345705705676,40.47925740485348,0 -111.8345815875062,40.47923246114787,0 -111.834583886295,40.47922757968306,0 -111.8345899023125,40.47922753595212,0 -111.8346282388155,40.47915077377814,0 -111.8346699457976,40.47907948199463,0 -111.8347285635648,40.47899239296706,0 -111.8347901206196,40.47891393184298,0 -111.8348577305229,40.47883848876221,0 -111.8349915085333,40.47870446143639,0 -111.8351325350498,40.47857470516647,0 -111.8352805792052,40.4784495828116,0 -111.8354352879617,40.47832918664375,0 -111.8355963118747,40.47821387952393,0 -111.8357635359598,40.47810384255474,0 -111.8359366062808,40.47799916869204,0 -111.8360107020204,40.47795214681684,0 -111.836079073695,40.47790021191513,0 -111.836141018822,40.47784381837664,0 -111.8361960729725,40.47778351078851,0 -111.8362440052794,40.47771965129512,0 -111.8362841123619,40.47765278516916,0 -111.8363162855238,40.47758345426848,0 -111.836367905415,40.47744605501636,0 -111.8363687740859,40.47744001247126,0 -111.8364231904325,40.47727133279097,0 -111.8364687404073,40.47710118492116,0 -111.8365054267052,40.47692975061348,0 -111.8365328989832,40.47675739133484,0 -111.8365382843834,40.47668753335188,0 -111.8365358831866,40.47661764181338,0 -111.8365256998845,40.47654807614723,0 -111.8365078602413,40.47647946774559,0 -111.8364824873261,40.47641226487217,0 -111.8364497069031,40.47634700735806,0 -111.8364097588224,40.47628405395488,0 -111.8363704144096,40.47622226693083,0 -111.8363380040925,40.47615826792038,0 -111.8363127659245,40.4760924156643,0 -111.8362947079907,40.47602515910391,0 -111.8362840710394,40.47595703874817,0 -111.8362809790382,40.47588850354215,0 -111.8362853187994,40.47581991428309,0 -111.8362984422873,40.47567009118109,0 -111.8363025960972,40.47551997254468,0 -111.8362976661429,40.47536982965588,0 -111.8362836560178,40.4752200233163,0 -111.8362608055719,40.47507082071333,0 -111.8362471511795,40.47500668598758,0 -111.8362288848366,40.47492267490512,0 -111.8362270405953,40.47491665263309,0 -111.8363190101141,40.47490328445831,0 -111.8366520290646,40.47485474818281,0 -111.8366568557126,40.4748539930918,0 -111.8366608604022,40.47485342318603,0 -111.8366656888468,40.47485275761257,0 -111.8366696926381,40.47485218839009,0 -111.8366749917999,40.47485142919904,0 -111.8366798202446,40.47485076362555,0 -111.8366833533186,40.4748502873374,0 -111.8366873571098,40.4748497181149,0 -111.8366921855545,40.47484905254139,0 -111.8366957195268,40.47484857625317,0 -111.8366992526008,40.47484810064833,0 -111.8367027856748,40.47484762436009,0 -111.8367063187488,40.47484714807185,0 -111.8367100880797,40.47484667041695,0 -111.8367144458072,40.47484609846106,0 -111.8367186858553,40.47484552718852,0 -111.8367222189294,40.47484505158361,0 -111.8367257529017,40.47484466549633,0 -111.8367294045533,40.47484418852472,0 -111.8367329376273,40.47484371223651,0 -111.8367364707013,40.47484323663159,0 -111.8367400046737,40.47484285054425,0 -111.8367437740046,40.47484237288932,0 -111.8367478972717,40.47484189250103,0 -111.8367514303458,40.47484141621275,0 -111.8367551996767,40.4748409385578,0 -111.8367597927627,40.47484036523521,0 -111.836764506223,40.4748398800635,0 -111.8367706309366,40.47483911540555,0 -111.8367754602796,40.47483854003288,0 -111.8367789942519,40.47483806374463,0 -111.8367828821605,40.4748376749239,0 -111.8367870054277,40.47483719521887,0 -111.8367905394,40.47483680913155,0 -111.8367943087309,40.47483633147658,0 -111.8367985496774,40.4748358504049,0 -111.8368024375859,40.47483546158416,0 -111.8368070324686,40.47483497777911,0 -111.8368118618116,40.47483440240641,0 -111.8368156320408,40.47483401495236,0 -111.8368199915649,40.47483353251396,0 -111.8368237617941,40.47483314505991,0 -111.836827884163,40.47483266467156,0 -111.8368316543922,40.4748322772175,0 -111.8368360139163,40.47483179546244,0 -111.8368395487869,40.47483149957597,0 -111.8368435552731,40.47483111007191,0 -111.8368483846161,40.47483053469917,0 -111.8368525087815,40.47483014451175,0 -111.8368575761781,40.47482965728996,0 -111.8368619357021,40.47482926505247,0 -111.8368665305848,40.47482878124737,0 -111.8368708910072,40.47482838969324,0 -111.8368751319536,40.47482790862149,0 -111.8368787854019,40.47482761136837,0 -111.8368827909898,40.47482722254757,0 -111.8368876221294,40.47482673669246,0 -111.8368912755776,40.47482644012263,0 -111.8368952811655,40.47482605061854,0 -111.8369001132034,40.47482565564767,0 -111.8369042373689,40.47482526546022,0 -111.836909540124,40.47482477618838,0 -111.8369144898412,40.47482437985081,0 -111.8369180256101,40.47482408396436,0 -111.836922031198,40.47482369514355,0 -111.8369269818135,40.47482329880602,0 -111.8369305166842,40.47482300291952,0 -111.8369340524531,40.47482270703307,0 -111.8369377059014,40.47482241046323,0 -111.836941240772,40.47482211457677,0 -111.8369453667341,40.47482181390691,0 -111.8369494917979,40.47482151392034,0 -111.8369537336427,40.47482112304951,0 -111.8369577410272,40.47482082374634,0 -111.8369631623599,40.47482042399209,0 -111.8369684660134,40.47482002560448,0 -111.8369738882444,40.47481962585021,0 -111.8369791918979,40.4748192267793,0 -111.836984377872,40.47481882907503,0 -111.836988856872,40.47481852635515,0 -111.8369930996151,40.47481822568527,0 -111.836996635384,40.47481792979875,0 -111.8370007613461,40.47481771932982,0 -111.837005593384,40.47481732435892,0 -111.8370092477306,40.4748171173067,0 -111.8370127843979,40.47481691162115,0 -111.8370164378462,40.47481661505132,0 -111.8370199745134,40.47481640936576,0 -111.8370235111807,40.4748162029969,0 -111.8370271655273,40.47481599662804,0 -111.8370309366548,40.47481569937485,0 -111.8370351811946,40.47481548822257,0 -111.8370387178618,40.47481528253702,0 -111.837042490786,40.47481507480144,0 -111.8370473237223,40.47481476934818,0 -111.8370521566585,40.47481446457822,0 -111.8370558110051,40.47481425752601,0 -111.8370593476723,40.47481405184044,0 -111.8370632382758,40.47481384342156,0 -111.8370676004949,40.47481363158592,0 -111.8370719609172,40.47481333023266,0 -111.8370757347397,40.47481321269807,0 -111.8370805694726,40.47481299744577,0 -111.8370862270623,40.47481259632475,0 -111.8370898823072,40.4748124794735,0 -111.8370934189744,40.47481227378793,0 -111.837097073321,40.4748120667357,0 -111.8371006108866,40.47481195125115,0 -111.8371046191694,40.47481174214887,0 -111.8371100431971,40.47481152279651,0 -111.8371149956092,40.47481130686085,0 -111.8371185322765,40.47481110049197,0 -111.8371221875214,40.47481098432402,0 -111.8371257241887,40.47481077863849,0 -111.8371297333698,40.47481065905383,0 -111.8371346857819,40.47481044311817,0 -111.8371388135407,40.47481032353355,0 -111.8371436473752,40.4748101082812,0 -111.837147775134,40.47480998801323,0 -111.837153080584,40.47480976934421,0 -111.8371580329962,40.47480955340855,0 -111.8371616882411,40.47480943655729,0 -111.8371652258066,40.47480932107268,0 -111.8371688819499,40.47480920490477,0 -111.8371724195155,40.47480908873683,0 -111.837175957081,40.47480897325227,0 -111.8371798485829,40.4748088550343,0 -111.8371840949192,40.47480882428395,0 -111.8371878687417,40.47480870674934,0 -111.837192584897,40.47480849218039,0 -111.8371975382074,40.4748083664457,0 -111.8372015473885,40.47480824754437,0 -111.837206500699,40.47480812112634,0 -111.8372103939975,40.47480809310936,0 -111.8372152287303,40.47480796805802,0 -111.837221715465,40.47480783070654,0 -111.837225960903,40.47480770975522,0 -111.8372320937015,40.47480757582041,0 -111.8372370479102,40.47480753960339,0 -111.8372407040535,40.47480742275209,0 -111.8372442425174,40.4748073974685,0 -111.8372483711744,40.47480736740152,0 -111.8372532059073,40.47480724235012,0 -111.8372570992057,40.47480721433318,0 -111.8372618171576,40.47480718016613,0 -111.8372675960198,40.47480704828137,0 -111.8372712530613,40.47480702163109,0 -111.8372747915252,40.47480699566411,0 -111.8372786848237,40.47480696764718,0 -111.8372830488393,40.47480693621347,0 -111.8372874137533,40.47480690477983,0 -111.8372909522172,40.47480687881285,0 -111.8372948446173,40.47480685079591,0 -111.8372995634675,40.47480681662886,0 -111.8373053432281,40.47480677494507,0 -111.8373094727834,40.47480683507906,0 -111.8373143093129,40.47480679954535,0 -111.8373198537148,40.47480675991157,0 -111.8373244548857,40.47480681662886,0 -111.8373287021204,40.47480678587851,0 -111.8373323600602,40.4748068494292,0 -111.8373358985241,40.47480682346227,0 -111.8373395555656,40.47480679681194,0 -111.8373439204796,40.47480685557927,0 -111.8373478146763,40.47480691707992,0 -111.8373534776559,40.47480696628047,0 -111.8373592574165,40.47480692459668,0 -111.8373631516132,40.47480698678068,0 -111.8373675174255,40.47480704486466,0 -111.8373723548533,40.47480710021529,0 -111.8373776638966,40.47480715146584,0 -111.837382619902,40.47480720544976,0 -111.8373871033937,40.47480726353369,0 -111.8373928849508,40.47480740156851,0 -111.837396424313,40.47480737628494,0 -111.8373999636752,40.47480744051894,0 -111.8374036216151,40.47480750406963,0 -111.8374071618756,40.47480756830369,0 -111.8374108198154,40.47480763185438,0 -111.837414360076,40.47480769677173,0 -111.8374180171175,40.47480776032243,0 -111.8374228563419,40.47480790519067,0 -111.8374269858973,40.47480796532466,0 -111.8374305261578,40.47480802955872,0 -111.8374341831994,40.47480809310936,0 -111.8374381968721,40.47480824481103,0 -111.837443624493,40.47480838557921,0 -111.837448935333,40.47480852703074,0 -111.8374543638522,40.47480866779892,0 -111.8374597923715,40.47480880856715,0 -111.8374647483769,40.47480895275205,0 -111.8374682886374,40.4748090176694,0 -111.8374718297963,40.47480917210443,0 -111.8374754877361,40.47480923565512,0 -111.8374803269606,40.47480947072429,0 -111.8374844565159,40.47480953085828,0 -111.8374879976748,40.47480968529331,0 -111.8374916565129,40.47480983904497,0 -111.8374964957374,40.47480998391322,0 -111.837500626191,40.47481013424817,0 -111.8375041673499,40.47481028868314,0 -111.837507826188,40.47481044243482,0 -111.8375113664486,40.47481050735221,0 -111.8375149076074,40.47481066178719,0 -111.8375185664456,40.47481081553886,0 -111.8375221076044,40.47481096997387,0 -111.8375257664426,40.47481112372554,0 -111.837530605667,40.47481135879476,0 -111.837534737019,40.47481150912972,0 -111.8375395762434,40.47481174419892,0 -111.8375437075954,40.47481189453389,0 -111.8375472496526,40.47481213916982,0 -111.8375507908115,40.47481229360484,0 -111.8375544496496,40.47481244735651,0 -111.8375592897724,40.47481268242571,0 -111.8375634211243,40.47481292227828,0 -111.8375669622832,40.47481307739661,0 -111.8375706211213,40.47481323046492,0 -111.8375741631785,40.47481347510089,0 -111.8375777043374,40.47481363021921,0 -111.8375818365877,40.47481387007184,0 -111.837587974776,40.47481418577524,0 -111.8375921070263,40.47481442631116,0 -111.837596120699,40.47481466753042,0 -111.8376015510149,40.47481498870054,0 -111.8376068636515,40.474815310554,0 -111.8376122948657,40.4748156317241,0 -111.8376171340901,40.4748158667933,0 -111.8376207947249,40.47481611006257,0 -111.8376243367821,40.47481635469855,0 -111.8376278788392,40.47481659933447,0 -111.8376315385757,40.47481684328709,0 -111.8376355531467,40.47481708450636,0 -111.8376405118471,40.47481740909316,0 -111.8376440539042,40.47481765372914,0 -111.8376475959614,40.47481789836506,0 -111.8376511380186,40.47481814300103,0 -111.8376547986534,40.47481838627029,0 -111.8376583407105,40.47481863090626,0 -111.8376618827677,40.47481887554217,0 -111.8376660159163,40.47481920627909,0 -111.8376713294512,40.47481961765014,0 -111.8376766420878,40.47481993950358,0 -111.8376816016865,40.47482035429134,0 -111.837685144642,40.47482059892724,0 -111.8376888043784,40.47482084287985,0 -111.8376923473339,40.47482117703341,0 -111.8376958893911,40.47482142166938,0 -111.8376994332449,40.47482175650629,0 -111.8377035663935,40.47482208724315,0 -111.8377084074146,40.47482241251323,0 -111.83771195037,40.47482274666678,0 -111.8377156101065,40.47482299061939,0 -111.8377191539603,40.47482332545629,0 -111.8377226969158,40.4748236602932,0 -111.837726238973,40.4748239049291,0 -111.8377299005061,40.4748242383993,0 -111.8377334434615,40.47482457323621,0 -111.8377369855187,40.47482481787215,0 -111.8377405293725,40.47482515270899,0 -111.8377441900073,40.47482548617924,0 -111.8377477338611,40.47482582101609,0 -111.8377512768166,40.47482615585298,0 -111.8377552931842,40.47482657679077,0 -111.8377602518846,40.47482690137753,0 -111.8377637948401,40.47482723621442,0 -111.8377673386938,40.47482757036795,0 -111.8377713541632,40.47482799198903,0 -111.837776670393,40.47482858376198,0 -111.83778163089,40.47482899854968,0 -111.8377851738455,40.47482933338651,0 -111.837788716801,40.47482966822339,0 -111.8377922606548,40.4748300023769,0 -111.8377962779207,40.47483051419897,0 -111.8378012375194,40.47483092830331,0 -111.837805253887,40.47483134992441,0 -111.8378100967047,40.47483185491304,0 -111.8378141130724,40.47483227653414,0 -111.8378194293022,40.47483286899037,0 -111.8378243897992,40.47483337329562,0 -111.837827933653,40.47483370813249,0 -111.8378314775068,40.47483413248693,0 -111.8378354938745,40.47483455410802,0 -111.8378408101043,40.47483514588086,0 -111.8378456547186,40.47483574175376,0 -111.8378499064448,40.47483616132478,0 -111.837853451197,40.47483658567921,0 -111.8378574675646,40.47483700730028,0 -111.8378623112806,40.47483760248981,0 -111.8378658560327,40.47483802752758,0 -111.8378693998865,40.47483845256531,0 -111.8378735339335,40.47483887281972,0 -111.8378783785478,40.47483946800923,0 -111.8378819232999,40.47483989304693,0 -111.8378859405659,40.47484040418562,0 -111.8378907842819,40.47484100005842,0 -111.837894329034,40.47484142441282,0 -111.8378983462999,40.4748419362348,0 -111.837903190016,40.47484253142428,0 -111.8379072081802,40.47484304324625,0 -111.8379120518962,40.47484363843571,0 -111.8379160691622,40.47484415025767,0 -111.8379209146748,40.47484483564806,0 -111.8379244594269,40.47484526000245,0 -111.8379284766929,40.47484577182439,0 -111.8379333213072,40.47484645721477,0 -111.8379368660593,40.47484688225249,0 -111.8379404117097,40.47484739680777,0 -111.8379439564618,40.47484782184543,0 -111.837947501214,40.47484833640071,0 -111.8379510468644,40.47484885095599,0 -111.8379545916165,40.4748492759937,0 -111.8379586097807,40.47484987733318,0 -111.8379633376141,40.47485056409022,0 -111.8379668814679,40.47485098844452,0 -111.8379704271183,40.47485150368312,0 -111.8379739727688,40.47485201823837,0 -111.8379775184192,40.47485253347698,0 -111.8379810640696,40.47485304803222,0 -111.8379846088217,40.47485356258746,0 -111.8379881544721,40.47485407782601,0 -111.8379917001226,40.47485459238123,0 -111.8379957191851,40.47485519372068,0 -111.8380004461202,40.47485588047766,0 -111.8380039917706,40.47485639503288,0 -111.838007537421,40.47485691027145,0 -111.8380110830715,40.47485742482661,0 -111.8380146278236,40.47485793938181,0 -111.8380186468861,40.47485854140458,0 -111.8380247931593,40.47485948783083,0 -111.8380307022773,40.47486034542277,0 -111.8380355477899,40.47486103149635,0 -111.838039092542,40.47486154605153,0 -111.8380426372941,40.47486197108915,0 -111.8380466545601,40.47486248222761,0 -111.8380514991744,40.47486307741692,0 -111.838055515542,40.47486349903782,0 -111.8380603583597,40.47486400470956,0 -111.8380639022135,40.47486442906381,0 -111.8380674460673,40.47486476390047,0 -111.8380715801143,40.47486518415471,0 -111.8380764211353,40.47486550942458,0 -111.8380805551823,40.47486593036212,0 -111.8380849236895,40.47486625904875,0 -111.8380900009675,40.47486658226867,0 -111.8380943685764,40.47486682075436,0 -111.8380979097352,40.47486697518924,0 -111.8381014508941,40.47486712962413,0 -111.8381051097322,40.47486728337567,0 -111.8381086508911,40.47486743781052,0 -111.8381127813448,40.47486758814534,0 -111.8381176205692,40.47486773301346,0 -111.8381215138676,40.4748677951974,0 -111.8381257620006,40.47486785464802,0 -111.8381295367214,40.47486782731442,0 -111.8381337839561,40.47486788608165,0 -111.8381374409976,40.47486786011474,0 -111.8381409794615,40.47486783414783,0 -111.8381451081186,40.47486780408087,0 -111.8381504153653,40.47486767561288,0 -111.8381553686758,40.47486754987831,0 -111.8381590239207,40.47486743302716,0 -111.8381625614862,40.47486731754265,0 -111.8381662176294,40.47486720069149,0 -111.8381697542967,40.47486699500613,0 -111.8381732918623,40.47486687883828,0 -111.8381771824658,40.47486667041952,0 -111.8381815437865,40.47486636906655,0 -111.8381859042089,40.47486606703018,0 -111.8381896762348,40.47486576909387,0 -111.8381943896951,40.47486537480659,0 -111.8382001640657,40.47486488280168,0 -111.838203934295,40.47486449466447,0 -111.8382086486536,40.47486410037718,0 -111.8382137142534,40.47486352295473,0 -111.8382179534033,40.47486295168233,0 -111.8382214882739,40.4748625655951,0 -111.8382252576048,40.47486208794032,0 -111.8382299692685,40.47486151325121,0 -111.8382357391476,40.47486066044264,0 -111.8382397429388,40.47486009122023,0 -111.8382444537042,40.47485942633019,0 -111.8382479849815,40.47485885984111,0 -111.8382515171572,40.4748582940354,0 -111.8382550484346,40.47485763734546,0 -111.8382585806103,40.47485707153973,0 -111.8382621118877,40.47485641553308,0 -111.8382655245875,40.47485576020978,0 -111.8382690549665,40.47485510351976,0 -111.8382725862439,40.47485444751309,0 -111.8382759980454,40.47485370198885,0 -111.8382808219985,40.47485267629507,0 -111.8382847045171,40.47485183715317,0 -111.8382885870357,40.47485099801128,0 -111.8382937640267,40.47484987938318,0 -111.8382984694022,40.47484876417178,0 -111.8383023510226,40.47484783551227,0 -111.8383070546014,40.4748466300999,0 -111.8383104655045,40.47484579437459,0 -111.8383138764077,40.47484495864933,0 -111.8383172855141,40.47484403340648,0 -111.8383205769413,40.4748431081636,0 -111.8383239869462,40.47484218292067,0 -111.8383277481923,40.47484107454256,0 -111.8383325676538,40.47483968804485,0 -111.8383370349757,40.4748383944814,0 -111.8383427922783,40.47483655082887,0 -111.8383478453018,40.47483498256247,0 -111.8383524276081,40.47483350791369,0 -111.8383557172386,40.47483240295215,0 -111.8383590068692,40.47483129867388,0 -111.838362647741,40.47483001057698,0 -111.8383671114697,40.47482844709385,0 -111.8383703993036,40.4748272519312,0 -111.8383735703566,40.47482605745196,0 -111.8383768581905,40.47482486228927,0 -111.8383800283452,40.47482366849328,0 -111.8383836683187,40.47482229087863,0 -111.838388481492,40.47482036385811,0 -111.8383928248464,40.47481862065613,0 -111.8383959941027,40.47481733665905,0 -111.838399163359,40.4748160519786,0 -111.8384026829583,40.47481449532856,0 -111.8384070245161,40.47481266192545,0 -111.8384100751948,40.47481128841065,0 -111.8384132435528,40.47480991421245,0 -111.8384162933332,40.47480854069758,0 -111.8384194589962,40.47480698609738,0 -111.8384234466178,40.47480506522644,0 -111.8384279031599,40.47480296122017,0 -111.8384315386419,40.47480122280115,0 -111.8384345875239,40.47479975908506,0 -111.838437636406,40.47479829605234,0 -111.8384405667105,40.47479674281856,0 -111.8384436146942,40.47479518958478,0 -111.83844689624,40.47479345389892,0 -111.8384509988459,40.47479135194229,0 -111.8384539273537,40.47478970919069,0 -111.8384568576582,40.47478815664005,0 -111.8384601383056,40.474786330753,0 -111.8384634171564,40.47478441534825,0 -111.8391354441255,40.47440134422983,0 -111.8391853482344,40.47445836865322,0 -111.839457912363,40.47473737687133,0 -111.8396769216293,40.47459038244372,0 -111.839993045066,40.47486204625657,0 -111.8400478988922,40.47490912427981,0 -111.8401141631191,40.47486846282071,0 -111.8401854462335,40.474832900424,0 -111.8402609271753,40.47480289220275,0 -111.8403399007668,40.47477862471642,0 -111.8404215441514,40.4747603733579,0 -111.8405051539482,40.47474841420186,0 -111.8405899046053,40.47474275340182,0 -111.8406750864538,40.47474339505943,0 -111.8411288237072,40.47476414745142,0 -111.8412265154944,40.47476514786291,0 -111.841324000669,40.4747590333257,0 -111.8414202192191,40.47474590018898,0 -111.8415144623739,40.47472584479975,0 -111.8416056746129,40.47469914527197,0 -111.8416932648446,40.4746658952156,0 -111.8417762961264,40.47462655177711,0 -111.8418541827564,40.47458139101636,0 -111.8419259841988,40.47453077782713,0 -111.8419913519071,40.47447516730426,0 -111.842049470211,40.47441519494595,0 -111.8420998692917,40.47435122496355,0 -111.8421422050944,40.47428389012423,0 -111.8423126190971,40.47434580125094,0 -111.8424088915461,40.47438428793924,0 -111.8425011045083,40.4744283001302,0 -111.8425886650957,40.47447766151028,0 -111.8426709786235,40.474531925161,0 -111.8427475707812,40.4745909154512,0 -111.8428179645635,40.47465418546268,0 -111.8428819192219,40.47472146594672,0 -111.8429387223922,40.47479222251859,0 -111.8432063421934,40.47515558123136,0 -111.8432408653481,40.47520875236215,0 -111.8432679872832,40.47526440942767,0 -111.8432873450792,40.47532183491941,0 -111.8432988156671,40.47538057988176,0 -111.8433022696894,40.47543983319346,0 -111.8432977035528,40.47549914521954,0 -111.8432849870016,40.47555770552685,0 -111.8432644676839,40.47561488135137,0 -111.8432477212904,40.47566248091242,0 -111.8432385378132,40.47571110543711,0 -111.8432367941833,40.47576030734135,0 -111.8432425973,40.47580927346046,0 -111.8432558222976,40.47585737444801,0 -111.8432763425137,40.47590398095929,0 -111.843303915403,40.47594846365129,0 -111.8433380594686,40.4759901959158,0 -111.8433784135878,40.47602854977913,0 -111.8434211338694,40.47606733685051,0 -111.8434601054814,40.47610831328089,0 -111.8434950939634,40.47615148111621,0 -111.8435276614858,40.47619917049597,0 -111.8435554140381,40.47624860710672,0 -111.8435781117704,40.47629952171432,0 -111.8437271656322,40.47667131266125,0 -111.8437343575444,40.47668981837933,0 -111.8438341010837,40.47666602716701,0 -111.8438665958425,40.47666074508896,0 -111.8439347635995,40.47664961650771,0 -111.8440367421471,40.47663472828614,0 -111.8442467853286,40.47661049152809,0 -111.8444409714486,40.47660123524216,0 -111.8445585321732,40.47659650255038,0 -111.8449551365745,40.47662288221216,0 -111.8451907206561,40.47665043854404,0 -111.8454723811252,40.47667378355277,0 -111.84557458515,40.47667690974977,0 -111.8457126948367,40.47667391748386,0 -111.8458072524019,40.47666935152769,0 -111.8459042381132,40.47666080385467,0 -111.8459910297427,40.47664845759356,0 -111.8460752953096,40.4766322553432,0 -111.8461594665534,40.47661794520849,0 -111.8462460623502,40.47659001440245,0 -111.846325039535,40.47656601269133,0 -111.8464064439678,40.47653802993113,0 -111.8464929894588,40.47650613513252,0 -111.8465718687273,40.47647438655005,0 -111.8466530521745,40.47642883753737,0 -111.8467267104345,40.47638532548469,0 -111.8467927761338,40.47634781436501,0 -111.8468764317446,40.47629251762682,0 -111.846982820122,40.47621552249936,0 -111.8471372450109,40.47609340170618,0 -111.8473701287568,40.47590620109713,0 -111.8476082317144,40.4757306733168,0 -111.8478615880656,40.4755393573467,0 -111.8479749698274,40.47544645470267,0 -111.8480491859413,40.47539113603882,0 -111.8481452230317,40.47533556722862,0 -111.8482289954235,40.47528972770893,0 -111.8483314940957,40.4752507775543,0 -111.8484715944491,40.47521875846028,0 -111.848671031222,40.47519585301457,0 -111.8495505312925,40.47514173476799,0 -111.8496783382012,40.4751264710598,0 -111.8497809258067,40.47509472592493,0 -111.8498679438116,40.47506309557592,0 -111.8499516569146,40.475022030357,0 -111.8500353664244,40.4749713245658,0 -111.850118748049,40.47490395549799,0 -111.8501584544829,40.47483456504145,0 -111.8501826497068,40.47476997361822,0 -111.8502000851081,40.47467453129374,0 -111.8502022778957,40.47459586695412,0 -111.8501825913163,40.47452213899713,0 -111.8501597462603,40.47444122695903,0 -111.8501400587825,40.47436749883229,0 -111.8501171535394,40.47428181206877,0 -111.8501005913005,40.47420328667183,0 -111.8501089186832,40.47412457736258,0 -111.8501267421567,40.47405057349864,0 -111.8501660865696,40.47395253752379,0 -111.8502057328163,40.47387837288303,0 -111.850260978308,40.47380643588438,0 -111.8503381058616,40.47373911211571,0 -111.8504155927414,40.47369088524056,0 -111.8504868300418,40.47365225328412,0 -111.8505675337886,40.47361589413713,0 -111.85064817645,40.47357476038111,0 -111.8507134004278,40.47354572195968,0 -111.8508033918563,40.47350686167946,0 -111.8508715623083,40.47346825216782,0 -111.8509366650135,40.47342966518466,0 -111.8510076903115,40.47337427789039,0 -111.8510787138128,40.47330943153732,0 -111.8511308915577,40.47323751647995,0 -111.8511547265572,40.47315391866537,0 -111.8511693322654,40.47306804652973,0 -111.8511621466414,40.47299413580496,0 -111.8511359661408,40.4729013567443,0 -111.8511099338622,40.47281100895422,0 -111.8510711904223,40.47271354792717,0 -111.8510132140522,40.47257839039175,0 -111.8509427034889,40.4724408934265,0 -111.850906213922,40.4723537752867,0 -111.8508826654852,40.47226386001432,0 -111.8508744396121,40.47217293050401,0 -111.8508734541603,40.47209483042945,0 -111.8508706586031,40.4720416083136,0 -111.8508788844761,40.4720017282593,0 -111.8508891279653,40.47195345503392,0 -111.8509038612343,40.47191505920735,0 -111.8509185945033,40.47187675288036,0 -111.850935612188,40.47184176293074,0 -111.850954773253,40.47180837888541,0 -111.85098254467,40.4717749319533,0 -111.8510104759872,40.47174481644272,0 -111.8510406270414,40.47171297335365,0 -111.8510793471251,40.47167782340949,0 -111.8511115454398,40.47164929874752,0 -111.8511461036288,40.47162084582762,0 -111.85118270818,40.47159562183522,0 -111.8512194304105,40.47157039646659,0 -111.8512582978179,40.47154686722266,0 -111.8512992879443,40.47152332293625,0 -111.8513512060761,40.47149636381952,0 -111.8514032284125,40.47147769266016,0 -111.8514594970853,40.47145899006035,0 -111.8515158627761,40.47143857491748,0 -111.851574414068,40.47142318872666,0 -111.8516352291144,40.47140949798659,0 -111.851687280197,40.47140244760287,0 -111.8517547077422,40.47139861728363,0 -111.8518113043,40.4713965787746,0 -111.8518765740919,40.4713993409782,0 -111.8519464531396,40.47141215905008,0 -111.8520314921559,40.47142982019929,0 -111.8521339890316,40.47144735286931,0 -111.8522452777189,40.47146977508107,0 -111.8523893225747,40.47149862237204,0 -111.8525131301837,40.47151284407578,0 -111.8526204294528,40.47151835890602,0 -111.8527153822767,40.47151765844743,0 -111.8528223626439,40.47149795061495,0 -111.8529539936808,40.47146860104328,0 -111.853102097125,40.47142660765272,0 -111.8532830295014,40.47137797524167,0 -111.8534229160557,40.47134856411374,0 -111.8536164338292,40.47131569440557,0 -111.8537730739636,40.47130507747064,0 -111.8538968465384,40.4713073162117,0 -111.8540439887853,40.47131983293226,0 -111.854373546527,40.47135433385665,0 -111.8557176247198,40.47157682017908,0 -111.8558309058703,40.47157958510876,0 -111.8558485990882,40.47157945390099,0 -111.855874537942,40.47157836118657,0 -111.8559157984613,40.47157625366232,0 -111.8559428934469,40.4715733500077,0 -111.8559782340685,40.47156948484611,0 -111.8560324006835,40.47156187684617,0 -111.8560535865512,40.4715581162401,0 -111.8561182895062,40.47154412347623,0 -111.8561817905153,40.47152833821917,0 -111.8562299456044,40.4715117650278,0 -111.8562956906051,40.471486954436,0 -111.8563214911184,40.47147505141711,0 -111.8563437765239,40.47146497642358,0 -111.8564012076167,40.47143572250998,0 -111.8564175946841,40.47142569124659,0 -111.8564515842395,40.47140832258101,0 -111.8564971737402,40.47137555267495,0 -111.8565450539448,40.471337360164,0 -111.8565637433943,40.471322807669,0 -111.8565823978095,40.47130555241728,0 -111.8566208304323,40.47126652956368,0 -111.856658071889,40.47122661419684,0 -111.8566662025407,40.4712166437228,0 -111.8566998139053,40.47116954875972,0 -111.8567310546159,40.47112156947219,0 -111.8567494458248,40.47108359618134,0 -111.8567666575456,40.47104563106955,0 -111.8567815111888,40.47100768370417,0 -111.8567871562021,40.47098782196159,0 -111.8567916343038,40.47096887047511,0 -111.8568071401239,40.47088947672739,0 -111.8567992852551,40.47064269112801,0 -111.8568042547352,40.47056968185062,0 -111.8568210433496,40.47049838710586,0 -111.8568508287894,40.47042879801514,0 -111.8572217440686,40.46972695626123,0 -111.8572714316835,40.46964550744852,0 -111.8573365559484,40.46957205219746,0 -111.8574171285412,40.4695074912486,0 -111.8575108120455,40.46945364382569,0 -111.857614092252,40.46941233735454,0 -111.8577246218629,40.46938449034243,0 -111.8578400401056,40.46937012057438,0 -111.8579815624921,40.46935843928404,0 -111.8580882473135,40.46934368339145,0 -111.8582073441573,40.4693124391861,0 -111.8583192454956,40.46928124827112,0 -111.8584038317611,40.46931899774366,0 -111.858579426348,40.46937994507585,0 -111.8604365476708,40.4703276555454,0 -111.8629084633977,40.46925950940927,0 -111.8629828654628,40.46925706216377,0 -111.8632299183355,40.4693894497466,0 -111.8632620187339,40.46940902971949,0 -111.8634796544761,40.46954704202133,0 -111.8635319912229,40.4695808850648,0 -111.8635974173217,40.46962363885976,0 -111.8636640229084,40.46966638374339,0 -111.8637175391431,40.46970021784262,0 -111.8638894326711,40.46976650007083,0 -111.864001831676,40.4697926862825,0 -111.8642519522955,40.4699800037107,0 -111.8649197023856,40.47007861064793,0 -111.8655004362673,40.4702904772678,0 -111.8657617220475,40.4704281583665,0 -111.8659638950887,40.47064736205161,0 -111.8660973676719,40.47084455810369,0 -111.8662951138154,40.47108631602828,0 -111.8664150928048,40.47124307265124,0 -111.866756689768,40.47166302907434,0 -111.8669600979927,40.4719777160242,0 -111.8671399461025,40.47211150051522,0 -111.8673476994782,40.47221354370959,0 -111.8676554245653,40.47229231402851,0 -111.8680223710875,40.47238955767337,0 -111.8683011192185,40.47250818296186,0 -111.8683546749791,40.47254471764975,0 -111.8684556788547,40.47260161517762,0 -111.8685623025907,40.4726368500586,0 -111.8686174717256,40.47279859569917,0 -111.8687345222071,40.47318509821457,0 -111.8690356249139,40.47366481056871,0 -111.8691457934021,40.47397478942847,0 -111.8691335852974,40.47403433987073,0 -111.8691322818419,40.47429921142504,0 -111.8690916240921,40.47434816494282,0 -111.869111884695,40.47454710973651,0 -111.8691264859117,40.47467312429229,0 -111.8691320177372,40.47473614480667,0 -111.8691508724767,40.4748260923023,0 -111.8692227520725,40.47491113603191,0 -111.8692177834906,40.47498324473176,0 -111.8692841707867,40.47509986120856,0 -111.8694623884543,40.4751976180735,0 -111.8694690997678,40.47526062989559,0 -111.869766149276,40.47542505950383,0 -111.8698856791077,40.47554577999617,0 -111.8700699127927,40.47565250016372,0 -111.8702607428068,40.47581322311099,0 -111.8703101537407,40.47589393123021,0 -111.8703439968707,40.47595673876673,0 -111.8703889054484,40.47614558741989,0 -111.8704486425165,40.47620369548454,0 -111.870539947282,40.47651381432124,0 -111.8705727124337,40.47667572760317,0 -111.8705972355426,40.47674761437855,0 -111.8706691187316,40.47683265704102,0 -111.8707815896018,40.47686334084178,0 -111.8708415602319,40.47693946467789,0 -111.8709184111044,40.47695239922307,0 -111.8709787114162,40.47696275560394,0 -111.8710248677538,40.47697411919493,0 -111.8710838143044,40.47697097182893,0 -111.8711227185428,40.4769688767736,0 -111.8713960426461,40.47693978993777,0 -111.8714489507214,40.4769258775604,0 -111.8714900630186,40.47691205401163,0 -111.8715664476656,40.47688895644745,0 -111.8716664130887,40.47686477922998,0 -111.8717015219449,40.47684289317597,0 -111.8717659931346,40.47681087552454,0 -111.8719710407847,40.47670212295024,0 -111.8720296019581,40.47666924902941,0 -111.8722227702869,40.47655427935354,0 -111.8722809469813,40.47649167873971,0 -111.87233327205,40.47643272633559,0 -111.8723980810062,40.47642683198066,0 -111.8724630525574,40.47643354837463,0 -111.8725621771574,40.47634451322143,0 -111.8726188922929,40.4763512918062,0 -111.8726515819861,40.47641590904124,0 -111.8726801897346,40.47680307542213,0 -111.8727629964375,40.47682046797518,0 -111.8728534639731,40.47688284688686,0 -111.8728939213986,40.47690956809581,0 -111.8731788984477,40.47705155760917,0 -111.8732142875784,40.47705129043182,0 -111.8732497108449,40.47705372509355,0 -111.8733630485894,40.47706007584974,0 -111.8734357187026,40.47702349168647,0 -111.873633253742,40.47697244916402,0 -111.8737198450472,40.47691774127823,0 -111.873749732895,40.47685715611367,0 -111.8737611441941,40.47682734012677,0 -111.8742658572466,40.476628931664,0 -111.8743283413628,40.47653476637976,0 -111.874380175053,40.47652896906565,0 -111.8744568148215,40.47652568638077,0 -111.8748805402595,40.47635941859046,0 -111.875172401997,40.47612297748778,0 -111.8752132672576,40.47609023653231,0 -111.8752352122017,40.47605403450432,0 -111.8753290753691,40.47592359593248,0 -111.8753511838065,40.4759000053476,0 -111.8753859872356,40.47585469716073,0 -111.8754672721924,40.47575498350885,0 -111.8754973801275,40.47571151270274,0 -111.8755140214181,40.4756303068983,0 -111.8755240412268,40.47558428512994,0 -111.8756306236403,40.47552491987908,0 -111.8756797228588,40.47549031449734,0 -111.8757063147878,40.47544867212229,0 -111.8758235018133,40.47538832548268,0 -111.8758747722598,40.47533928867303,0 -111.8759447285625,40.47527569608916,0 -111.8759319257731,40.47519831712705,0 -111.8760019988569,40.47514373216305,0 -111.8761381879455,40.47509315151456,0 -111.8762794462273,40.47506955790451,0 -111.8764683439652,40.47508073799805,0 -111.8765153051934,40.47506326504379,0 -111.8765837801742,40.47506725027178,0 -111.8766982003886,40.47506638243235,0 -111.8769400870502,40.47506995287394,0 -111.877208306926,40.47501206181315,0 -111.8773636022824,40.47497935243289,0 -111.8774165193409,40.47496633824025,0 -111.8774690267676,40.4749217961304,0 -111.8775157292809,40.47488450491184,0 -111.8776965125369,40.47472547647861,0 -111.8777606387734,40.47466733228422,0 -111.8778131219456,40.47462098868482,0 -111.8778480987495,40.47458919137693,0 -111.877889032282,40.47456185423556,0 -111.8780294084182,40.47447069891677,0 -111.8781815210436,40.47437495002827,0 -111.8783692563616,40.47429694749996,0 -111.8784513569886,40.47426028802967,0 -111.8785686688799,40.47420984748516,0 -111.8787092192892,40.47413220352252,0 -111.8788684034525,40.47412648868606,0 -111.8789684317577,40.474107710289,0 -111.8791037306159,40.47407965406939,0 -111.8792095979705,40.4740563266091,0 -111.8792686361493,40.47406038228171,0 -111.8793808123721,40.47406853736055,0 -111.8795093271532,40.47406305485711,0 -111.8796755882443,40.47405728534689,0 -111.8797426474803,40.47404326166973,0 -111.8798923984348,40.47394752857213,0 -111.8800157820391,40.47391055320342,0 -111.8800686865211,40.47389663746497,0 -111.8800860859898,40.47387398235774,0 -111.8801557431536,40.47378786718665,0 -111.880225752457,40.47372877642152,0 -111.8802840836616,40.47367878307345,0 -111.8803013771291,40.47364802128188,0 -111.8803417680793,40.47357924591205,0 -111.8805227759141,40.47343822966958,0 -111.8805929028967,40.47338814590223,0 -111.8806523543005,40.47333364010264,0 -111.8806626166543,40.47330653479117,0 -111.8807025476671,40.47320262837626,0 -111.8807257861851,40.4731754246084,0 -111.8807665409529,40.47313457417606,0 -111.8808132524494,40.47309818263093,0 -111.8809604611716,40.47307904244978,0 -111.8810304686784,40.47301995106092,0 -111.8811647048296,40.47291082128176,0 -111.8815417484156,40.47287641477743,0 -111.881777423227,40.47285659937275,0 -111.8819541200468,40.47283723293029,0 -111.8820597493477,40.47279588685529,0 -111.8821302275717,40.47277282682671,0 -111.8821708044731,40.47271846403366,0 -111.8823999314644,40.47264914785523,0 -111.882487678003,40.47259352415684,0 -111.8826151992475,40.47251237130067,0 -111.8827665339318,40.47226797524811,0 -111.8828493837538,40.47212671365618,0 -111.882899231269,40.47204173883708,0 -111.8829801470182,40.4719149963373,0 -111.8830206637324,40.47185612875301,0 -111.8831596115473,40.47165687188551,0 -111.8832939590896,40.47155674744232,0 -111.8834847693408,40.47144447927757,0 -111.8835505035618,40.47132956352596,0 -111.8836740578459,40.47130609706822,0 -111.8837855809935,40.47126470426425,0 -111.88398002493,40.4712497041416,0 -111.8843495082946,40.4711793108106,0 -111.884585114834,40.47106489620528,0 -111.8847909979174,40.47102278023735,0 -111.8848842951461,40.47094098583915,0 -111.8850999033908,40.4707411392309,0 -111.8853628690205,40.47055444307168,0 -111.8856313628825,40.47033977608457,0 -111.8860156980937,40.46996386203975,0 -111.8861682634699,40.46990413440643,0 -111.8862383221806,40.46984954377191,0 -111.8864006091249,40.46963208560302,0 -111.8865400159789,40.46946885620202,0 -111.8866252202853,40.46922045803086,0 -111.8866007420921,40.46915307909283,0 -111.8866706813269,40.46908948065033,0 -111.8866587040892,40.4689859702327,0 -111.8867157875339,40.46893147862831,0 -111.8867192559292,40.46874676955627,0 -111.8868065910395,40.46866051522962,0 -111.8868409623789,40.4684935869296,0 -111.8869142559229,40.46832635956591,0 -111.8869483371065,40.46822700035762,0 -111.8870230463954,40.46807778016601,0 -111.887123004632,40.4680544902585,0 -111.8871698275196,40.46802710466832,0 -111.8873809459844,40.46793539443352,0 -111.8874805475898,40.46788508103636,0 -111.8875799722271,40.46782125518374,0 -111.8877742275174,40.46779273640117,0 -111.8880496204408,40.46765548728412,0 -111.8882487634646,40.46755035496373,0 -111.8884994967351,40.46733221413425,0 -111.8887097204779,40.46717294228707,0 -111.888796049475,40.46710020738919,0 -111.8889895807232,40.46692754951053,0 -111.889124801428,40.46689497834382,0 -111.8893755984789,40.46677142864854,0 -111.8897049415233,40.46661123831629,0 -111.8899986115695,40.46651888782905,0 -111.8902993082378,40.46651206792958,0 -111.8905757620715,40.46645588488954,0 -111.8907699526831,40.46642285696551,0 -111.891022507737,40.46634343392354,0 -111.8910636209326,40.46633050416897,0 -111.8911270015675,40.46621740441969,0 -111.8911607773239,40.46609552377945,0 -111.8913004033668,40.46595030512415,0 -111.8913349525726,40.46588697633788,0 -111.8913457943398,40.46581482164819,0 -111.8913248869499,40.46557174212022,0 -111.891375877122,40.46541369286655,0 -111.8913923773772,40.46532347715764,0 -111.8914226182629,40.46523765925213,0 -111.8915162882925,40.46497117389093,0 -111.8915756022541,40.46481828594817,0 -111.8915871015881,40.46478693643767,0 -111.8916035174016,40.46474392737318,0 -111.8917003656707,40.46458408281248,0 -111.8917442852032,40.46448014171461,0 -111.8917582342429,40.46444679091586,0 -111.8919183652306,40.46434510634831,0 -111.8919793051428,40.46430634804521,0 -111.8921854963483,40.46420025365422,0 -111.8923904604551,40.46409056414974,0 -111.8926660671775,40.46397132050493,0 -111.8929008607416,40.46388752593978,0 -111.8930593738634,40.46383314843607,0 -111.893222855567,40.46379765127433,0 -111.8933946044662,40.46376299132396,0 -111.8936239883757,40.46371617340036,0 -111.8939527987191,40.46369561306194,0 -111.8942053663495,40.46370717231555,0 -111.8945012130135,40.46369137018041,0 -111.8947773686066,40.46370274558574,0 -111.8950619593802,40.46372756930509,0 -111.8953623488247,40.4637874035824,0 -111.8958056916719,40.46377586074544,0 -111.8958528666991,40.4637754950981,0 -111.8961877891797,40.46377109707779,0 -111.896282387169,40.46377126452379,0 -111.8963098675319,40.46377105128643,0 -111.8965235722464,40.46376939391273,0 -111.89683121918,40.4637273676863,0 -111.8972199363732,40.46368831582501,0 -111.8974201924096,40.46366874306923,0 -111.8976270923858,40.46361668640034,0 -111.8979563006829,40.46353755392596,0 -111.8983260328808,40.46351666274033,0 -111.8986142636279,40.46352253020687,0 -111.8988985669406,40.46352572536164,0 -111.8996942955176,40.46351953393749,0 -111.9000060073279,40.46351719720263,0 -111.9002101665443,40.46355155314222,0 -111.9003068441335,40.46352197114015,0 -111.9004035899946,40.46352392035548,0 -111.900491862946,40.46350971951402,0 -111.900527184703,40.46350493942453,0 -111.900654593658,40.46350664943087,0 -111.9006958353127,40.46350362582255,0 -111.9008394310109,40.46348088519438,0 -111.9008921908641,40.46345705102858,0 -111.9010448236141,40.46331622335222,0 -111.9011596561551,40.46317118527224,0 -111.9013851180201,40.46283159337457,0 -111.9014817515918,40.46256057256002,0 -111.9016550905091,40.46229255722828,0 -111.9018287537181,40.46204886281579,0 -111.9020135344771,40.46175463150183,0 -111.9021863397951,40.46144698020223,0 -111.9027943662918,40.46069899758158,0 -111.9030658245942,40.46018427040368,0 -111.9031469173115,40.46007462902054,0 -111.9032689363749,40.45993854178904,0 -111.9034707312254,40.45959462616035,0 -111.9037887033949,40.45911917266676,0 -111.904108455127,40.45868874921878,0 -111.9044183774933,40.45814128563941,0 -111.9047838696431,40.4576924844152,0 -111.9052918211222,40.45687410156435,0 -111.9057599754375,40.4561668378974,0 -111.905991832409,40.45586772705031,0 -111.9068067894246,40.45464062835514,0 -111.9068757261395,40.45450495391581,0 -111.9069741437654,40.45436904816307,0 -111.9070884921146,40.45410238776024,0 -111.9072330463152,40.45388954386235,0 -111.9073485436095,40.4537084593341,0 -111.9075522383969,40.45350866398536,0 -111.9077219508153,40.45341273756291,0 -111.9081862801042,40.45330098318325,0 -111.9085811300957,40.45328436721488,0 -111.9091755938283,40.45320311720296,0 -111.909629280776,40.45317702500709,0 -111.9099001318173,40.4531478670294,0 -111.9101280451847,40.45308301003356,0 -111.9103883437163,40.45305843803303,0 -111.9104585784968,40.45304581264081,0 -111.9106765771584,40.45300661854119,0 -111.911163995845,40.45285863459947,0 -111.9113877383345,40.45283434824679,0 -111.9116224806947,40.45275141680406,0 -111.9117873233459,40.45273209924945,0 -111.9121291664475,40.45272039319148,0 -111.9130172589037,40.45255122145716,0 -111.9133648134939,40.45252595339048,0 -111.9136068106483,40.45245647419011,0 -111.9138808956246,40.45241394734989,0 -111.9148657878409,40.45224381579484,0 -111.9148715604149,40.45221728369058,0 -111.9149146175648,40.45201820644432,0 -111.9151332836746,40.45162008299426,0 -111.9154427353237,40.45095998187887,0 -111.9157122559601,40.45039929418445,0 -111.9157513245901,40.45023682468315,0 -111.915990724715,40.44975105855374,0 -111.9160611921591,40.44960824910925,0 -111.916276969287,40.4489984373559,0 -111.9165660588235,40.44857723041435,0 -111.9167829058449,40.44822028920949,0 -111.9168025133726,40.44818797216279,0 -111.9168113303371,40.4481598846074,0 -111.9168918068102,40.4479034824946,0 -111.9171796180441,40.44730210619099,0 -111.9171887143846,40.44710383814938,0 -111.917279428957,40.4468373546875,0 -111.9173418906153,40.44666118489249,0 -111.9174427399807,40.4466198445804,0 -111.9176640076115,40.44606854387617,0 -111.9176926153601,40.44602174096715,0 -111.917808205181,40.44583316720307,0 -111.9178396417243,40.44563021669615,0 -111.91797083618,40.4452192692514,0 -111.9184142275362,40.44444097958772,0 -111.9184600407174,40.44434151736954,0 -111.9186386222026,40.44403379522311,0 -111.9186501439945,40.44401397404422,0 -111.9186572882959,40.44400175509433,0 -111.918690513385,40.44394779766714,0 -111.9189048927343,40.44367132166034,0 -111.9191266283875,40.4431992032018,0 -111.9216828330375,40.44115679589882,0 -111.9300665320047,40.43440493099542,0 -111.9303449055383,40.43408080179057,0 -111.9307956334354,40.43376456364556,0 -111.931164982951,40.43361744605296,0 -111.9313650745957,40.43350772713461,0 -111.9317607249862,40.43321625222588,0 -111.9318467961668,40.43316546906509,0 -111.9322401926842,40.4329331098032,0 -111.9328602458259,40.43258576839607,0 -111.9329831515265,40.43252171413446,0 -111.9332834987502,40.43241568716468,0 -111.9335562299654,40.43218826147888,0 -111.9340369867459,40.43191410981599,0 -111.9345209020029,40.43161290396264,0 -111.9351525937174,40.43125644705308,0 -111.9353689260042,40.43112857184224,0 -111.93556887841,40.43100983792775,0 -111.9356378285996,40.43096603661501,0 -111.9361578723008,40.43063570321749,0 -111.9368955337778,40.43035585538431,0 -111.9370265449771,40.43028182108179,0 -111.9373570064241,40.42996833376446,0 -111.9376595859612,40.42980362877545,0 -111.9376846256014,40.42979000272022,0 -111.9379315958292,40.42966187376627,0 -111.9383429802119,40.42949673518027,0 -111.9385271582014,40.4294228079728,0 -111.939036028657,40.42905381349401,0 -111.9395879050585,40.42881059276917,0 -111.9399073747197,40.42855574500695,0 -111.9402650632045,40.42833662212333,0 -111.9407016489242,40.42802676637844,0 -111.9407834710735,40.42797655165363,0 -111.9411754635242,40.42776615515277,0 -111.9417371764781,40.42746879021411,0 -111.9418366774722,40.42741843010231,0 -111.9420414484412,40.42730865456966,0 -111.9422344308187,40.42719897459342,0 -111.9424800158444,40.42705733376385,0 -111.9430718771575,40.42680926567741,0 -111.9442296061328,40.42614126194852,0 -111.9445158830441,40.42595964585803,0 -111.9446152546809,40.42590027573177,0 -111.9450712943163,40.4256352892582,0 -111.9451286346793,40.42560509083562,0 -111.9453287613582,40.42541696926542,0 -111.9457056764851,40.42505803339525,0 -111.9457873647855,40.42499880744882,0 -111.94602653584,40.42482117579838,0 -111.9464655011969,40.42460046720546,0 -111.9470354714648,40.42447508018831,0 -111.9477521923143,40.42430704573642,0 -111.9482398292915,40.42422034456289,0 -111.9484694791023,40.42417954232268,0 -111.9488265073255,40.42400093811482,0 -111.9493193347685,40.42383923569881,0 -111.9495950304241,40.42366129735183,0 -111.9497977747938,40.4234929661222,0 -111.9501200067745,40.42335518405619,0 -111.9506607593378,40.4233327211677,0 -111.9512147306106,40.42332816389553,0 -111.9512912796492,40.42332303012535,0 -111.9514501961146,40.4233073080799,0 -111.9514855178715,40.4233043141206,0 -111.9517614390043,40.42331015090502,0 -111.9519041839979,40.42331798457327,0 -111.9521932106524,40.42333362250091,0 -111.9524352392478,40.42327667435795,0 -111.952570353053,40.42324493070875,0 -111.9530386394207,40.42301584777304,0 -111.9533310859615,40.42277289790972,0 -111.9534863247241,40.4224968449959,0 -111.9536200075131,40.42228042829894,0 -111.9538276126668,40.42203997877117,0 -111.9540343689126,40.42182295879027,0 -111.9543972191171,40.42155780374823,0 -111.9546961272397,40.42143911995782,0 -111.9550604183419,40.42135953569257,0 -111.9556293762086,40.42133231161663,0 -111.9558467406596,40.4213656496189,0 -111.956344039916,40.42143901327196,0 -111.9566592856987,40.42164180907315,0 -111.9569154870143,40.42183698447747,0 -111.9570584673665,40.42194480962853,0 -111.9572351695762,40.42201992269305,0 -111.9572975099619,40.42201039695995,0 -111.9573586331305,40.42199817948212,0 -111.9577196247207,40.42176906494535,0 -111.9579268588702,40.42142050395986,0 -111.9581053927447,40.42112623359375,0 -111.9582259394694,40.42089911030784,0 -111.9583044387505,40.42069936173828,0 -111.9583593554587,40.42041602573529,0 -111.9583610478847,40.42036916530221,0 -111.9583686772764,40.42015919364115,0 -111.9584293962031,40.41986950330436,0 -111.9585024507953,40.41961844878077,0 -111.9586934946084,40.41929254264936,0 -111.9589944490932,40.41907022856687,0 -111.9593101718813,40.4188919342825,0 -111.9595256498702,40.4187099676057,0 -111.9598060122737,40.41853196576535,0 -111.9600528351778,40.41839928648321,0 -111.960415450922,40.41836924758384,0 -111.9607801426729,40.41840225330423,0 -111.9610806533899,40.41848083639873,0 -111.9614070939777,40.41855920260105,0 -111.9616388144052,40.41869060744067,0 -111.9618295042821,40.41883766877805,0 -111.9620304295634,40.41895851899377,0 -111.962516058806,40.41904096278306,0 -111.9628652402451,40.41906057726099,0 -111.9632469730369,40.41904838865547,0 -111.9637722359498,40.41901698428123,0 -111.963843700524,40.41902764914516,0 -111.9642305546112,40.41908523418359,0 -111.964509857901,40.41916398472139,0 -111.9648526442336,40.41931337577302,0 -111.9651686589742,40.41948641177492,0 -111.9656786083065,40.41970287302332,0 -111.9660336683208,40.41980350901675,0 -111.9661341709365,40.41982519138595,0 -111.9664946873179,40.41989515090059,0 -111.9668846091518,40.41987837690049,0 -111.9670542622814,40.41987245364698,0 -111.9674203024035,40.41983425647993,0 -111.9676731197655,40.41979160026106,0 -111.9679846860488,40.4197358391071,0 -111.9683433716636,40.41959589915673,0 -111.9688545391114,40.41932134873944,0 -111.9691272775131,40.41910645172734,0 -111.969388579463,40.41883399276146,0 -111.9694904969252,40.41870791381994,0 -111.9696483111577,40.4186165007973,0 -111.9699952288423,40.41847845637913,0 -111.9704298113189,40.4183712063158,0 -111.9709640528931,40.41830906373796,0 -111.971597420864,40.41809113168561,0 -111.9721670901963,40.41787012812713,0 -111.97255204794,40.41767319789722,0 -111.9730265982602,40.4174773141783,0 -111.9736729684465,40.41726286471903,0 -111.9743375483819,40.41716717655703,0 -111.9748367969825,40.41713143657302,0 -111.9756438407388,40.41710661068817,0 -111.97616835805,40.41710668797199,0 -111.9765926278671,40.41718418513607,0 -111.9770355601843,40.4172480098435,0 -111.9775968742862,40.41726578713497,0 -111.9778856179713,40.41726334551903,0 -111.9781752015813,40.41723747190775,0 -111.9784039090594,40.41715896054121,0 -111.978669398955,40.4170972545574,0 -111.9787708951074,40.41686216287869,0 -111.9788018744083,40.41664118195663,0 -111.9788412367874,40.41634805816273,0 -111.9789075980324,40.416128578847,0 -111.9792158594137,40.4158466906463,0 -111.9795798944961,40.41575351737467,0 -111.9798087906204,40.41568851555313,0 -111.9801720405752,40.41554129344496,0 -111.980459273294,40.41543525475313,0 -111.9808045147223,40.41526566089325,0 -111.9810449326385,40.41510146022026,0 -111.9812017281814,40.41494157213317,0 -111.9813754937984,40.41473289193254,0 -111.9815554784521,40.41454668033418,0 -111.9816900892008,40.41440139405655,0 -111.9817865952117,40.41431048541393,0 -111.981973203144,40.41417466733384,0 -111.9821471618988,40.41422273858162,0 -111.9823878115803,40.41448015212863,0 -111.982581284438,40.4147352625093,0 -111.9826908762077,40.41489577142939,0 -111.9828221488168,40.41508816768914,0 -111.9829985518874,40.4154659440256,0 -111.9831975305195,40.41577506084118,0 -111.9835426479803,40.41608293352122,0 -111.9838745530199,40.41629272024679,0 -111.9841254533771,40.41644373723064,0 -111.984163943492,40.41657764255754,0 -111.9841970661732,40.41674762979068,0 -111.9843414478972,40.41703018173098,0 -111.9844739233505,40.41722364701992,0 -111.9846617224488,40.41733105553148,0 -111.9850683233027,40.41765101283561,0 -111.9854162102694,40.41798588283491,0 -111.9857409934655,40.4181912209049,0 -111.9862163585576,40.4183763541422,0 -111.9866519848766,40.4184230873875,0 -111.9870193086912,40.41847400546862,0 -111.9876093814586,40.41852302018071,0 -111.9881647567982,40.41861737278545,0 -111.9887780734736,40.4186436596328,0 -111.989126925231,40.41872085547337,0 -111.9895170536775,40.41879949769598,0 -111.9896771370543,40.41886479401274,0 -111.9901512732512,40.41904541707557,0 -111.9906909595143,40.41927502577756,0 -111.9911431022581,40.41956303969317,0 -111.9913243077222,40.41978220483744,0 -111.9914719072116,40.4198800374084,0 -111.9918153115852,40.41998700056469,0 -111.9921402178504,40.42003826693403,0 -111.9922582753434,40.42005076653363,0 -111.9923768493676,40.42017857663608,0 -111.9924645402107,40.42037061515846,0 -111.9924664311643,40.42042708498423,0 -111.9924878973064,40.42107761538121,0 -111.9924753945542,40.4214299716463,0 -111.9925152420236,40.42173503232034,0 -111.9925520028817,40.42223110858036,0 -111.9925550481705,40.42243828767419,0 -111.9925267727986,40.42292050836001,0 -111.9925135280381,40.42322242059679,0 -111.9925212095321,40.42334397552231,0 -111.992541139555,40.4234969557772,0 -111.9925499457397,40.42369507665778,0 -111.9925521304424,40.42384370540238,0 -111.9925842452139,40.42402360798889,0 -111.9926800083181,40.4242029643776,0 -111.9927878762208,40.42432365861028,0 -111.9931068050961,40.42444794490636,0 -111.9935969591528,40.42451220107211,0 -111.9942178665923,40.42456992570854,0 -111.9948360197972,40.42460064295525,0 -111.9954148788949,40.42460466947254,0 -111.9955666357875,40.42458354324741,0 -111.9957195703713,40.42456240607407,0 -111.9961726222101,40.42442877445224,0 -111.9965847782457,40.42431981808458,0 -111.9969601015579,40.42419135798107,0 -111.9972302492183,40.42412506430097,0 -111.9974168769135,40.42415048118297,0 -111.9976361799289,40.42423327284649,0 -111.9979981345131,40.42439681388128,0 -111.9981761392799,40.42439707853264,0 -111.9983299856538,40.42435791286209,0 -111.9983781371496,40.4243457853955,0 -111.9985883716722,40.42429351977803,0 -111.9988246169138,40.42424643432225,0 -111.9989463179736,40.42418592406408,0 -111.9991047179076,40.42413590684161,0 -111.999256764956,40.42413459246998,0 -111.9994154245032,40.42418186948368,0 -111.9995639573421,40.42426166514038,0 -111.9997845979489,40.42443453044442,0 -111.9998892085604,40.42457326427275,0 -112.0000644743639,40.42470688193054,0 -112.0001912140741,40.42482740566442,0 -112.0003524032771,40.42496564973138,0 -112.0004602190775,40.42508183262759,0 -112.0005858358936,40.42520596912832,0 -112.0006917661302,40.42527442064058,0 -112.000784180315,40.42538533125429,0 -112.0008722834849,40.425444027566,0 -112.0009816803201,40.42558722342919,0 -112.001112681638,40.42575635703263,0 -112.001244540847,40.42590386246329,0 -112.0013073258988,40.42608349694665,0 -112.0015635748252,40.4263515445454,0 -112.0015929614131,40.42639354217625,0 -112.0017574887557,40.42662914077423,0 -112.0019467736675,40.42675362522389,0 -112.002373728549,40.4269264991678,0 -112.002699477434,40.42703178121495,0 -112.0030384495199,40.42707478569718,0 -112.0033434679831,40.42705412114701,0 -112.0035842587,40.42707455319623,0 -112.0036501465329,40.42706587338839,0 -112.0037090149301,40.42706085752165,0 -112.0039608567216,40.42703164444963,0 -112.0043473649575,40.42694180118095,0 -112.0046915867979,40.42686223436721,0 -112.0052188520556,40.42664594181188,0 -112.0054946393394,40.42656246313202,0 -112.0057067091201,40.42647503316503,0 -112.0059407337264,40.42643696146923,0 -112.0061457598169,40.4264306729426,0 -112.0063564938028,40.42649099996584,0 -112.0064821205004,40.42653585182349,0 -112.0066084901046,40.42670952435679,0 -112.0066080292689,40.42691583282078,0 -112.0066117896167,40.4271680492827,0 -112.0065567489409,40.42742978703051,0 -112.0065420228585,40.42762811173072,0 -112.0065269608061,40.42780391632623,0 -112.006535593616,40.4279876233359,0 -112.0065749308423,40.428253944237,0 -112.0066544658809,40.42852802397717,0 -112.006741974366,40.42886239330613,0 -112.0068569371628,40.42906138938227,0 -112.0070265795126,40.42929053993898,0 -112.0073220668506,40.42949967484365,0 -112.0075418298034,40.42961127254742,0 -112.0077558201821,40.42973102710829,0 -112.007883054864,40.42988306970962,0 -112.0079626869207,40.43008417501061,0 -112.0079966297637,40.43030459687833,0 -112.008057549913,40.430515775217,0 -112.0081483120961,40.43067263949695,0 -112.0083392885356,40.43090880911106,0 -112.008500723877,40.43106145283239,0 -112.0086561863201,40.43120874354422,0 -112.0087547629477,40.4314150881228,0 -112.0088725365731,40.43180144376934,0 -112.0089400359835,40.43197923066384,0 -112.0090040723886,40.43224083071098,0 -112.0090705683808,40.43243033834567,0 -112.0090814119446,40.432682493101,0 -112.0090204495745,40.43286320350712,0 -112.0088518375923,40.43301962812012,0 -112.0086467899422,40.43318357719453,0 -112.0082489530523,40.43338524356687,0 -112.0080717855154,40.43344264400633,0 -112.0078955549212,40.43348382011452,0 -112.0076251656139,40.4335357264536,0 -112.0072909725653,40.4335782775465,0 -112.0071145524267,40.43360684162172,0 -112.0069266796665,40.43365802718343,0 -112.0068216612199,40.43373101298591,0 -112.0067540450284,40.43386133041539,0 -112.0066628821968,40.43407293245308,0 -112.0066207296504,40.4344877093524,0 -112.0066180769253,40.43478412498234,0 -112.006612351962,40.43487462442771,0 -112.006599977669,40.43507256752331,0 -112.0066091458748,40.43521302637286,0 -112.0068069010014,40.43527076302107,0 -112.0069961356076,40.43531055548238,0 -112.0071074853803,40.43534562121042,0 -112.007368481903,40.43537487853293,0 -112.0075345705175,40.43544370053923,0 -112.0077934389313,40.43548829002344,0 -112.0080540375003,40.43556980076038,0 -112.008233606234,40.4356727377271,0 -112.0084510003294,40.43570327349839,0 -112.0086226611936,40.43575042409344,0 -112.0087836051566,40.43579046036518,0 -112.0089912192935,40.4357976573876,0 -112.0091905276072,40.43580132290481,0 -112.009280174981,40.43580414400598,0 -112.009468725071,40.43579799310279,0 -112.0097224694943,40.43589397406778,0 -112.0098284662063,40.4359651188774,0 -112.0099551511192,40.4360793266071,0 -112.0101105066628,40.43621850750718,0 -112.0102438687532,40.43638490748108,0 -112.0104546746043,40.43668396214453,0 -112.0104814542812,40.43681886166075,0 -112.010506515481,40.43691774085136,0 -112.0105427795707,40.43705616039767,0 -112.0106004585985,40.43712862835108,0 -112.0106452378188,40.43720571340992,0 -112.0107151959182,40.43723212837021,0 -112.010763449822,40.4372263009987,0 -112.0108752146163,40.4372100085595,0 -112.0110167657489,40.43713579856502,0 -112.0111689951553,40.43706599988065,0 -112.0112920490779,40.43701627529914,0 -112.0115030318971,40.43693334895165,0 -112.0117025099924,40.43686944241414,0 -112.012109104558,40.43677939759761,0 -112.0123124957148,40.43674068014236,0 -112.0124831890935,40.4367229695332,0 -112.0128773689418,40.4366699669025,0 -112.0131256534049,40.4365587836296,0 -112.0131885687124,40.436508683305,0 -112.0133638443974,40.4364035446354,0 -112.0135517351239,40.43627487172412,0 -112.0137085135989,40.43611584145108,0 -112.0138880580781,40.43590255769687,0 -112.0140136578262,40.43570866614425,0 -112.014275042421,40.43544961900284,0 -112.0144443505976,40.43534002683149,0 -112.0145261260345,40.43528976013295,0 -112.0148902141175,40.43519647499068,0 -112.0150133839227,40.43515485413006,0 -112.0153244633191,40.43514311287463,0 -112.0154639734793,40.4351689139594,0 -112.0157901751152,40.43514352585617,0 -112.0158901872507,40.43513003489682,0 -112.0160087486986,40.43509565963856,0 -112.0161597752607,40.43502496381345,0 -112.0162193946495,40.43499110678082,0 -112.0163647995547,40.43501685527553,0 -112.0165193780555,40.43510378320941,0 -112.0167095406214,40.43520481256111,0 -112.0168759238834,40.43537091419723,0 -112.0171209528518,40.43551380175358,0 -112.0172482728737,40.43566943595197,0 -112.0173961777903,40.43586092496606,0 -112.0174243920767,40.43593364855763,0 -112.0175706270252,40.4360143423746,0 -112.0177719843961,40.4360756323882,0 -112.0179256439204,40.43610130594056,0 -112.0181032336656,40.43615019157338,0 -112.0183228726508,40.43625095816678,0 -112.0185544502462,40.43636152932494,0 -112.0187627408145,40.43656960091897,0 -112.0189430623365,40.43672116312332,0 -112.0190865807795,40.43685593197301,0 -112.0192242458002,40.43699345528251,0 -112.0193819037258,40.43720557598156,0 -112.0194720065454,40.43731649153322,0 -112.0195721210889,40.43738767996323,0 -112.0196801264338,40.43751285146511,0 -112.0199067686851,40.43768652573464,0 -112.020031709968,40.43776199863142,0 -112.0202272130183,40.43790351504142,0 -112.0204177016726,40.4380252553851,0 -112.0205147448761,40.43812710012002,0 -112.0206755981092,40.43823829105511,0 -112.0208962836318,40.43840751112435,0 -112.0210219633299,40.43850054362476,0 -112.0210393735784,40.43851345275429,0 -112.0211458086682,40.43861251131936,0 -112.0213502499555,40.43879899131797,0 -112.0215436814907,40.43903691822774,0 -112.0216341454331,40.43917125238614,0 -112.0216490224325,40.43929724511207,0 -112.0216451731515,40.43943241218143,0 -112.0216064342032,40.43959941884642,0 -112.0215857190528,40.43978878882973,0 -112.0215708303752,40.43997360281907,0 -112.021586369433,40.44022120939481,0 -112.0216407660167,40.44038739298748,0 -112.0217026311937,40.44057963703076,0 -112.0217876252943,40.44074194596509,0 -112.0219259182374,40.44092000047053,0 -112.022082946444,40.44116725761689,0 -112.0222109851181,40.44136882552254,0 -112.0223568643337,40.44150266824148,0 -112.0225605815789,40.44164050405834,0 -112.022727737392,40.44177776188576,0 -112.0229607891228,40.44198380534652,0 -112.0230923051753,40.4421033601179,0 -112.0233189860541,40.44227792771014,0 -112.0234746425333,40.44243420530861,0 -112.0235645549101,40.44253160566831,0 -112.023783480633,40.44266119707684,0 -112.0240578881045,40.44279479999038,0 -112.0242068188972,40.44289618217878,0 -112.0244265845449,40.44300324204668,0 -112.02457647384,40.44316767678957,0 -112.0246387899712,40.44331126698723,0 -112.024677869381,40.44347758445858,0 -112.0247328229202,40.44367979696221,0 -112.0247603859281,40.44386423518239,0 -112.0247867703463,40.44404868315125,0 -112.024783734939,40.44423699529763,0 -112.0248097914721,40.44439982523021,0 -112.0247267862415,40.44467983611535,0 -112.0246985962096,40.44476476966453,0 -112.024687146283,40.44486486978118,0 -112.0246491798858,40.44500484397877,0 -112.0245456427611,40.44509765200175,0 -112.0243386664281,40.44521209784868,0 -112.0239635847626,40.44528298737046,0 -112.0237087758357,40.44535371206019,0 -112.0233746034483,40.44540081418506,0 -112.0231164482969,40.44548417923878,0 -112.0229521356517,40.44553518279772,0 -112.022758961933,40.44562698035566,0 -112.0225193093815,40.44576423414484,0 -112.0223201717476,40.44585157955668,0 -112.0220327908067,40.44602979417081,0 -112.0216618818158,40.44629883487929,0 -112.0214547680405,40.44648264449425,0 -112.0212252646551,40.44666755287885,0 -112.0210840818318,40.44680564471906,0 -112.0210346960507,40.44685391824358,0 -112.0209055254994,40.4469676699562,0 -112.0207878039764,40.44705879834158,0 -112.0206118868943,40.44712251334951,0 -112.0204169946985,40.44717918767598,0 -112.0203714204691,40.44720661663002,0 -112.0203500809896,40.4472770747343,0 -112.0204120593543,40.44732067058953,0 -112.0205009925674,40.44735321843322,0 -112.0205840040862,40.44738401687817,0 -112.0206909233679,40.44743622489978,0 -112.0209624741968,40.44745815061606,0 -112.0210891734828,40.44749270686483,0 -112.0212348173399,40.44753232050395,0 -112.0214772744317,40.4475797266792,0 -112.0217379637305,40.4476630069964,0 -112.0219283059594,40.44777303436802,0 -112.0222608317349,40.44792774943728,0 -112.02235040904,40.4480026318158,0 -112.0225341558382,40.44814424766747,0 -112.0227798576448,40.44832765642528,0 -112.0229676172172,40.44857824352084,0 -112.0232294419866,40.44881376029016,0 -112.0234753360327,40.44908725514591,0 -112.0236488177821,40.44925148222961,0 -112.0236636094415,40.44927035986237,0 -112.0238003500957,40.44944563277257,0 -112.0240266716484,40.44967245320615,0 -112.0240946148266,40.44979797507698,0 -112.0241558269284,40.44994607923537,0 -112.0242567858882,40.4500713087012,0 -112.0244122582128,40.45021407272829,0 -112.0246557232143,40.45040470479197,0 -112.0249883262449,40.45048553846426,0 -112.0254076490398,40.4505304672852,0 -112.0256798044349,40.45051363803587,0 -112.0257210326148,40.45051057009316,0 -112.0261740449278,40.45044438780785,0 -112.0264688908687,40.45036879790062,0 -112.026721438736,40.4503034932054,0 -112.0271681278077,40.45020943593047,0 -112.0275028688287,40.45012087597048,0 -112.0277549917929,40.45010512122536,0 -112.0282737967173,40.45010050766215,0 -112.0288689683223,40.45007719374823,0 -112.0293117497224,40.45011379122328,0 -112.0301676654234,40.45033048680481,0 -112.0306944554724,40.45038524916134,0 -112.0311726816987,40.45042602866521,0 -112.0314871279808,40.45055295048303,0 -112.0315793301632,40.45072149424754,0 -112.0315894353118,40.45091959917761,0 -112.0315340056655,40.45115072119969,0 -112.0314665179332,40.45128735668935,0 -112.0313591009848,40.45158921129703,0 -112.0311811007095,40.45190250620824,0 -112.0310562609362,40.45229910909306,0 -112.0309551591442,40.45255135817057,0 -112.030800200656,40.45282931242819,0 -112.0306358853158,40.45326680656252,0 -112.0305172205618,40.45360479602139,0 -112.030426194274,40.45389929680439,0 -112.030505776025,40.45416795193079,0 -112.0305795546593,40.45436548892481,0 -112.030756467973,40.45475219389904,0 -112.0308660363866,40.45497643792195,0 -112.0311320679664,40.45540649006792,0 -112.031271792824,40.4556746087447,0 -112.0315391521138,40.45619113329857,0 -112.0318973858761,40.45655729873531,0 -112.0321609479872,40.45682521118026,0 -112.0323408643689,40.45702179915277,0 -112.0325390219408,40.45725425902298,0 -112.0327164158532,40.45759411014365,0 -112.0328078320098,40.45786445996332,0 -112.0328194526163,40.45808417217454,0 -112.0328917310641,40.45826009945346,0 -112.0328506933269,40.45858388446791,0 -112.0326958740776,40.45879427338711,0 -112.0326159330005,40.45896525435359,0 -112.032599879208,40.45914917832729,0 -112.0326693594037,40.45945035444712,0 -112.0326381878633,40.45972540265513,0 -112.0325604665233,40.46004140726473,0 -112.0325540705184,40.4601397506132,0 -112.0325370411556,40.46042179012296,0 -112.0325370959528,40.46042539278355,0 -112.0325470438963,40.46049737487271,0 -112.0325826594024,40.46072047607286,0 -112.0326458999,40.46099918527432,0 -112.0328804832584,40.46129888567268,0 -112.033092587175,40.4616708574096,0 -112.0331824537378,40.46214752308924,0 -112.0331571113653,40.46241801520008,0 -112.033159250254,40.46255763297535,0 -112.0332430388155,40.46271453936332,0 -112.0334180557857,40.46282108035172,0 -112.0338294266936,40.4628804636681,0 -112.0343220286594,40.46300668465111,0 -112.0347981177937,40.46320962642203,0 -112.0351128488417,40.46342752502831,0 -112.0352932754665,40.46365563441826,0 -112.0353169128366,40.46368947632973,0 -112.0355646439375,40.46404508806736,0 -112.0356067515681,40.46409876418008,0 -112.0357737133451,40.46421798641173,0 -112.036034083742,40.46427511106467,0 -112.0365777459486,40.46434591076571,0 -112.0372105839134,40.46438617877997,0 -112.0376288215434,40.46443107233515,0 -112.0379730793165,40.46457392477176,0 -112.0380441180891,40.46459130408972,0 -112.0381815190051,40.46462880810805,0 -112.0382284299275,40.46461127024072,0 -112.038373767459,40.46455140662565,0 -112.0386820324336,40.46436377539003,0 -112.0386892782447,40.46435938629305,0 -112.0388056864308,40.46425924276866,0 -112.0390917800859,40.46399541488307,0 -112.0393217487986,40.46376362146778,0 -112.0394100594792,40.46367724318736,0 -112.0397863978877,40.46322341588485,0 -112.0401694619828,40.46282358045834,0 -112.0404521671926,40.46246320464469,0 -112.0405396154905,40.4623517885986,0 -112.0408676550795,40.46182632169074,0 -112.0411513690973,40.46148593494598,0 -112.0414448549888,40.46101483084213,0 -112.0416464297521,40.4607022092743,0 -112.0419247952008,40.46039790361014,0 -112.0423501492844,40.46006524537645,0 -112.0429067508243,40.45983049937885,0 -112.0434643243414,40.45965880294484,0 -112.0435734624619,40.45961574616965,0 -112.0437796635489,40.45953433635737,0 -112.0441066000066,40.45939715170127,0 -112.0446008566692,40.45917377065596,0 -112.0450894790983,40.45896755570465,0 -112.0453739207516,40.45875237459735,0 -112.0454869512722,40.45851171646521,0 -112.0455348503415,40.45817795595923,0 -112.0455726882795,40.45795599598306,0 -112.0455996754673,40.45771881955589,0 -112.0457817469074,40.45744330312554,0 -112.0462249612956,40.45712398215618,0 -112.0463769319871,40.45703702254704,0 -112.046680103514,40.45681356051728,0 -112.0470973161663,40.45664311816115,0 -112.0476730302622,40.45650276833954,0 -112.0484055641556,40.45628441869879,0 -112.0493405657376,40.45604170386539,0 -112.0498448296324,40.45593352258296,0 -112.0504196463114,40.45581208603562,0 -112.0511685322379,40.45566023535999,0 -112.0519769638913,40.45547000098637,0 -112.0526310011985,40.4552865720761,0 -112.0532128687541,40.45516415621289,0 -112.0538298981666,40.45502790387057,0 -112.054254103305,40.4549294429889,0 -112.0546553528947,40.4547960549052,0 -112.0550608488207,40.45455722339311,0 -112.0554584027412,40.45441395661524,0 -112.0559350299663,40.45427447024532,0 -112.0565583646538,40.45416517261334,0 -112.0570804304626,40.45406580612839,0 -112.0574745806666,40.45393157282561,0 -112.0577216029967,40.45381580069294,0 -112.0578933069801,40.45363495315993,0 -112.0580390622282,40.4535291167053,0 -112.058347629935,40.45335242102215,0 -112.0586340469836,40.45319214332057,0 -112.0588929270754,40.45308076453299,0 -112.0591524566492,40.45301082040019,0 -112.0593905021147,40.45299963048062,0 -112.0594828615023,40.45294833386919,0 -112.0595387151534,40.45282530195586,0 -112.0596057842708,40.45259045683639,0 -112.0596468094315,40.45243936242586,0 -112.0596905169617,40.45227887474111,0 -112.0597402512891,40.45206671069007,0 -112.0598477535774,40.45177834243047,0 -112.0600080175157,40.45147057230324,0 -112.0602398053169,40.45121169390355,0 -112.0604830286716,40.45093018857351,0 -112.0607122419012,40.45065781956519,0 -112.0610500156345,40.45038985928705,0 -112.0616169154609,40.45006934405652,0 -112.0620695621595,40.44990753069143,0 -112.0623786257364,40.44983892583595,0 -112.0627275089349,40.44975283726967,0 -112.0628391255072,40.44972667605808,0 -112.0628942299634,40.44971382787117,0 -112.0630682363289,40.44967312859945,0 -112.0634960014908,40.44957910530579,0 -112.0638783792729,40.44944856199334,0 -112.064159595076,40.44933426349811,0 -112.0645697128341,40.44916832761267,0 -112.0648117144801,40.44905006442819,0 -112.0649079051824,40.44900305304557,0 -112.0651843437448,40.44881041882774,0 -112.0653925220236,40.44855174825136,0 -112.0655823576028,40.44825180504858,0 -112.0657174309838,40.44799380773241,0 -112.0656809881294,40.44777703010232,0 -112.065718018482,40.44765777185773,0 -112.0658600690779,40.44754295076709,0 -112.0660510383309,40.44731506695278,0 -112.0662714256128,40.44708330827532,0 -112.066333496504,40.44690706324266,0 -112.0664482670613,40.44670780961336,0 -112.0665725687438,40.44651477367943,0 -112.0668006267399,40.44639555421282,0 -112.0671834923073,40.44629742728345,0 -112.0676285356653,40.4462536783147,0 -112.0680062880221,40.44620514457898,0 -112.0683117107271,40.44620592597012,0 -112.0686475890152,40.44619381201436,0 -112.0687480907326,40.44621090075817,0 -112.0689006695836,40.44624011985439,0 -112.0689783558894,40.44623129348878,0 -112.0691383602145,40.44620819220929,0 -112.0695383207217,40.44607296288075,0 -112.0698493318461,40.44597999623402,0 -112.0701296304693,40.44588370972712,0 -112.070464812563,40.44575358104041,0 -112.0707234087872,40.44570163764648,0 -112.0709520075692,40.44569141180524,0 -112.0711461451802,40.44581303413327,0 -112.0712731229439,40.44593798143941,0 -112.0713955507407,40.44614765385783,0 -112.0715105045544,40.44633217076013,0 -112.0718150549952,40.44664916125758,0 -112.0718758673467,40.44676571276553,0 -112.0724448359932,40.44695142294614,0 -112.0727232544424,40.44703352274074,0 -112.0731064532848,40.44703086618041,0 -112.0734431939555,40.44707278390106,0 -112.0737305344722,40.4470484940901,0 -112.0740326702416,40.44699073269167,0 -112.0743796238588,40.44693345524964,0 -112.0748859610653,40.44688820818936,0 -112.0753219251508,40.44701478188804,0 -112.0756117926284,40.4470751465019,0 -112.0758722564501,40.44714028889761,0 -112.0759206549827,40.44714344244699,0 -112.0763513747035,40.44716285526429,0 -112.0764798176195,40.44715715453999,0 -112.0766154210066,40.44715679290395,0 -112.0766775359152,40.44713279092838,0 -112.0767361707504,40.44711242513256,0 -112.0769236949643,40.44704040956186,0 -112.077188501242,40.44693433985955,0 -112.0774612297623,40.44673360352546,0 -112.0775711224676,40.44667402135776,0 -112.0778183298507,40.44672126543534,0 -112.0780003168491,40.44674569414065,0 -112.0783552034887,40.44674238402219,0 -112.0786557519349,40.44665940062568,0 -112.0786952032473,40.44664876270288,0 -112.0787978231921,40.44662113868733,0 -112.0790315720155,40.44663787525446,0 -112.0792556900008,40.44671596186061,0 -112.0796174227011,40.44677204177526,0 -112.0799007234939,40.44686398872509,0 -112.0803918944435,40.44697651399938,0 -112.0807639398033,40.44730816512011,0 -112.0809619590346,40.44752342662979,0 -112.0810368964956,40.44771101056026,0 -112.0811147516847,40.44785982959375,0 -112.0811191875655,40.4479895153227,0 -112.0812264329357,40.44813265360635,0 -112.0812911987728,40.44820051506716,0 -112.0814382817309,40.4482540930944,0 -112.0815438328785,40.44821797108364,0 -112.0816588738287,40.4481853635009,0 -112.0819518881047,40.44807361410016,0 -112.0822138413331,40.44793693037585,0 -112.0824530950326,40.44785541207393,0 -112.0828196256349,40.44776909742446,0 -112.0832230320795,40.44762928416466,0 -112.0840120610211,40.44756423042958,0 -112.0846303103457,40.44758545744683,0 -112.0850539468505,40.44760400330943,0 -112.0853805203889,40.44767300831138,0 -112.0856753330921,40.44774681496199,0 -112.0859064785979,40.44782121901137,0 -112.0861980447897,40.44791307223795,0 -112.0864633110048,40.44798264979085,0 -112.0867426933464,40.4481232641927,0 -112.0874001262854,40.44830716794166,0 -112.0876300967948,40.448381579574,0 -112.0877246094441,40.4483924011135,0 -112.0878025715327,40.44840067620611,0 -112.0879127049865,40.44835639744161,0 -112.0880695526318,40.44821077949251,0 -112.0881972858786,40.44808795766148,0 -112.0882996471086,40.44800050919589,0 -112.0885514116451,40.44789093338231,0 -112.0887623306839,40.44780786731919,0 -112.0891028550587,40.44779114608297,0 -112.0895453876255,40.44773832786783,0 -112.0899683414108,40.4477874921573,0 -112.0902294915453,40.44782106451434,0 -112.090512897441,40.44784541762225,0 -112.090790699646,40.44788784070968,0 -112.0910385897487,40.44790351872617,0 -112.0913917336565,40.44786505036079,0 -112.0915926787008,40.44782171258164,0 -112.0917677280103,40.44778132115839,0 -112.0919920202687,40.44772334778511,0 -112.0923097912157,40.44768521087072,0 -112.0926162415934,40.4477489799741,0 -112.092840477258,40.44776037311834,0 -112.093082909197,40.44780312507858,0 -112.0933065501768,40.44785055840742,0 -112.0934364636349,40.44786284296833,0 -112.0935222266934,40.44784311315579,0 -112.093562197232,40.44783552776221,0 -112.0937190340974,40.44776287378541,0 -112.0940563766394,40.44762274741593,0 -112.0942219729772,40.44750856955045,0 -112.0946306929567,40.44733443255068,0 -112.0949392283242,40.44723601645304,0 -112.0950491794201,40.44718092134099,0 -112.0954787133647,40.44705433154821,0 -112.0958131175175,40.44702413522444,0 -112.0959242525929,40.44704199966958,0 -112.0959999006212,40.4470529943814,0 -112.0961259531202,40.44704549298429,0 -112.096230798192,40.44703909290345,0 -112.0966729319068,40.44703489887451,0 -112.096796816771,40.44703912913549,0 -112.096938431684,40.44704589290387,0 -112.0970464621817,40.44701784110323,0 -112.0972142863414,40.44696850192663,0 -112.0973575846972,40.44693380868345,0 -112.0976833299889,40.44680639328914,0 -112.0979720260634,40.44664869980917,0 -112.098164504486,40.44659281804367,0 -112.0984102736663,40.44655084396618,0 -112.0985701648037,40.44652139735673,0 -112.0989233599156,40.44641443811681,0 -112.0991224714983,40.44633146525346,0 -112.0993798720649,40.44620739782922,0 -112.0997188468457,40.44602399695808,0 -112.0999883288546,40.44591783062651,0 -112.1001744687646,40.44586389798106,0 -112.1003580251198,40.4458107104553,0 -112.1006855697371,40.44572200797163,0 -112.1009600742266,40.44563471092967,0 -112.1011803878467,40.44555063166048,0 -112.10141994877,40.44541772059867,0 -112.1015177348803,40.44534021357871,0 -112.1016409424148,40.44523093354661,0 -112.101758388155,40.44512981603114,0 -112.1018787219789,40.44498903197555,0 -112.1020001616289,40.4448437328296,0 -112.1021623497585,40.44466651387956,0 -112.1023759727263,40.4443897072076,0 -112.1025725708229,40.44415360203455,0 -112.1028275414466,40.44395387604098,0 -112.1030455032772,40.44387071692054,0 -112.1033308881616,40.44365628529489,0 -112.1035811974273,40.44346020583179,0 -112.1039150634891,40.44311017731735,0 -112.1041151748967,40.44294520575689,0 -112.1043384673303,40.44275568878891,0 -112.1045975971538,40.44259465702368,0 -112.1050721932881,40.44248651972546,0 -112.105285198215,40.44246105986537,0 -112.1053851277055,40.44244298773432,0 -112.1056909133299,40.44239501869357,0 -112.1059302945902,40.44232426149289,0 -112.106387657444,40.44217213968578,0 -112.1067135662291,40.44198523901236,0 -112.1071233659837,40.44173717540083,0 -112.1074037948625,40.44158133852203,0 -112.1076842965049,40.44143000536815,0 -112.1080356806131,40.44128700048562,0 -112.1085625676801,40.44106123197364,0 -112.10894820994,40.44092240020667,0 -112.1093202211638,40.4408152290022,0 -112.1096170874157,40.44065562559906,0 -112.1100411622984,40.4404164231818,0 -112.1102663870081,40.44020255210427,0 -112.1107124930732,40.43986944383501,0 -112.1110334772939,40.43959969711187,0 -112.1114411183968,40.43929398248595,0 -112.1117030428791,40.43908966533823,0 -112.1119119101658,40.43895702797383,0 -112.1120056260095,40.43892009145893,0 -112.1121047254567,40.43892364262705,0 -112.1122723367157,40.43907788238027,0 -112.1124568389969,40.43925538339189,0 -112.1126666324467,40.43946507186953,0 -112.1130199946452,40.43972923263971,0 -112.1132852051648,40.44008162724804,0 -112.1135313228914,40.44034862086357,0 -112.1136718059271,40.44057338948059,0 -112.1139636218505,40.44082282544338,0 -112.1141775466523,40.44099643578391,0 -112.1144359802815,40.44129483958042,0 -112.1145193565162,40.44155979648363,0 -112.1145422626577,40.4418757860252,0 -112.1145676715055,40.44227192985799,0 -112.1145837756036,40.4425330311184,0 -112.114592167665,40.44304104867336,0 -112.1146306128642,40.4432983307489,0 -112.1145976707444,40.44373107261847,0 -112.1145800287305,40.44409069570862,0 -112.1144627869079,40.44441704500728,0 -112.1144123366232,40.44457518604354,0 -112.1143105440268,40.44483742346401,0 -112.1142502374268,40.44511277418381,0 -112.1142476368041,40.44545513550926,0 -112.1141592569531,40.4457442699126,0 -112.11396381409,40.44597677973574,0 -112.1138150800284,40.44625298237811,0 -112.1136370923296,40.44654298019004,0 -112.1135293888186,40.44694761310853,0 -112.1134718220803,40.44724636032576,0 -112.1134283031963,40.44746749568736,0 -112.1135513562206,40.44792125646891,0 -112.1137083628676,40.44814586577713,0 -112.1138265703792,40.44830598461212,0 -112.1139385220232,40.44851571253527,0 -112.1140345815715,40.44869135997906,0 -112.1141179622978,40.44902748639033,0 -112.1140989817942,40.44923487209594,0 -112.1140341180408,40.44952017644602,0 -112.1141358477551,40.44975342584559,0 -112.1142629189437,40.45002156434482,0 -112.1144017850118,40.45021842036681,0 -112.1145691025217,40.4503528401875,0 -112.1146961799984,40.45054980871462,0 -112.1147930363524,40.45070202503693,0 -112.1148325047327,40.45072831028146,0 -112.1153105503977,40.45104747571156,0 -112.1156140030973,40.45121301253098,0 -112.1159941440744,40.45130934062072,0 -112.1164176611033,40.45131876376819,0 -112.1165786877112,40.45137909922384,0 -112.1166965215237,40.45142327551078,0 -112.1170357693924,40.45161368676695,0 -112.1171928263451,40.45176892276534,0 -112.1174838840904,40.45196880736637,0 -112.1176040921501,40.45203521167852,0 -112.1177338232502,40.45210692864475,0 -112.1179317939725,40.4522401463892,0 -112.1181980779789,40.45236819813822,0 -112.1186600366138,40.452490752391,0 -112.1188286216466,40.45253011084768,0 -112.1189382475523,40.45255562568053,0 -112.1193226555269,40.45269514432829,0 -112.1195689762728,40.45289906056718,0 -112.1198363867666,40.45302349433198,0 -112.1202589228352,40.4532572326215,0 -112.1206348956294,40.4535274563447,0 -112.1209905188874,40.45392129697003,0 -112.1212965731081,40.45424174461287,0 -112.121532736603,40.45461422023556,0 -112.1217808881154,40.45499829077333,0 -112.1219501944953,40.45525069581846,0 -112.1220736050491,40.45550895167697,0 -112.1222677013375,40.45590435623199,0 -112.1223300875374,40.45603888224647,0 -112.1225512527604,40.45628898125629,0 -112.1226964869856,40.45651189069041,0 -112.1229187742043,40.45675837414607,0 -112.1230446129043,40.45687877071138,0 -112.123363938835,40.45728646918187,0 -112.1234219026287,40.45750932472639,0 -112.1236089165995,40.45783272443992,0 -112.1237025129672,40.45807054843343,0 -112.1238454645733,40.45822681255049,0 -112.1239346780608,40.4583430596397,0 -112.1242638333573,40.45856147504175,0 -112.1246179357676,40.4586490191252,0 -112.1248837176158,40.45874462912818,0 -112.1250808196672,40.45882378980428,0 -112.1254253397484,40.45890241588816,0 -112.1256599527511,40.45896769718954,0 -112.1257743451177,40.45903775268369,0 -112.1258552869181,40.45922344672223,0 -112.1259551391535,40.4592702206157,0 -112.1261448831044,40.459332334229,0 -112.1264143067228,40.45950447987106,0 -112.1266282324228,40.45967266148604,0 -112.1267797503635,40.45984685605156,0 -112.1269829304161,40.46000703380961,0 -112.1271399343682,40.4602271190338,0 -112.1272557766157,40.46038364332787,0 -112.1277524802891,40.46088689467647,0 -112.1279496928333,40.46104262459556,0 -112.128269414921,40.46118904995011,0 -112.1284648479027,40.46130876056519,0 -112.1287684721805,40.46140939717449,0 -112.1290949558874,40.46153683614164,0 -112.1293569585231,40.46168742551123,0 -112.1297334541368,40.46191347057378,0 -112.1300236818388,40.46227008479319,0 -112.1302254704011,40.46241675693762,0 -112.1305814116627,40.4626123703307,0 -112.1308617911342,40.4628033164696,0 -112.1309255158239,40.46294593247303,0 -112.1310866987387,40.46313263953116,0 -112.1312995123244,40.46351433147307,0 -112.1314762387886,40.46385403473911,0 -112.1316052817791,40.46416357500306,0 -112.1316173362719,40.46419309589564,0 -112.131660633272,40.46429906591049,0 -112.131732752718,40.46437943931073,0 -112.1318329633812,40.4644469248713,0 -112.1321239214135,40.46449452414749,0 -112.1323563119842,40.46452422874142,0 -112.1324844440831,40.46454054053076,0 -112.1325355977486,40.46455238121838,0 -112.132839676574,40.46462264275644,0 -112.133112053853,40.46468753850439,0 -112.1334501446916,40.46487250751309,0 -112.1337679183335,40.46511172745557,0 -112.1340074945282,40.46533009214662,0 -112.1341533324213,40.46558541218053,0 -112.1342799661303,40.46575083185458,0 -112.1345718161897,40.46599120503321,0 -112.1346575954178,40.46611198144108,0 -112.1350235016909,40.46626694337578,0 -112.1356234352652,40.46645023500867,0 -112.1358244036656,40.46650474502849,0 -112.136187475754,40.46660324567021,0 -112.1364001384228,40.46662367731834,0 -112.136690141546,40.46668388694893,0 -112.1370211401855,40.46679684444429,0 -112.1372005193747,40.46694192253489,0 -112.1377301507948,40.46722228918136,0 -112.1380958854897,40.46750606831577,0 -112.1384717963001,40.46776362098741,0 -112.1385866504008,40.46792915215999,0 -112.1386904722914,40.46813983574661,0 -112.1387173157487,40.46833235987661,0 -112.1387359342313,40.46838713011336,0 -112.138807024208,40.4684756161091,0 -112.1391753029317,40.46856027287385,0 -112.1396659645366,40.46862750615822,0 -112.1401414994103,40.46863722962463,0 -112.1403410287096,40.46864787363401,0 -112.1405891011703,40.46859948113565,0 -112.1406330180079,40.46854589541203,0 -112.1408527243668,40.46849417875837,0 -112.1409514869458,40.46847518624725,0 -112.1411024578125,40.46854396411094,0 -112.1411521544106,40.4686227510355,0 -112.1412384366953,40.46877234588744,0 -112.1413650578279,40.46900532411788,0 -112.1414504211361,40.46917024263891,0 -112.141540721585,40.46927835681841,0 -112.1418015411396,40.46942532597121,0 -112.1420590216562,40.46958403961117,0 -112.1423690239725,40.46977916879155,0 -112.1425967747449,40.46999312821214,0 -112.1427944301585,40.47017134987183,0 -112.1429662509229,40.47028676511101,0 -112.1431095214309,40.47038804773638,0 -112.1432284089672,40.47044272677324,0 -112.1433180141202,40.47044003833587,0 -112.143400572888,40.47043922169058,0 -112.1435238765422,40.47040647112977,0 -112.1436893794553,40.47035798764151,0 -112.143895408964,40.47033432744598,0 -112.1441317673933,40.4702905476566,0 -112.1444476967939,40.47027841070729,0 -112.1448613602025,40.47039503125484,0 -112.1452272988149,40.47041032405734,0 -112.1456358346398,40.47043330152423,0 -112.1458024990745,40.47045327072225,0 -112.1459312240615,40.47046190392525,0 -112.1460333427463,40.47043206323013,0 -112.1460791406561,40.47041989760419,0 -112.1463073639423,40.47031403360401,0 -112.1467472213262,40.47009796353483,0 -112.1470611861113,40.46990115892343,0 -112.1472142311879,40.46981405662374,0 -112.1474954317196,40.46970225845325,0 -112.1476239545856,40.46962981331983,0 -112.1479285750951,40.469577239158,0 -112.1482338846124,40.46956519775495,0 -112.1485350906255,40.46958923135452,0 -112.1487300753478,40.46960981517443,0 -112.1487676626559,40.46960043286234,0 -112.148862733159,40.46957246155049,0 -112.1489733013975,40.46948487839785,0 -112.1490783234373,40.46934870225415,0 -112.149122952639,40.46926808057657,0 -112.1492249734075,40.46916346469597,0 -112.1493251723926,40.46909039845512,0 -112.1495416816474,40.46892068158213,0 -112.1496929273985,40.46879755863905,0 -112.1498642648693,40.46860757058752,0 -112.1500709214021,40.46841362712915,0 -112.150332303302,40.46824706588873,0 -112.1504322696235,40.46816048766816,0 -112.1505861779811,40.46805535477144,0 -112.1507923368472,40.46803978875219,0 -112.1509797793144,40.46803341800734,0 -112.1513341027102,40.46812898526723,0 -112.1515308014181,40.46818107807665,0 -112.1518444886237,40.46824551865407,0 -112.1520919008227,40.46829710496849,0 -112.1522406402742,40.46830372991573,0 -112.1524405854935,40.46833867250352,0 -112.1526420794083,40.46839522027423,0 -112.1527612948297,40.46846880392577,0 -112.1529282341488,40.46850497587312,0 -112.1529824232217,40.46850083170573,0 -112.1530825781893,40.46849442751778,0 -112.1531462022677,40.46849018903983,0 -112.1532837118798,40.46846088940902,0 -112.1535009712279,40.46840466904502,0 -112.153653595893,40.46836260608126,0 -112.1539341783838,40.46821566398933,0 -112.1541155931554,40.46813277408504,0 -112.1543596905709,40.4679907001042,0 -112.1546645733884,40.46781648770251,0 -112.1548674677768,40.46767932816113,0 -112.1551268167892,40.46753259643284,0 -112.155323173239,40.46742703268471,0 -112.155463676936,40.46736616969068,0 -112.1558466170635,40.46727315390951,0 -112.1560276195084,40.46723530829197,0 -112.1561465851981,40.46715664275514,0 -112.1561787421903,40.46710587225056,0 -112.1561698120381,40.46699785571997,0 -112.1561248019508,40.46691812786872,0 -112.1559945390481,40.46681943359696,0 -112.1558158821043,40.46665005338039,0 -112.155724421032,40.46647529691159,0 -112.155688289893,40.46636304827234,0 -112.1556285168923,40.46617896635807,0 -112.1556727714964,40.46600825730474,0 -112.1557762556205,40.46585227167568,0 -112.1558206431753,40.46575813638517,0 -112.1559001288066,40.46550960010425,0 -112.156002174728,40.46526984644706,0 -112.156188693727,40.46486618909286,0 -112.1562308633414,40.46464279957902,0 -112.1562438341158,40.46457375254368,0 -112.1562811860653,40.4643445561733,0 -112.1564084728495,40.46413247669635,0 -112.1566366997289,40.46389145988866,0 -112.1567544949138,40.46381370694542,0 -112.1569763195002,40.46368085865905,0 -112.1571868136358,40.46357515079911,0 -112.1573855955369,40.46340559632109,0 -112.1575601112471,40.4631966468552,0 -112.1577088354272,40.46299696378686,0 -112.1578918509967,40.46280234253496,0 -112.1581511155675,40.46258353357549,0 -112.1583588779264,40.46238776290097,0 -112.1587536955786,40.46209552401992,0 -112.1590161680332,40.46185776280139,0 -112.1593526697522,40.46153547670827,0 -112.1596831617418,40.46127541092576,0 -112.1599079678366,40.46111099656489,0 -112.1599788170648,40.46104722442134,0 -112.1600678967033,40.46101479940203,0 -112.1601773788785,40.46107135675626,0 -112.1603194456441,40.46110236215988,0 -112.1605088994392,40.46114550410071,0 -112.16074651551,40.46124581766909,0 -112.1610072838605,40.46132067427117,0 -112.1613390236101,40.4614074294439,0 -112.1616411279385,40.46148547223252,0 -112.1619531496676,40.46172827607198,0 -112.1622313615043,40.4618570068808,0 -112.1624460642471,40.46192781869913,0 -112.1626762225044,40.4620056818138,0 -112.1629551637731,40.46203981161424,0 -112.1630733847595,40.46205573852951,0 -112.1631968042964,40.4620995407736,0 -112.1634101748376,40.46216135514521,0 -112.1636521270762,40.46223909769871,0 -112.1638075428069,40.46229158533662,0 -112.1640631835738,40.46241062965711,0 -112.1642241230452,40.4624414403381,0 -112.164513509924,40.4624655509847,0 -112.1646360598917,40.4624589111088,0 -112.1647020519292,40.46245554366968,0 -112.1649673055679,40.46237989892763,0 -112.1651501810002,40.46231499411548,0 -112.1652453745726,40.46229511613279,0 -112.1654186631841,40.462289765261,0 -112.165571862771,40.46235038133901,0 -112.1657382047105,40.46242077367214,0 -112.1658743812227,40.46245183176331,0 -112.1660473832717,40.46256629999965,0 -112.1662322574555,40.46268515177988,0 -112.1664407950605,40.46280826952514,0 -112.1667673694972,40.4629365013877,0 -112.1703488582119,40.46469664129091,0 -112.1719779943021,40.46549722855601,0 -112.1720635884773,40.4656035648845,0 -112.1721729377019,40.46578713580136,0 -112.1722482434722,40.465980061015,0 -112.1723379402533,40.46611878702917,0 -112.1724649656277,40.46630127740611,0 -112.1725912498921,40.46650900003392,0 -112.1726550662099,40.4666515917673,0 -112.1727654368189,40.46689370923051,0 -112.1727909238202,40.4669348908179,0 -112.1728735005543,40.46707098574517,0 -112.1736165707877,40.46693281526868,0 -112.1738714650546,40.46693923600766,0 -112.174158753469,40.4669092912341,0 -112.174388959337,40.46692046516863,0 -112.174755731586,40.46698430349544,0 -112.1750399504571,40.46704898031759,0 -112.1752995249466,40.46709381673603,0 -112.1753357279509,40.46710002491623,0 -112.1756020999922,40.46715587322578,0 -112.1758618694162,40.4671712480927,0 -112.1760100734717,40.46721478388506,0 -112.1761286358179,40.46724961222524,0 -112.1762347771586,40.46724853242532,0 -112.1764232365187,40.4672331008524,0 -112.1765237157782,40.46724559099557,0 -112.1767909546937,40.46735097597374,0 -112.1768989043431,40.46745347745625,0 -112.1771311413019,40.46758083866538,0 -112.1773507524394,40.46766058144846,0 -112.1777348280375,40.46770171199307,0 -112.1779721934783,40.46778487647767,0 -112.1783625608765,40.46784846248741,0 -112.1788722020867,40.46798740538387,0 -112.1791740405137,40.4680473875834,0 -112.1795170783746,40.46810244440094,0 -112.1796652069717,40.46814147182678,0 -112.1798006917812,40.46813198133098,0 -112.1798772551928,40.46812579443186,0 -112.1800466064885,40.46802947336652,0 -112.1801867095369,40.4679469638921,0 -112.1803866475697,40.46791339133939,0 -112.1805531736638,40.46792520341256,0 -112.1807172572386,40.46786497029196,0 -112.1807981595131,40.46783711717093,0 -112.1811452002669,40.46778402289582,0 -112.1815119779058,40.46778027369621,0 -112.1817892887324,40.46785401315595,0 -112.1819903307946,40.46788348800485,0 -112.1822983999365,40.46796231670882,0 -112.1825881155988,40.46800349559076,0 -112.1828599197526,40.46803224459289,0 -112.1831196945665,40.4680476028574,0 -112.1836747815469,40.46808696313533,0 -112.1840708146196,40.46813695927969,0 -112.1844965693519,40.4682001622476,0 -112.1849285386293,40.46828131758136,0 -112.185437870819,40.46833465133906,0 -112.1859149660664,40.46836579143815,0 -112.186228770053,40.4683679762881,0 -112.1866993974304,40.4683667488904,0 -112.1870067443267,40.46840413188799,0 -112.1875565743661,40.46847956209056,0 -112.1881394848657,40.46842402309773,0 -112.1886301886913,40.46849104739658,0 -112.1889669419385,40.4685236184726,0 -112.1891560211362,40.46854329437455,0 -112.1893155682188,40.46856057083815,0 -112.1897282650401,40.46855181916178,0 -112.1899372500062,40.46856318075925,0 -112.1902118030048,40.46854684056041,0 -112.1902821671427,40.46852359387002,0 -112.1903810599773,40.46844600073855,0 -112.190561394974,40.4683045076328,0 -112.1906648323857,40.46815029258087,0 -112.1907139262143,40.46792456784055,0 -112.1909047661099,40.46764333003962,0 -112.1910126007749,40.46747105216933,0 -112.1912438531802,40.46720741458814,0 -112.1914767602822,40.46697078612266,0 -112.1916026169485,40.46681724049558,0 -112.1917355972549,40.46666632364807,0 -112.1919445319153,40.46647498526951,0 -112.1920077059376,40.46637884089441,0 -112.1920881249185,40.46625729405987,0 -112.1921565738482,40.46612596098482,0 -112.1922366577574,40.46598549907195,0 -112.1923094895674,40.46576853686541,0 -112.1923399765915,40.46563155971922,0 -112.1923477389339,40.46559697589294,0 -112.1924054467078,40.46545854677908,0 -112.1924495755478,40.46535268862693,0 -112.192622965669,40.46515270647075,0 -112.1928372318306,40.4649297805996,0 -112.192898263371,40.46487266607163,0 -112.19292286104,40.46484961972491,0 -112.1929880697465,40.46478858763527,0 -112.1931385088105,40.46462487693612,0 -112.1932092664105,40.46462414701755,0 -112.1933993849589,40.46436993803161,0 -112.1936344444244,40.46432246715528,0 -112.1938049626316,40.46429367965901,0 -112.1939572324622,40.4642335498995,0 -112.1942260748705,40.46409564081473,0 -112.1944116479436,40.46391805162753,0 -112.1945839915275,40.46365952122239,0 -112.1946863752154,40.46344675680965,0 -112.1947954531487,40.46327896669627,0 -112.1949399884847,40.46311531451257,0 -112.1951289167653,40.46286111553601,0 -112.1953032321513,40.46264760703538,0 -112.1953829064288,40.46248462516075,0 -112.1955396292082,40.46234336827843,0 -112.1956974703901,40.46226516108714,0 -112.1958737989006,40.46223180577128,0 -112.1964325024983,40.46214494435846,0 -112.1967506588225,40.4621281378387,0 -112.1974933436786,40.46210693181857,0 -112.1978224917886,40.46204496429947,0 -112.1982229328945,40.4619462211753,0 -112.1987563866462,40.46183258435216,0 -112.1991265653067,40.46175667440433,0 -112.1994378459257,40.46168497730638,0 -112.199690515964,40.46163370783008,0 -112.199913288273,40.46155932522542,0 -112.2002297575611,40.46144793365228,0 -112.200951696724,40.46125575476599,0 -112.2013636075194,40.4612055293183,0 -112.2018104457114,40.46112971434906,0 -112.2020692332768,40.46109098768117,0 -112.202426888524,40.46097465786115,0 -112.2027433506256,40.46086325985068,0 -112.2031660214415,40.46075525993675,0 -112.2035422466622,40.46068828123008,0 -112.2039073210954,40.46065745265786,0 -112.2041668291096,40.46065925364012,0 -112.2045323859381,40.46065544457969,0 -112.2048565097707,40.46064305778417,0 -112.2054526569461,40.46067287617278,0 -112.205788492115,40.46065586013843,0 -112.2059358131267,40.46064981881637,0 -112.206212687372,40.46063341654565,0 -112.2065755842889,40.46048098350059,0 -112.2068434987375,40.46029350698274,0 -112.2071640885978,40.46008385819444,0 -112.2074070586276,40.4598867310207,0 -112.2077229925198,40.45968073287519,0 -112.2079457495574,40.45960633443818,0 -112.2082680749628,40.45949395949253,0 -112.2087494623607,40.45937271255794,0 -112.2091078236837,40.45929689415322,0 -112.2094608535055,40.4592526608443,0 -112.210008287738,40.45919738283717,0 -112.2102986915098,40.45921235967863,0 -112.2106868059333,40.45921730342995,0 -112.2109639146389,40.45921440060796,0 -112.2112820529968,40.45919755371206,0 -112.2114595780632,40.45923172799961,0 -112.2117719016263,40.45921944551702,0 -112.2120028953167,40.4592755806135,0 -112.212173926462,40.4592764889834,0 -112.2122307538869,40.45928850557461,0 -112.2122568715054,40.45923237732388,0 -112.2122612588773,40.45917467492622,0 -112.2122654602979,40.45911967777354,0 -112.2123437826109,40.45884471935857,0 -112.2123542084581,40.45880794414315,0 -112.2123782797144,40.45867084890998,0 -112.2123970032999,40.45856425896193,0 -112.2123861678209,40.45828960516921,0 -112.2123572411705,40.45799261924166,0 -112.2124106936248,40.45768576067872,0 -112.2124127902927,40.45765808173406,0 -112.212434505268,40.45737020362943,0 -112.2124296247211,40.4573545797689,0 -112.2123656844358,40.45715021089055,0 -112.2124122692698,40.45678937197096,0 -112.2124779504901,40.45656580590504,0 -112.2125011755335,40.45648664530247,0 -112.2125858282743,40.45628846519173,0 -112.2126132134157,40.45622421546764,0 -112.2127331968967,40.4560429615637,0 -112.2127693648666,40.45598834941016,0 -112.2128954245521,40.45578432907974,0 -112.2129105063674,40.45576390096996,0 -112.2131141930699,40.45548924803301,0 -112.2132372532807,40.45511859684744,0 -112.2133137151827,40.45477996563582,0 -112.2133647305077,40.45433800000606,0 -112.2134164743664,40.45393656686487,0 -112.2134652394116,40.45369732216445,0 -112.2136067105941,40.4533670163736,0 -112.2138148933646,40.45313961097743,0 -112.2140403552295,40.45288950229563,0 -112.2141698042586,40.4525467099134,0 -112.2141892348182,40.45231588115893,0 -112.2141297079559,40.45195705605961,0 -112.2140905099685,40.45174486091511,0 -112.2139885071662,40.45164683612951,0 -112.2138634095764,40.45157607978169,0 -112.2135917213052,40.45122308577724,0 -112.2134956150446,40.45112499802455,0 -112.2134108131834,40.45099976573717,0 -112.2133918614259,40.45096230811314,0 -112.2133313401286,40.45084294614727,0 -112.2134271840812,40.45059870366486,0 -112.2134757847347,40.45035045172551,0 -112.2134542107948,40.45013446782745,0 -112.2132836386887,40.44982995980596,0 -112.2130826208809,40.44947171889773,0 -112.2129012339571,40.44922137644474,0 -112.2128213593552,40.44904203893054,0 -112.2128300721152,40.4488707804616,0 -112.212833781259,40.44874912333402,0 -112.2128584786411,40.44848310509698,0 -112.2128767153397,40.44818562395695,0 -112.21283713467,40.44795181128698,0 -112.212781489428,40.44780825424552,0 -112.2127772790243,40.44757407042546,0 -112.2128086005833,40.44734852196309,0 -112.2128722956285,40.44695597178121,0 -112.2128790653325,40.44667662802744,0 -112.2128709032398,40.44655059102372,0 -112.212802821721,40.446371129482,0 -112.212736198168,40.44627273248272,0 -112.212687177103,40.44616964562316,0 -112.212697428677,40.44608395433292,0 -112.2128080993234,40.44594315723585,0 -112.2129388562995,40.44573908726446,0 -112.2130585163869,40.44550810797012,0 -112.2131187268671,40.44524982461423,0 -112.2131791313835,40.44500235004553,0 -112.2131826249316,40.444803219295,0 -112.2131072446012,40.44461122250517,0 -112.2129917643748,40.44441874524469,0 -112.2128835560106,40.44430276666852,0 -112.2127812423913,40.44418672567983,0 -112.2127434457757,40.44405199066776,0 -112.212746022144,40.44386728360251,0 -112.2127473669219,40.44361412274489,0 -112.2127494734713,40.44340329455765,0 -112.212750931437,40.44315643874188,0 -112.2126999547395,40.44294436621637,0 -112.2126076519458,40.44272912354104,0 -112.212304107618,40.44224132870281,0 -112.2122902960205,40.44212886318483,0 -112.2121251596202,40.44179726991648,0 -112.212031485099,40.44150546654197,0 -112.2118791910139,40.44123229498184,0 -112.211681118782,40.44103617836593,0 -112.2113429237388,40.44085053867003,0 -112.2112073733523,40.44076763687885,0 -112.2111330997463,40.44072210945811,0 -112.2109896953892,40.44061550676332,0 -112.2109356769963,40.44056201973094,0 -112.2108558994125,40.44038718377803,0 -112.2108533131628,40.44024307046281,0 -112.2108241601369,40.43993257221014,0 -112.2108424848704,40.4396395943518,0 -112.2107705370027,40.43924396145791,0 -112.2107464711362,40.43888836613246,0 -112.2106155839043,40.43849334962652,0 -112.2104704224426,40.43795974725603,0 -112.2103636639593,40.43759510842033,0 -112.2102633023792,40.43725832931496,0 -112.2102093657329,40.43688052425566,0 -112.2100328683391,40.43657156869318,0 -112.2099039088919,40.43625067373388,0 -112.2098724400091,40.43617235617552,0 -112.2097450346473,40.43597099148484,0 -112.2097296950156,40.43577295872954,0 -112.2096655094902,40.43548084408627,0 -112.2096885369042,40.43512115237281,0 -112.2096305371779,40.43484518911324,0 -112.2095502206049,40.43463972752425,0 -112.2093990018033,40.4344250989346,0 -112.2093603311269,40.43424082284933,0 -112.2093334472454,40.43405642386686,0 -112.2093617091426,40.4336597406844,0 -112.2094158038924,40.43338891058315,0 -112.2094874993335,40.43311339149903,0 -112.2095073458131,40.43290508083138,0 -112.2095322300447,40.43264897061974,0 -112.2095650895195,40.43250898984024,0 -112.2095740520111,40.4323512423069,0 -112.2095371573041,40.4322660448642,0 -112.2094292166378,40.43216357243534,0 -112.209285673042,40.43204795973327,0 -112.2087929578884,40.4318549193093,0 -112.2085376000908,40.43174948412436,0 -112.208283532274,40.4317161047716,0 -112.2078990820784,40.43164354756351,0 -112.2075140686393,40.43153946456582,0 -112.2072614228555,40.43151958158167,0 -112.2070730712932,40.43153506170043,0 -112.2068481798585,40.43155092268152,0 -112.2067355589696,40.43151606352777,0 -112.2066043070218,40.43142824614183,0 -112.2063675039263,40.4313712597227,0 -112.2059168730472,40.43128947722067,0 -112.205575278779,40.43123988785914,0 -112.2052555818441,40.43116214226254,0 -112.2050018401157,40.431146770096,0 -112.2049122313694,40.43108013795969,0 -112.2048802720066,40.43094083496632,0 -112.2048366866473,40.43081066162659,0 -112.2048329891816,40.43060349738006,0 -112.2047896445708,40.43048683442714,0 -112.2047569629625,40.43030699904472,0 -112.2047473716502,40.43009989615578,0 -112.2046973309973,40.42993825900324,0 -112.2044741490565,40.42965320386556,0 -112.2042888832073,40.42951099312754,0 -112.2041395248166,40.42939903762854,0 -112.203989861897,40.42926996906692,0 -112.2037860350573,40.42907840179219,0 -112.2035709199878,40.42891487966222,0 -112.2034327087914,40.42876677224497,0 -112.2032524582364,40.42857495941637,0 -112.2030071418071,40.42837030950184,0 -112.2027913736624,40.42816985690602,0 -112.2026114473991,40.4279960568507,0 -112.2025389632372,40.42789771364629,0 -112.2024123986985,40.42774137627305,0 -112.2020246085667,40.42747964931134,0 -112.2017210902901,40.42731614175742,0 -112.2015110614818,40.42710661780401,0 -112.2012246641961,40.42691139956425,0 -112.2009797609918,40.42672926379114,0 -112.2005988366838,40.42652151323716,0 -112.2002954055437,40.42636250571421,0 -112.2000340281354,40.42624810436803,0 -112.1996472171673,40.42604041182165,0 -112.1992909929363,40.42589546287805,0 -112.1989754614894,40.42571855914991,0 -112.1988098328123,40.42568514261176,0 -112.1986679843373,40.4256631906465,0 -112.1986480659926,40.42553727358139,0 -112.1986154831989,40.42536193970021,0 -112.1985466417054,40.42506986667936,0 -112.19847416473,40.42470576041589,0 -112.1984264390356,40.42434139847161,0 -112.1983209040577,40.42404069689739,0 -112.1982339282735,40.42378935088728,0 -112.1981171679478,40.42352029669016,0 -112.1980618955067,40.42339474558378,0 -112.1977508340767,40.42313671305075,0 -112.1974879555835,40.42293673792619,0 -112.1971948164417,40.42269203159677,0 -112.1969973209281,40.42252290875266,0 -112.1967462939085,40.42225974723049,0 -112.1963569164537,40.42197189189387,0 -112.1960712737529,40.42181719300028,0 -112.1959677312383,40.42171466293389,0 -112.1959272962707,40.42167454100333,0 -112.1957708187314,40.42155814432166,0 -112.1955456829549,40.42142534038582,0 -112.1952609215014,40.42132017881738,0 -112.1949934571087,40.42125988203466,0 -112.194876463221,40.4212430741806,0 -112.1947580526902,40.42121276709996,0 -112.1946808901022,40.42118203326062,0 -112.1946502314999,40.42111478396033,0 -112.1947359918634,40.42096525192455,0 -112.1948043132324,40.42082941376707,0 -112.1949290892253,40.42055335424558,0 -112.1949760827928,40.42027809922006,0 -112.1950286153723,40.41984963670328,0 -112.195082997583,40.41959232303132,0 -112.1950894429951,40.41929046015733,0 -112.1951016205571,40.41897952935319,0 -112.1950673767785,40.41870961881092,0 -112.1950959566792,40.41832644749778,0 -112.195203289186,40.41806408205389,0 -112.1954297374012,40.41753922841015,0 -112.195623698044,40.41717686917011,0 -112.19584919135,40.41693129791989,0 -112.1961629872518,40.41668030834839,0 -112.1963364842725,40.41649383198556,0 -112.1965559211369,40.41623931372189,0 -112.1968347411331,40.416010305417,0 -112.1969916911863,40.41588796233601,0 -112.1972764167071,40.41565979271642,0 -112.1974558794397,40.41547775711083,0 -112.1976171261348,40.41533194552146,0 -112.1977807282127,40.41518610899405,0 -112.1978726860534,40.41505452837452,0 -112.1979236537677,40.41493778647173,0 -112.1979152697911,40.41479733520527,0 -112.1978873079313,40.41454988192116,0 -112.1978729492598,40.41407256198554,0 -112.197868157646,40.41380234654613,0 -112.1978101776827,40.4135236734905,0 -112.1977642216693,40.41325838861537,0 -112.197782538318,40.41302847348135,0 -112.1978536031418,40.41264936612813,0 -112.1980056546817,40.412251401448,0 -112.198101583076,40.4120116725572,0 -112.1982713080708,40.41161352490216,0 -112.1983734456203,40.4113917497347,0 -112.1985394327252,40.4111152588794,0 -112.1986130694257,40.41094783195641,0 -112.1986905985263,40.41066775378555,0 -112.1986919352195,40.41041098776245,0 -112.1986760557002,40.41011386074344,0 -112.1986876179162,40.40990203284725,0 -112.1986971274818,40.40970734334582,0 -112.1986705400443,40.40953735200704,0 -112.198568080898,40.40940868651909,0 -112.1984124864026,40.40927426623239,0 -112.1982963315414,40.40910430184403,0 -112.1982609424108,40.4087037750909,0 -112.1983438829626,40.40839661491027,0 -112.1983910750578,40.40806730272732,0 -112.1984979000164,40.40777791191577,0 -112.1985700149708,40.40752491684152,0 -112.1986473015263,40.4072313278701,0 -112.1986919558807,40.40709122784263,0 -112.1988159727973,40.40677463228108,0 -112.1989540088221,40.4065840146832,0 -112.1990571767393,40.4064207853626,0 -112.1991775375126,40.40623035145286,0 -112.1992335726234,40.40606761104709,0 -112.1994467545184,40.40579513348558,0 -112.1994897667525,40.4056555907007,0 -112.1995247552345,40.40554207691871,0 -112.1995967839506,40.40528457719417,0 -112.1996553505139,40.40493262410504,0 -112.1997033340248,40.40464834748636,0 -112.1997431859858,40.40423803133454,0 -112.1998258750093,40.40391735834204,0 -112.1998656461219,40.40350253863296,0 -112.1998266215093,40.40329573971863,0 -112.1997122120748,40.40315728968359,0 -112.1995007477586,40.40286219175128,0 -112.1993907912728,40.40264261577695,0 -112.1992437316709,40.40232432672038,0 -112.1991671251401,40.40199179358855,0 -112.198958442008,40.40152099285274,0 -112.1987542351811,40.40130239348619,0 -112.1986266914787,40.40108750323238,0 -112.1986450629246,40.40079452512549,0 -112.1985994329997,40.40054725431338,0 -112.1985059579045,40.4002599395623,0 -112.198509133449,40.40010675597138,0 -112.1985779695526,40.40000153987689,0 -112.198728110376,40.39982971593987,0 -112.1990395005894,40.39944811455069,0 -112.1993212733479,40.39905781115858,0 -112.1994979701677,40.39872264994228,0 -112.1997101693058,40.39839612951817,0 -112.1998822505816,40.39813308707896,0 -112.2000062468369,40.39781648974686,0 -112.2000434182251,40.39758727850373,0 -112.2000197332443,40.3972487912549,0 -112.1999982230848,40.39703280166112,0 -112.1999114377435,40.39679046332242,0 -112.1997591382686,40.39650826425036,0 -112.1996019088393,40.39628016985784,0 -112.1994779449234,40.39593461500014,0 -112.1993547014563,40.39562959197391,0 -112.1992012674091,40.39521677569841,0 -112.1991591534903,40.39490190171841,0 -112.1991649413357,40.39456400918479,0 -112.1992428513219,40.39430644831064,0 -112.1994010662031,40.39392643503054,0 -112.1995603195366,40.39360496786201,0 -112.1996462496818,40.39313561502147,0 -112.1996748771932,40.3927569456955,0 -112.1996920431,40.39239641250565,0 -112.1997166174129,40.3921213871346,0 -112.1996990023485,40.39179274588095,0 -112.1996615039736,40.39167151505064,0 -112.1995993899633,40.39149108124416,0 -112.1995911182761,40.39135693511443,0 -112.1994746525979,40.39110139060254,0 -112.1994315226844,40.3910279651386,0 -112.1993774557825,40.39093573453611,0 -112.1993400382559,40.39081900758582,0 -112.1994008326411,40.39059315519253,0 -112.1995974954163,40.39038841506277,0 -112.1997705172283,40.39017941584194,0 -112.1999662179079,40.38992063194577,0 -112.2001670084419,40.38961675030271,0 -112.200456384541,40.38932546222661,0 -112.2007701966124,40.38908346904499,0 -112.2011081266526,40.38887275455387,0 -112.2013162393545,40.38864987539786,0 -112.2014648916694,40.38839608179462,0 -112.2015961939229,40.388160486853,0 -112.2016168713441,40.38799811193046,0 -112.2015517309096,40.38764744308124,0 -112.2014149543228,40.38724346466573,0 -112.2013600735471,40.38680710444056,0 -112.2013180934773,40.38643367227809,0 -112.2012719856487,40.38615938001214,0 -112.2011604517213,40.38584973236972,0 -112.2010420699365,40.38548610292462,0 -112.2008997318798,40.38510019908883,0 -112.2008306280782,40.3848576775342,0 -112.2006371264744,40.38457590675117,0 -112.2004371767636,40.38426267177371,0 -112.2002556173632,40.38398978572524,0 -112.2000217751149,40.38375798194556,0 -112.199739539724,40.38345460896446,0 -112.199557346113,40.38314569269245,0 -112.1994708212832,40.38291686397319,0 -112.1991804076299,40.38255051168838,0 -112.1987712331028,40.38232953238835,0 -112.1984227289934,40.38227458733645,0 -112.1980488331042,40.38211630187099,0 -112.1976076237558,40.38188213701772,0 -112.1972811472354,40.38167380937429,0 -112.1969330365881,40.38130804839998,0 -112.1967270654699,40.38098586065463,0 -112.1963080534921,40.38060731872435,0 -112.1959494657936,40.38031463539904,0 -112.1956148029261,40.38004242450437,0 -112.1953243281874,40.37993732076244,0 -112.1950273289848,40.37979624833417,0 -112.1948088775723,40.37976697505325,0 -112.1944221914701,40.37955025192214,0 -112.1941149326086,40.37916153850629,0 -112.1939089030999,40.37883484179861,0 -112.1936959520719,40.3784496574016,0 -112.1934163191004,40.37795705506077,0 -112.1931798986872,40.37757661694383,0 -112.1929993184505,40.37739659019281,0 -112.1928848084046,40.37728245803392,0 -112.1925144195383,40.37691322005848,0 -112.1921485977068,40.37654222199062,0 -112.1920632173306,40.37637643704553,0 -112.1920066468239,40.37617432058764,0 -112.191895570139,40.37588718037226,0 -112.1917316545491,40.37560959381868,0 -112.1915336784369,40.37540442969698,0 -112.191394431483,40.37518965046826,0 -112.1912744372223,40.37506476267328,0 -112.191241436712,40.37492996859174,0 -112.191176887369,40.37487658057572,0 -112.1911862055934,40.37473684642084,0 -112.1910520565788,40.3744769704939,0 -112.1908903688108,40.37432548432584,0 -112.1906220528152,40.37413906034846,0 -112.1905191732573,40.37398246394579,0 -112.1901535526485,40.37362136693974,0 -112.1899559825748,40.37343871737547,0 -112.189590923413,40.37310914455141,0 -112.1894173850698,40.37295327393162,0 -112.1891554426211,40.37279380723002,0 -112.1889224843151,40.37260791693769,0 -112.1888152101988,40.3725360474422,0 -112.188708031304,40.37246958242842,0 -112.1887769509509,40.37236977631023,0 -112.1889808289945,40.37224155513211,0 -112.1891843099828,40.3720908160778,0 -112.1893581115324,40.37192686802454,0 -112.1895129792907,40.37169104370064,0 -112.1896557521321,40.37143732513395,0 -112.1897916699295,40.37112872333157,0 -112.1898627042106,40.37081448204569,0 -112.1899541437234,40.37065588562999,0 -112.1900467555376,40.37056394195697,0 -112.1902390866366,40.3704493513104,0 -112.1905027098331,40.37037006195896,0 -112.1907898859581,40.37029052955112,0 -112.1911117559176,40.37017460316645,0 -112.1913806306653,40.37005922136932,0 -112.1916195088691,40.3699126180969,0 -112.1918228182791,40.36975286633002,0 -112.192056044283,40.36961983356068,0 -112.1923916036692,40.36927853995738,0 -112.1927814239935,40.36900875658744,0 -112.1929224469167,40.36889054615001,0 -112.1932166775116,40.36864390968507,0 -112.1933952356406,40.36841684406136,0 -112.193556605405,40.36821698286216,0 -112.1936712672662,40.36804012532177,0 -112.1937394592777,40.36789978359206,0 -112.1937488520623,40.36776455288568,0 -112.1937235510124,40.36766571579655,0 -112.1936785211621,40.36744996670161,0 -112.1936334122601,40.36722971402232,0 -112.1936078821397,40.36678403693768,0 -112.1935596749483,40.36638814193449,0 -112.1935253098971,40.36610922059546,0 -112.1935434585608,40.36580272987599,0 -112.1935858734153,40.36553652938611,0 -112.193656296842,40.36518895918609,0 -112.1937758733861,40.36489043069087,0 -112.1939294529603,40.36465010879542,0 -112.194083971274,40.36439626379042,0 -112.1941986250503,40.36421940580711,0 -112.1943461400981,40.36390257034147,0 -112.1945000188113,40.36361269539376,0 -112.194635279042,40.36326895928323,0 -112.1947352273971,40.36299315515224,0 -112.194783031245,40.36263230454244,0 -112.194800115405,40.36245258010815,0 -112.1948078570862,40.36237078914385,0 -112.194815099304,40.36211396009337,0 -112.1947624328755,40.36179919215753,0 -112.194776278609,40.36158283493734,0 -112.1947306927016,40.36133556116309,0 -112.1945990068674,40.36121440009823,0 -112.194515198543,40.36120355426667,0 -112.194369571754,40.3612266799458,0 -112.1943043334031,40.36120032686993,0 -112.1942628033892,40.36118273806849,0 -112.1942837296437,40.36103387444441,0 -112.1943408553093,40.36093418623736,0 -112.1943913774592,40.36079402616365,0 -112.1943468273093,40.3606052990548,0 -112.1942662385469,40.36037640405181,0 -112.1941503253325,40.36014787311353,0 -112.1939982944538,40.3598746710379,0 -112.1937481837158,40.35971599343458,0 -112.1934621619259,40.35952435276024,0 -112.1932351890947,40.35934201204006,0 -112.1929795752772,40.35920501111957,0 -112.1928361376825,40.35908487026327,0 -112.1924959618541,40.3588271196522,0 -112.1924150757493,40.35876804420665,0 -112.1921678800444,40.35858726146694,0 -112.1918795675505,40.35826501094637,0 -112.1914792746667,40.35793670628263,0 -112.1911636893208,40.35773725690032,0 -112.190973478246,40.35763561290307,0 -112.1905495497886,40.35730214377944,0 -112.1902097243032,40.35706330149902,0 -112.1900055093913,40.35683477439019,0 -112.1897711640865,40.35656691748917,0 -112.1895862413937,40.3560958512393,0 -112.1894526116053,40.3558629938123,0 -112.1893396915775,40.35553532914707,0 -112.1892004041994,40.35524847544836,0 -112.1890094915403,40.35510629574744,0 -112.1887069650037,40.35497877625902,0 -112.1884716468235,40.35499020359774,0 -112.188253278056,40.35496091611818,0 -112.1880871804583,40.35489055163529,0 -112.1879958729979,40.35472031991293,0 -112.1878513475434,40.35453712076478,0 -112.1877780180667,40.35438472243494,0 -112.1868312126219,40.35176383361965,0 -112.1865900634772,40.35144198657449,0 -112.1864220821123,40.35126353098887,0 -112.1861651711275,40.35104995160584,0 -112.185960609466,40.35079979947559,0 -112.1858857735146,40.35056092868611,0 -112.18586252781,40.35024225110684,0 -112.1858181672046,40.35006252650508,0 -112.1856776509313,40.34977117695759,0 -112.1855336653643,40.34928166553362,0 -112.1854306501607,40.34877822055985,0 -112.1853550461498,40.34849521377705,0 -112.185250799356,40.34825754524554,0 -112.18510825828,40.34802504414382,0 -112.1850944385977,40.3480023931774,0 -112.1846573354484,40.34765101775988,0 -112.1843087064732,40.34757801254753,0 -112.1840780388711,40.34751731150891,0 -112.1836984835956,40.3473590361453,0 -112.1834542343648,40.34719487047155,0 -112.1831678388758,40.34697708136043,0 -112.1829119744284,40.34675447508796,0 -112.1826487366091,40.34658149246687,0 -112.1824104575817,40.34642176825103,0 -112.1820192816996,40.34627171361418,0 -112.1816979857635,40.34607770076017,0 -112.1813768335579,40.34589179430128,0 -112.1812304593705,40.34560049862559,0 -112.181143339856,40.34533111961075,0 -112.1810786656471,40.34499844888657,0 -112.1808843429831,40.34465809322786,0 -112.1808639359548,40.34450064439233,0 -112.1808168426744,40.34416328986288,0 -112.1807524855708,40.34384863325757,0 -112.1806440256783,40.34370559764395,0 -112.1804018362845,40.34332068490587,0 -112.1801580793305,40.34284569738379,0 -112.1799111091026,40.34252389542025,0 -112.1797604319851,40.34232273049888,0 -112.1795250015154,40.34198729590515,0 -112.1793025993124,40.34172379972497,0 -112.1791394490871,40.34148222168506,0 -112.179038768605,40.34110937641596,0 -112.1789500177498,40.34074541790453,0 -112.1788819092816,40.34021458386896,0 -112.1788311391967,40.34000339063505,0 -112.1786362155598,40.33962700064214,0 -112.1784376025421,40.33937677396399,0 -112.1781842973949,40.33902800485222,0 -112.178004753814,40.33885866362797,0 -112.177782682191,40.33861317855909,0 -112.1776667069928,40.33837562242442,0 -112.1774545294143,40.338021928346,0 -112.1773260020567,40.33773945434858,0 -112.1771625553874,40.3374798582697,0 -112.1770115854191,40.33726067516229,0 -112.1768338654182,40.33719581737358,0 -112.1766305389402,40.337012301519,0 -112.1764968399815,40.33670285190755,0 -112.1763509733423,40.33650613828319,0 -112.1760469897383,40.33628851050025,0 -112.1758563923879,40.33615981806196,0 -112.175690354079,40.33608943396347,0 -112.1755941570885,40.33597329538405,0 -112.17554480724,40.33584316710231,0 -112.1755940232395,40.33562645132928,0 -112.1757286232084,40.33524220190528,0 -112.1759699376431,40.33490191274856,0 -112.1761562302668,40.33478290159561,0 -112.1765183725988,40.33462156147252,0 -112.1767731725427,40.33438023122382,0 -112.1770096109221,40.3340985472709,0 -112.1772165432377,40.33381265900173,0 -112.1774432438794,40.33364818987497,0 -112.177903856838,40.3333957531581,0 -112.1781773677908,40.33329675132878,0 -112.1783905146515,40.33321962532779,0 -112.1787328554198,40.33300352496501,0 -112.1791121043698,40.33281137217256,0 -112.1794081612397,40.33257412019971,0 -112.1796979388857,40.3323144090625,0 -112.1799468333049,40.33214069982939,0 -112.180287689158,40.3320426281601,0 -112.1806694237464,40.33199368677332,0 -112.180957627544,40.33198173578104,0 -112.1812824763171,40.3320459856931,0 -112.1817243953346,40.33207300276837,0 -112.1818476639545,40.33205372520668,0 -112.182064855929,40.33201997388147,0 -112.1824939047834,40.33198405722653,0 -112.1828052545726,40.33194934236342,0 -112.1832277097929,40.33187294960568,0 -112.183577971007,40.33170720408711,0 -112.1840571467526,40.33150860640326,0 -112.1845836349676,40.33132303643489,0 -112.1850806952721,40.33113776521419,0 -112.1854844637379,40.33100299697553,0 -112.1859059631506,40.33087255026249,0 -112.18629843081,40.33076492235801,0 -112.1864919198374,40.33072239735233,0 -112.1865795603749,40.33068546238609,0 -112.1869243957646,40.33054678984588,0 -112.1874275664098,40.33037495928623,0 -112.1880475593644,40.33015237698314,0 -112.1884929827098,40.33004419802622,0 -112.1888091780117,40.32995085879092,0 -112.1891255296205,40.32986652609635,0 -112.1895588634388,40.32974044904533,0 -112.1902235080529,40.32964802635841,0 -112.1907792400236,40.32952068472672,0 -112.1910713362214,40.3293960561054,0 -112.1916005939424,40.32910231766685,0 -112.1919862748299,40.32887762396403,0 -112.1924236582535,40.32864789124834,0 -112.1926598657659,40.32853176246073,0 -112.1928729659142,40.32842704271312,0 -112.1932622355712,40.32813924507691,0 -112.1934947617876,40.32797468473709,0 -112.1936859358565,40.32780154096439,0 -112.1937996589782,40.32757514316589,0 -112.1938439575998,40.32741702920558,0 -112.1938992291426,40.32725375665893,0 -112.1939278755187,40.32716931718321,0 -112.1941059916766,40.32692333485132,0 -112.1944145333323,40.32673096066291,0 -112.1945617384612,40.32668808932281,0 -112.1947190146029,40.32664223065564,0 -112.1948712152631,40.32659561383191,0 -112.1953462641483,40.32650061591983,0 -112.1957203226326,40.32635260576437,0 -112.1959995935831,40.3261695391319,0 -112.1961971178427,40.32602335269791,0 -112.1962880875366,40.32584223221379,0 -112.1962443521587,40.3256985413709,0 -112.1961242806429,40.32556464847632,0 -112.1960201676981,40.32545464455178,0 -112.1959383689049,40.32536837356626,0 -112.1956749289647,40.32511434096891,0 -112.1954956979975,40.32496304111422,0 -112.1951872533599,40.32482659016047,0 -112.1949207142319,40.32473024536721,0 -112.1945516818216,40.32449531887741,0 -112.1942670946413,40.3243766366009,0 -112.1939822712041,40.32424444230302,0 -112.1937621749763,40.32411157999604,0 -112.1933981614535,40.32382704861939,0 -112.1932846961483,40.32373362544981,0 -112.1930096634493,40.3234887154447,0 -112.1928597849341,40.32333260408923,0 -112.1927742195049,40.32315240576972,0 -112.1927251014218,40.32303669694866,0 -112.1926932229074,40.3228973861332,0 -112.1927254364934,40.32272137884023,0 -112.1928217394852,40.32250867478268,0 -112.1929648770425,40.32228197431677,0 -112.1930781968207,40.32203305858436,0 -112.1932119586614,40.32160825638999,0 -112.1934091739006,40.32111072793018,0 -112.1934759106413,40.32089022047298,0 -112.1935861168587,40.32046476042372,0 -112.1936409095995,40.32023446552842,0 -112.1936732776958,40.3200674654343,0 -112.1936569885447,40.31981087733067,0 -112.1935901296331,40.31971697327096,0 -112.1935423401583,40.31964989935187,0 -112.1934459787761,40.31952476758254,0 -112.1934389198146,40.3191239403949,0 -112.1935666315019,40.31869019187178,0 -112.1937136596628,40.31835083774835,0 -112.1938694257364,40.31817355490177,0 -112.1941242607145,40.31794119464731,0 -112.1943098400758,40.31778612595014,0 -112.1946064134769,40.31758486604613,0 -112.1948466894593,40.31752833053339,0 -112.1951768876998,40.31756545968756,0 -112.1956263983798,40.3174941472823,0 -112.196016403757,40.3174522776221,0 -112.1964603152378,40.31726390321388,0 -112.1965512642704,40.31722233204553,0 -112.1967930557106,40.31711181314848,0 -112.1970183001833,40.31687074426824,0 -112.1971195115697,40.31660393143861,0 -112.1973619264407,40.31633565723924,0 -112.1974810241828,40.31608217286167,0 -112.1974535914306,40.31586173665507,0 -112.1974416609053,40.31551951888527,0 -112.1975080446082,40.31528009370778,0 -112.1976033684362,40.3150133417192,0 -112.1977049723865,40.31476904668784,0 -112.197942601932,40.31423055102112,0 -112.1983701577864,40.31345134944961,0 -112.198462448902,40.31301345731773,0 -112.1984854152306,40.31264835541114,0 -112.198504073239,40.3123058199596,0 -112.1984557420801,40.31196848393962,0 -112.1984275125223,40.31170301077529,0 -112.1982642895335,40.31145695496204,0 -112.1982130056122,40.31121874770029,0 -112.1981194433805,40.31098548259608,0 -112.1979398306293,40.31074410003099,0 -112.1977485496609,40.31057491046406,0 -112.1976394726258,40.31039585973798,0 -112.1976231717967,40.31013927187117,0 -112.1975536062611,40.3098652178494,0 -112.1975129943254,40.30963140485011,0 -112.1974619367796,40.3093391408878,0 -112.1973873649329,40.30911468760833,0 -112.1973524617909,40.30880423873205,0 -112.1973837815533,40.30857868968265,0 -112.1974901636425,40.30833885011301,0 -112.1976456413569,40.30808048361668,0 -112.197784361898,40.30793940811475,0 -112.1979334157598,40.30771714436144,0 -112.1980483650819,40.30756280093382,0 -112.1981641893631,40.30745799728034,0 -112.1982850208536,40.30730359297675,0 -112.1983483781323,40.30722635986566,0 -112.1984925002432,40.30705820069971,0 -112.1985564144774,40.30701249310934,0 -112.1986197708577,40.30693526035039,0 -112.1984600620783,40.30688736532251,0 -112.1982344672627,40.30684015325274,0 -112.1978869728597,40.30675366187202,0 -112.197639581322,40.30673820581445,0 -112.1974740712225,40.30669487444155,0 -112.197171986657,40.30658088360815,0 -112.1970176057856,40.30650140064931,0 -112.1966526256755,40.30642409606067,0 -112.1965873010864,40.3064165735101,0 -112.1962918119518,40.30638278264913,0 -112.1959665176143,40.30628704726514,0 -112.195765315652,40.30622155960548,0 -112.1956117315862,40.3061871116803,0 -112.1952842956651,40.30596977456471,0 -112.194951534531,40.30578402340952,0 -112.1945717942025,40.30560326103421,0 -112.1942801354843,40.30541257916718,0 -112.1942342890654,40.30538179111605,0 -112.1940360156109,40.30524843269752,0 -112.193803185764,40.30505714217586,0 -112.1934750473604,40.30479926665127,0 -112.1933485016863,40.3046294011,0 -112.1931468326,40.30453688717328,0 -112.1929323795888,40.30445351334382,0 -112.1927382455711,40.30438794717838,0 -112.1924431067794,40.30433333252198,0 -112.1923141401456,40.30429322013497,0 -112.1920919858776,40.30410632097932,0 -112.192045345348,40.30379599089411,0 -112.1919943273281,40.30357129106222,0 -112.1918817145241,40.30318956866523,0 -112.1918636961161,40.30283389869335,0 -112.1917787469313,40.30268702596882,0 -112.1916212785502,40.30243099045956,0 -112.1914105706154,40.30215838633605,0 -112.1912428596435,40.30198894232931,0 -112.1910388270896,40.30176131317035,0 -112.1907927506855,40.30148456696102,0 -112.1906363333333,40.30128797883693,0 -112.1904251573763,40.30098835018759,0 -112.1901184464872,40.30060862330951,0 -112.1899495578239,40.30037162195236,0 -112.1898103171582,40.30014782878454,0 -112.1898069987815,40.29995867371652,0 -112.1898023365252,40.29969295534727,0 -112.1897485642706,40.29931062525497,0 -112.1896507377362,40.29909991927151,0 -112.1895477413973,40.29892980713083,0 -112.1894424543544,40.29862908825719,0 -112.1894323860367,40.29839045276523,0 -112.1894615175031,40.29803880120296,0 -112.1895137015362,40.29765988608159,0 -112.1897185776081,40.2972658867545,0 -112.1897904590005,40.29700388636483,0 -112.1898678362858,40.29678687392613,0 -112.1900378388601,40.29661845787663,0 -112.19017537632,40.29647740365662,0 -112.190225625382,40.29632373340469,0 -112.1901809755192,40.29612599427522,0 -112.1900048724858,40.29581249018813,0 -112.1897003840287,40.29555796407312,0 -112.189383297598,40.29525581875296,0 -112.1892087800911,40.29503238685212,0 -112.1890884615386,40.29488047077118,0 -112.1889552755179,40.29466562281875,0 -112.1888162872789,40.29445533949,0 -112.1887132999231,40.29428522593327,0 -112.188416772336,40.29414863281962,0 -112.1882561544616,40.29404667856125,0 -112.1881314575203,40.29398039176652,0 -112.187958919002,40.29386955117128,0 -112.1879258825591,40.29366268304756,0 -112.1878977814604,40.29340170948041,0 -112.1878524371998,40.29323100401193,0 -112.1878201840879,40.29300160496953,0 -112.1877873856985,40.2928082474983,0 -112.1877058007044,40.29251629171516,0 -112.1876091734209,40.29237313909049,0 -112.1875183492541,40.29222542276101,0 -112.1874052621396,40.29215000668164,0 -112.18736808087,40.29204228004681,0 -112.1874527551704,40.29183870762006,0 -112.1876541888981,40.29158438717229,0 -112.187821207269,40.2914475371298,0 -112.1879916751706,40.29130614664351,0 -112.1881471663597,40.29118292821277,0 -112.188250822062,40.29105573672548,0 -112.1883075057565,40.29093353263202,0 -112.1883363353889,40.29086675011816,0 -112.1883640313474,40.2908023212343,0 -112.188472383442,40.29060751441436,0 -112.1884497845244,40.29032486256276,0 -112.1883390141651,40.29004581994047,0 -112.1882399443623,40.2897630526784,0 -112.1880388439095,40.28936421621727,0 -112.1878824633882,40.28916762366328,0 -112.1877307819542,40.28890341421627,0 -112.1876156493758,40.28871090224364,0 -112.1874700872654,40.28846014351908,0 -112.1873238172827,40.28816885144744,0 -112.1873027059752,40.28797086917884,0 -112.1872111011724,40.28777811471583,0 -112.1869955998273,40.28756410964478,0 -112.1868748276256,40.28738516786754,0 -112.1867180608287,40.28716605440852,0 -112.1865787069753,40.28700081723254,0 -112.1865306300396,40.2868751836703,0 -112.1864577739751,40.28674529994791,0 -112.1865142214127,40.28660958516362,0 -112.1866715891824,40.28652688954019,0 -112.1870119599453,40.28648195678601,0 -112.1873057081449,40.28646182471512,0 -112.1874571155927,40.28637468503392,0 -112.1878299478767,40.28616815441317,0 -112.1880636077669,40.2860756645459,0 -112.1882840857787,40.28590222900055,0 -112.1884282680767,40.28573858539362,0 -112.1884920834962,40.28562081218667,0 -112.1885120638247,40.28548547135447,0 -112.1884395212723,40.28537360331983,0 -112.1882484945271,40.28521340326813,0 -112.1882225260289,40.28507402950364,0 -112.1882291609856,40.28478116795942,0 -112.1881769095788,40.28448440593779,0 -112.1881192664836,40.28421562794729,0 -112.1880787623458,40.28391784443202,0 -112.1880859497663,40.28365650841108,0 -112.1881261350023,40.28326420301526,0 -112.1882172286637,40.28309209519743,0 -112.1883840610833,40.28287866943678,0 -112.1885390519108,40.28266086055746,0 -112.1886883186734,40.28245211879426,0 -112.1888103835508,40.28230221524589,0 -112.1889762727394,40.28210231203576,0 -112.1891193411265,40.28187561573625,0 -112.1892619352031,40.28162189650141,0 -112.1893303311322,40.28116173250792,0 -112.1893023099836,40.28090526249999,0 -112.189206249537,40.28079363702427,0 -112.1890079329633,40.2805524309863,0 -112.1888875632068,40.28039600998865,0 -112.1887249888016,40.28018056225338,0 -112.1886101221245,40.28000246237667,0 -112.1885176567357,40.27976016796624,0 -112.1884181287921,40.27945037849236,0 -112.1885838913182,40.27884056536774,0 -112.1886773089213,40.27846572999881,0 -112.1887293276644,40.27807780669269,0 -112.1887764910135,40.27774849165222,0 -112.1888603550334,40.27749988125169,0 -112.1889787098688,40.27720587046377,0 -112.1890270554007,40.2769441116786,0 -112.1890396461877,40.27665569232783,0 -112.1890340442936,40.27633592902922,0 -112.1890185034392,40.27615383572228,0 -112.1890118280584,40.27607489472776,0 -112.188987323814,40.27568325263162,0 -112.189015345861,40.27526854840124,0 -112.1890898620121,40.27488940212113,0 -112.1891102968882,40.27464594824055,0 -112.1891407632511,40.27437085857015,0 -112.1891065518118,40.27409643396935,0 -112.189090531257,40.27385335419382,0 -112.1890616468274,40.27354734359817,0 -112.1892683572591,40.27332900158279,0 -112.1895591041873,40.27307375886752,0 -112.1898099533405,40.27289099880013,0 -112.1900517807133,40.27266328533359,0 -112.1903409663696,40.27238643503879,0 -112.1905901455547,40.27217576231401,0 -112.1908946259269,40.27210055621499,0 -112.1912330401591,40.27194842272424,0 -112.1914779325837,40.2718287831325,0 -112.191703840013,40.27163276192843,0 -112.191800078326,40.27142005805302,0 -112.1918241783284,40.27111800633793,0 -112.1917596999523,40.27086191222095,0 -112.1917370165931,40.27057475687883,0 -112.1917240754631,40.27010551882569,0 -112.1919770015212,40.26977408264382,0 -112.1921146404907,40.26964203302556,0 -112.1923936176921,40.26938780522066,0 -112.1925100833704,40.26932264096375,0 -112.1926673891564,40.26923903725019,0 -112.1927661688034,40.26917135184161,0 -112.1929091976646,40.2689446505706,0 -112.1928287301747,40.26871574898281,0 -112.1927068692148,40.26847376095886,0 -112.1926836136287,40.26815417899686,0 -112.1926644292075,40.26779851861011,0 -112.1926431139825,40.26745549324666,0 -112.1926139277189,40.26719993704796,0 -112.1925728774054,40.26687152935113,0 -112.1924524285971,40.2667097068578,0 -112.1922706895337,40.2664061720259,0 -112.1920531975219,40.26614264613435,0 -112.1919844835892,40.26584605455314,0 -112.1919913404298,40.2655667031917,0 -112.1920388864611,40.26532747319265,0 -112.1921314389865,40.26517336539413,0 -112.1922218571148,40.26489765728274,0 -112.1922242663964,40.26476700062339,0 -112.1922079224481,40.26450590658554,0 -112.1920981465238,40.26428181094798,0 -112.1918031963784,40.26389295490495,0 -112.191599903138,40.26363378576364,0 -112.1913245811815,40.26342490780038,0 -112.1911212996192,40.26323330558162,0 -112.1907176623076,40.26301673790941,0 -112.1904613163631,40.26281667143194,0 -112.190299901683,40.26266517787567,0 -112.1901647249957,40.26233323292652,0 -112.1899890288991,40.26203774063908,0 -112.1899163237516,40.26195551469236,0 -112.1898270653484,40.26185472042068,0 -112.1893432300414,40.26142275462971,0 -112.1891700636007,40.2612713806581,0 -112.1886333283033,40.26083995544023,0 -112.1882975623046,40.26046862680229,0 -112.1879696799208,40.26021163135086,0 -112.1875756231417,40.25986882732702,0 -112.1872722692567,40.25966923620663,0 -112.1868961689018,40.25934426346669,0 -112.1865862321625,40.25910419705149,0 -112.1862484000386,40.25895000172392,0 -112.1858403403208,40.25881454375084,0 -112.1853504539621,40.25870695046076,0 -112.1846894475249,40.25856416909922,0 -112.1842092962089,40.25834025327107,0 -112.1839485215701,40.25822129982825,0 -112.1837324210487,40.25796675145428,0 -112.1836264432014,40.25762098615109,0 -112.1835225790899,40.25712654924134,0 -112.1835294844395,40.25678053010262,0 -112.1836770632677,40.25647721602937,0 -112.1838247831313,40.25618200872417,0 -112.1839953237964,40.25584692773131,0 -112.1840671252387,40.25558132594386,0 -112.1840736074818,40.25534612263157,0 -112.1839510009203,40.25499061703007,0 -112.1838550734244,40.25461411789276,0 -112.1836914947027,40.25426894151039,0 -112.1835060464955,40.25374831131636,0 -112.1833790750199,40.25354690590225,0 -112.1832992076046,40.25334952292773,0 -112.1833197394988,40.25317813974305,0 -112.1833629197179,40.25295697588879,0 -112.1834600213119,40.25279381885159,0 -112.1835815777429,40.25268446703198,0 -112.1837781345169,40.25249326495188,0 -112.1839924806285,40.25231089011751,0 -112.1841773584056,40.25212431205232,0 -112.1843955394252,40.25182477947295,0 -112.1844692830252,40.25167086990914,0 -112.1845131648285,40.25149023910286,0 -112.1845501484687,40.25125111976062,0 -112.1845350945012,40.25106208290926,0 -112.1845096982298,40.25095423389927,0 -112.1843946420082,40.25076171603355,0 -112.1843143829275,40.25054181473231,0 -112.1842120252907,40.25040322104483,0 -112.1839222754924,40.24996924525681,0 -112.1831656029691,40.24972923471164,0 -112.1828359769553,40.24970557717766,0 -112.1821834649875,40.24970774101447,0 -112.1818661431982,40.24971548653492,0 -112.1814942137211,40.2496255905862,0 -112.181044745262,40.24953918710747,0 -112.1806864531092,40.24948968954274,0 -112.1803920796822,40.24946476488299,0 -112.1801808552162,40.24948854111486,0 -112.1799695687664,40.24950871367579,0 -112.1797339262943,40.24948048566429,0 -112.1795336909192,40.24946000387635,0 -112.1793381456481,40.24937100507762,0 -112.1792883250825,40.24921025007517,0 -112.1792907595169,40.24907959328822,0 -112.179400016215,40.24887127100856,0 -112.1795752658488,40.2484685800214,0 -112.1796298977912,40.24822928202109,0 -112.1796784957497,40.24798103620882,0 -112.1796626746209,40.24774696110919,0 -112.1796068829536,40.24758086105255,0 -112.1794801692945,40.24739296172762,0 -112.1794112936651,40.24715041816069,0 -112.1793860698702,40.24702481820636,0 -112.1793662422553,40.24692565000651,0 -112.179384436733,40.24661915487842,0 -112.179415248049,40.24629451371985,0 -112.1794093847451,40.24595673230519,0 -112.1793452135928,40.2457141403949,0 -112.1792938326535,40.24546330998412,0 -112.1792540184218,40.2452015510901,0 -112.1791150086231,40.24498224471663,0 -112.1790076662349,40.24462297378403,0 -112.1790270375057,40.2443164668582,0 -112.1790209415382,40.24396517444608,0 -112.1790280858396,40.24369933266291,0 -112.1789830380231,40.24347456402021,0 -112.1789346305074,40.24305613374204,0 -112.1788887239014,40.24278182415183,0 -112.1788656228255,40.24246674038678,0 -112.1788675155758,40.24223698945509,0 -112.1789092198629,40.24193025435761,0 -112.1789468440019,40.24172716670606,0 -112.1789671486223,40.24154227305204,0 -112.1790097898522,40.24128958330444,0 -112.1790583069624,40.24103683432797,0 -112.1791076065052,40.24082912226872,0 -112.1791282264342,40.24059467546394,0 -112.1791501839547,40.24023408728792,0 -112.1791785698194,40.23983739713828,0 -112.1792083606491,40.23952177440073,0 -112.1791852443019,40.23920579018217,0 -112.1791625501629,40.23891412685223,0 -112.1791758829584,40.23866623980628,0 -112.1791834171286,40.23842291751428,0 -112.1792424355445,40.23809798812413,0 -112.1792632081871,40.23794011665385,0 -112.1792818670939,40.23772821271903,0 -112.1793024070729,40.23748926145615,0 -112.1793271026583,40.23721873661025,0 -112.1793316822697,40.2368051715162,0 -112.1793317604231,40.23647093270892,0 -112.1793838061157,40.23608300995345,0 -112.1793785545646,40.23578035746511,0 -112.1794306119353,40.23546090430234,0 -112.1794852384877,40.23515403769686,0 -112.1795565692128,40.23486141534224,0 -112.179593390258,40.23461238809556,0 -112.1796871941366,40.23426007631917,0 -112.1797759018726,40.23395286206483,0 -112.1797791232312,40.23373210584312,0 -112.1797380001541,40.23346225109193,0 -112.1797166184537,40.23324625061768,0 -112.1797645067432,40.23288990199256,0 -112.1797654553642,40.23267367337914,0 -112.1797494042667,40.23242608649988,0 -112.1797074232985,40.2322557915137,0 -112.1797051442726,40.23224635486218,0 -112.1796027462117,40.23210325295584,0 -112.1794831112771,40.23198284886811,0 -112.1793622258876,40.23179038540462,0 -112.1792004428982,40.23161185156091,0 -112.1790464114714,40.23154134755049,0 -112.1786260762752,40.23136544656893,0 -112.1783521646738,40.23116012576469,0 -112.1781199645459,40.23098771253883,0 -112.1778169250713,40.23079710069891,0 -112.1774844280419,40.23060228356111,0 -112.1772877760464,40.23040536313312,0 -112.1772750972245,40.23039269874559,0 -112.1771197443759,40.23024562886297,0 -112.1769568789166,40.23000403888499,0 -112.1768889680777,40.22981553799794,0 -112.1768504366402,40.22962673825036,0 -112.1767916993971,40.22935706123105,0 -112.176800494802,40.22911822994067,0 -112.1768436831059,40.22889706703229,0 -112.176861963822,40.22859507581264,0 -112.1768795429538,40.22825254989886,0 -112.1768584846469,40.22805456300753,0 -112.1768146253014,40.2278973498545,0 -112.176699942779,40.22772283785496,0 -112.1765274374984,40.22760296848725,0 -112.1763012713542,40.22743859810773,0 -112.1760332733623,40.22723411174293,0 -112.175841819019,40.22703785640437,0 -112.1756672143756,40.2267963839258,0 -112.1755587248387,40.2266398262781,0 -112.1754159924215,40.22654217552114,0 -112.175245205618,40.22652138707198,0 -112.175063678557,40.22655926717435,0 -112.1748935915411,40.22657901173213,0 -112.1745767656218,40.22660925543425,0 -112.1744946596049,40.22661909752873,0 -112.1743657028526,40.22663842506613,0 -112.1741451233312,40.22659291481084,0 -112.1737696814413,40.22649582090578,0 -112.1735214984879,40.22641725543233,0 -112.1731551789898,40.22630385076027,0 -112.1727886286246,40.22617693299403,0 -112.1723034611161,40.22598725136752,0 -112.1719615955566,40.22592855076419,0 -112.171520759009,40.22592400483636,0 -112.1711972056066,40.22590475734157,0 -112.1708148161464,40.22588159902401,0 -112.1705945447471,40.22571715793807,0 -112.1705509333367,40.22557345307318,0 -112.1705360805918,40.22539342067085,0 -112.1704851218607,40.22516420303135,0 -112.170438022292,40.22481782776537,0 -112.1704222397908,40.22458374939875,0 -112.1703998070615,40.22430469341953,0 -112.1703667077366,40.22408880846103,0 -112.17029727066,40.22381022713553,0 -112.1702112920059,40.22359487765375,0 -112.1700780008823,40.22336198782953,0 -112.1698220987057,40.22317538279092,0 -112.1695716861337,40.22296619887874,0 -112.1694594452322,40.2228637278207,0 -112.1692547092975,40.22264507271964,0 -112.1690041610799,40.22242778048733,0 -112.1687764660032,40.22217241845755,0 -112.1685778565787,40.22189964575123,0 -112.1684071694882,40.22154190401493,0 -112.1684073033371,40.22120766327049,0 -112.1684483779052,40.22079372877682,0 -112.1687938160646,40.22010464469913,0 -112.168924921587,40.2198690828459,0 -112.1689760959138,40.21976946537178,0 -112.1690033040871,40.21964306284384,0 -112.1689722250733,40.2195442763868,0 -112.168887727741,40.21941449727593,0 -112.1687096915332,40.21931268963165,0 -112.1683902649912,40.21918978658006,0 -112.1681230979408,40.21903031875635,0 -112.1679449862745,40.21892400666534,0 -112.167761078678,40.21882225727479,0 -112.1676353028601,40.21868388469037,0 -112.1674483652461,40.21847405515678,0 -112.1672355633384,40.21833205527492,0 -112.1669445918314,40.21815480640333,0 -112.1666133470535,40.21802751324744,0 -112.1664303548402,40.21797890632713,0 -112.1662112934717,40.21788291474233,0 -112.1660110778595,40.21785790436432,0 -112.1656597314805,40.21792901184721,0 -112.1653502052713,40.21804023893826,0 -112.1650580866156,40.21813867706977,0 -112.1646611103118,40.21829042257132,0 -112.1643632532181,40.21839702443862,0 -112.1641405384012,40.21843079685529,0 -112.1640169913036,40.21842212996371,0 -112.1639640535839,40.2184190583101,0 -112.1637351745276,40.21836730524682,0 -112.1635203379358,40.21824333726561,0 -112.1632238867056,40.21808865649334,0 -112.1629860334796,40.21792437758118,0 -112.1627717592332,40.21776436625075,0 -112.1626804122468,40.21767996692974,0 -112.1625508563183,40.21756027528721,0 -112.1623298465039,40.2173498791057,0 -112.162068729607,40.21719934563917,0 -112.1618264845176,40.2171215966475,0 -112.1615434684907,40.21706497641494,0 -112.1614087283846,40.21708885182732,0 -112.1611282653697,40.21718175773628,0 -112.1607196271369,40.217339012221,0 -112.1605095093953,40.2174222012591,0 -112.1601889177384,40.21757406634893,0 -112.1598146131157,40.21769124327228,0 -112.1596687258152,40.21773694059868,0 -112.1591950711154,40.2178723182069,0 -112.1588519191684,40.21801089205935,0 -112.1585306825211,40.21819429080904,0 -112.1582858727416,40.21837305002536,0 -112.1580904262852,40.21849689978713,0 -112.1576876073388,40.21872075329799,0 -112.1574780950617,40.21883996822081,0 -112.1573507570735,40.21895385594116,0 -112.1572358742268,40.21910906085131,0 -112.1572017571106,40.21917606992826,0 -112.1571736075029,40.21924842442913,0 -112.1571626238019,40.219293580189,0 -112.1571073711237,40.21936170098195,0 -112.1570060007355,40.2194131658797,0 -112.1569001540422,40.21940881843526,0 -112.1568343012436,40.21933740383515,0 -112.1567617308434,40.21921650513089,0 -112.1567257137904,40.21917181987148,0 -112.1565064161649,40.21906139649798,0 -112.1561469085916,40.21892985154364,0 -112.1557273710994,40.21886196833724,0 -112.1553720020646,40.21876641563305,0 -112.1550365343066,40.21866615861282,0 -112.1546058891459,40.21856685078765,0 -112.1543978887334,40.2184292836648,0 -112.1541549447547,40.21831008311016,0 -112.153859660436,40.21822293588657,0 -112.153681267597,40.21809858556904,0 -112.153555827749,40.21797821283399,0 -112.1534712846027,40.21784391786495,0 -112.1534689597627,40.21770682189413,0 -112.1534686884715,40.2176907878011,0 -112.153501646761,40.21755532202832,0 -112.1535796205276,40.21730228896983,0 -112.1536834540964,40.21684178692991,0 -112.1538722862573,40.21654260174301,0 -112.1540808049977,40.2163648440068,0 -112.1543592108706,40.21615035232526,0 -112.1545333187456,40.21602248742272,0 -112.1547127653085,40.21586303752547,0 -112.154857023065,40.21570754118808,0 -112.1549413254629,40.21555084129852,0 -112.155033959735,40.21540036488695,0 -112.1550614984883,40.21529198025827,0 -112.1550415028884,40.21515253788726,0 -112.1549509329448,40.21500929559868,0 -112.1547543105937,40.21484909217001,0 -112.1544412629886,40.21475311467282,0 -112.1540349837317,40.21470311149056,0 -112.1536109277136,40.2146442748892,0 -112.1532163993189,40.2145941515798,0 -112.1528971748979,40.21448021262876,0 -112.1526431079793,40.21439715580365,0 -112.1523706857846,40.21420166725184,0 -112.1521382583829,40.21407785285646,0 -112.151924555465,40.2139493474459,0 -112.1515915877185,40.21378689214985,0 -112.1512901634147,40.21361331104925,0 -112.1511358193742,40.2135202500153,0 -112.1510351874011,40.213476205147,0 -112.1509047241741,40.21340542912837,0 -112.1508561262155,40.21331131617873,0 -112.1508311036433,40.21322147342256,0 -112.1508408719237,40.21310425721393,0 -112.1508620092823,40.21296440491604,0 -112.1508062095301,40.21286135415338,0 -112.1506834071359,40.21282653829912,0 -112.1504297300862,40.21276599604341,0 -112.1501633912825,40.21265152373935,0 -112.1499036119771,40.21257752745055,0 -112.149695259425,40.21241743214968,0 -112.1495937776457,40.21232294326928,0 -112.1494973479915,40.21217975399615,0 -112.1495121109049,40.21201023543513,0 -112.1496329504803,40.21185948293174,0 -112.1497724175214,40.21176800554581,0 -112.1499065431798,40.21170811336899,0 -112.1500929301266,40.21161166562108,0 -112.1501504573391,40.21153902032825,0 -112.1502365195365,40.21141654153971,0 -112.1502925384776,40.21125472091073,0 -112.1503717968352,40.21107735336784,0 -112.1508429847613,40.21079788914339,0 -112.1511998036769,40.21070424935748,0 -112.1516735014959,40.210573408503,0 -112.1519717268989,40.21048935764383,0 -112.1522173092296,40.210419344795,0 -112.152667277152,40.21027522193521,0 -112.15286662589,40.21025071366434,0 -112.1531357045553,40.21018046457582,0 -112.1533104870651,40.21009313607607,0 -112.153508613196,40.2099965652889,0 -112.1536769862263,40.20987776769229,0 -112.1537985911663,40.20977295050932,0 -112.1538513375449,40.20969584678502,0 -112.1539536098417,40.20955968928724,0 -112.1540811652221,40.20945931642616,0 -112.1542615127952,40.20935391272214,0 -112.1544896193003,40.20929307785724,0 -112.1547466380829,40.20920492702844,0 -112.1551444875492,40.20910636066477,0 -112.1557103956355,40.20887097805154,0 -112.1561293662907,40.2086325547676,0 -112.1563902639987,40.20842724258399,0 -112.1565056058845,40.20829996134102,0 -112.1567997565294,40.20797719667797,0 -112.1571294553066,40.20767209357503,0 -112.1573548722558,40.20745361996357,0 -112.1574873881333,40.20730003969387,0 -112.1576253648693,40.20712208002492,0 -112.1577751041457,40.20694490336855,0 -112.1578454404358,40.20693519082552,0 -112.1580130813392,40.20688477435534,0 -112.158050023657,40.20687368350898,0 -112.1582431183239,40.20682760632615,0 -112.1583776868518,40.20679472755249,0 -112.1585527595175,40.20672540655362,0 -112.1585923446789,40.20663491840094,0 -112.1584837491408,40.20653690469739,0 -112.1583352342681,40.20637172167583,0 -112.1582280445935,40.2062872073141,0 -112.1581252108496,40.20611345812845,0 -112.1580181271762,40.20586948032533,0 -112.1579968577652,40.20582104306264,0 -112.1579158971002,40.20555157795487,0 -112.157896282386,40.20543465515644,0 -112.157802730934,40.20511576553899,0 -112.1577098702864,40.20483740945284,0 -112.1575748966184,40.20450091554063,0 -112.1574773135274,40.20429017625003,0 -112.1574343578871,40.20418249561702,0 -112.1573476039869,40.20391759198321,0 -112.1573370568671,40.20364291803981,0 -112.1572921258315,40.20341903873533,0 -112.1572538037015,40.2032383375259,0 -112.1573332030945,40.20307087342186,0 -112.1574823216351,40.20285766658419,0 -112.1576074255131,40.20271091771315,0 -112.1577069552533,40.20259415399384,0 -112.1579199161628,40.20233526198949,0 -112.1580332916365,40.20225196455164,0 -112.1581810150934,40.2021434573516,0 -112.1583780389914,40.20198382522863,0 -112.1587369941008,40.2016739198053,0 -112.1588926685463,40.20150118728083,0 -112.159089244185,40.20131543182953,0 -112.1593770033166,40.20096479528684,0 -112.1595540208349,40.20066571908705,0 -112.1596795559043,40.2004482411041,0 -112.1597880831704,40.20026697003824,0 -112.1599083577055,40.20008558115972,0 -112.1600752359392,40.19988120229964,0 -112.1602300587817,40.19965892573007,0 -112.1603729034883,40.19942325506846,0 -112.1605109484964,40.19925069657788,0 -112.1604907938947,40.1991022471951,0 -112.160410215912,40.19885530267142,0 -112.1603207320316,40.19877511741522,0 -112.1599981173686,40.19845852456266,0 -112.1597051021943,40.19815514888043,0 -112.1595013939323,40.1979905197429,0 -112.1591702084432,40.19779112975424,0 -112.1589922441006,40.19768930677954,0 -112.1586141270278,40.19756245892259,0 -112.1582233455062,40.19738168172158,0 -112.1580243282466,40.1973267343154,0 -112.1576567493104,40.19722518442029,0 -112.1573854140772,40.197159427835,0 -112.1569376299592,40.19701164905496,0 -112.1566361526549,40.19696961625957,0 -112.1564308939007,40.19698968507343,0 -112.1561624826837,40.19709597256338,0 -112.1558476959401,40.19723875867722,0 -112.1555561719692,40.19736779803675,0 -112.1554274936946,40.19740061413922,0 -112.1552110985258,40.19745682950068,0 -112.1549231525447,40.197450693899,0 -112.1545053820386,40.19740981548993,0 -112.1541692279677,40.19733208496515,0 -112.1538378798836,40.19719124156138,0 -112.1534664112423,40.19710935678017,0 -112.1531423116642,40.19704952163937,0 -112.152624393377,40.19699161592791,0 -112.1523235592664,40.19691803276612,0 -112.151828451001,40.19681935521856,0 -112.1514035173289,40.19670195831658,0 -112.1510602027868,40.19654771212488,0 -112.1507340514566,40.19636626663706,0 -112.1505622046411,40.19627788285548,0 -112.1501945637212,40.19607432552745,0 -112.1500043382732,40.19594107747999,0 -112.1497677364004,40.19584432733937,0 -112.149497340805,40.19583349886295,0 -112.1488912609575,40.19577194716521,0 -112.1486313208537,40.19568443473533,0 -112.1486113450167,40.19554499045036,0 -112.1485729905473,40.19536068298166,0 -112.1487471532196,40.19489047678233,0 -112.1486719642304,40.19461193735904,0 -112.1486820585992,40.19416588255864,0 -112.1487003833327,40.19385938814259,0 -112.1487589058785,40.19349843932427,0 -112.1487947729129,40.19318726613461,0 -112.1488926228035,40.19278989011438,0 -112.1489529868956,40.19246856400353,0 -112.1489379122669,40.19227141197065,0 -112.1488235908672,40.19211038075515,0 -112.1486635640842,40.19202548080631,0 -112.1484735200959,40.19190213850267,0 -112.1484308150856,40.1918079655037,0 -112.1484373179899,40.19149708374756,0 -112.1487964374911,40.19084936235367,0 -112.1487865371583,40.19061071717006,0 -112.1487257580445,40.19048969585428,0 -112.1485134277524,40.1904377478491,0 -112.148165721347,40.19036912380136,0 -112.1479588087943,40.19029009303892,0 -112.1477277225774,40.1901707599609,0 -112.1474135844174,40.19000269949956,0 -112.1471766277101,40.18988342424561,0 -112.1470756534789,40.18981685559021,0 -112.1469512646598,40.18975502393817,0 -112.1468498358811,40.18966143194321,0 -112.1468822650629,40.18949444074782,0 -112.1469623579553,40.18936751785903,0 -112.14711217808,40.18919576001057,0 -112.1474209074836,40.189043147154,0 -112.1476006810332,40.18890622693562,0 -112.1477573427272,40.18879205883324,0 -112.14800232139,40.18869052841085,0 -112.1481838394679,40.18865719546881,0 -112.1484423853865,40.18866363998984,0 -112.1487296854789,40.18863376159027,0 -112.1490337678976,40.18855416539826,0 -112.1496870838576,40.18828641179129,0 -112.149718717132,40.18826753859142,0 -112.1501871777729,40.18798864462467,0 -112.1503504995764,40.187851883547,0 -112.1505110159413,40.187688122899,0 -112.1506242791256,40.18743924342643,0 -112.1506499880107,40.187222767509,0 -112.1505946095684,40.18707376474701,0 -112.150589830531,40.18679092328927,0 -112.1506280448632,40.18661936891328,0 -112.1507034844825,40.18621770915031,0 -112.1507124460757,40.1859833807884,0 -112.1507534550668,40.18569918282365,0 -112.1508268258659,40.18552277440077,0 -112.1509422935159,40.18540450627304,0 -112.1510523443247,40.18531331985684,0 -112.1512618422288,40.18519862138952,0 -112.1516412555705,40.18505970937285,0 -112.1517988164781,40.18499958222499,0 -112.1520496467667,40.18489798504678,0 -112.152189285386,40.18482001645251,0 -112.1522881225251,40.18476047311982,0 -112.1523974843261,40.18462875110233,0 -112.1525171426169,40.18441133904147,0 -112.1526188013644,40.18417158275044,0 -112.1527482962075,40.18384145733656,0 -112.1528623840452,40.1836421183968,0 -112.1529817342139,40.18340668992477,0 -112.1530778997634,40.18318951140712,0 -112.1531844354645,40.18289114605832,0 -112.1532907420952,40.18257926946691,0 -112.1533406309328,40.18240399357413,0 -112.1533847238402,40.18216390968198,0 -112.1533724142259,40.18185321432404,0 -112.1533344361506,40.18169142676235,0 -112.1532841044436,40.18149372592034,0 -112.1531910677262,40.18120185324923,0 -112.153117249566,40.18100438570266,0 -112.1530441940756,40.18085195688205,0 -112.1528896200663,40.18039402664881,0 -112.152874902967,40.18021849322742,0 -112.1528579751138,40.17991234895628,0 -112.1528665926523,40.17972757416452,0 -112.1528447842522,40.17948003816039,0 -112.152818781618,40.17933164501884,0 -112.1528224422528,40.17920097491502,0 -112.1527613622033,40.17906194011636,0 -112.1526902910913,40.17902661067892,0 -112.152625473152,40.17901374245442,0 -112.1523256334764,40.17899420435452,0 -112.1520670489303,40.17898326474568,0 -112.1515144197406,40.1789482214722,0 -112.1510207371015,40.17892610339061,0 -112.1506321375877,40.17886690217468,0 -112.1504079468388,40.17880606603546,0 -112.1498120125642,40.17864081133862,0 -112.14938079338,40.17849193660491,0 -112.1491380775734,40.17837722660463,0 -112.1489724551845,40.17830679692529,0 -112.1487951645783,40.17824098699347,0 -112.1486642818381,40.17821075396463,0 -112.1484299059905,40.17817253729393,0 -112.1482419362123,40.17816989758991,0 -112.1480956752127,40.17820288015584,0 -112.1478625902442,40.1782412285886,0 -112.1477092981309,40.17827518161801,0 -112.1474860470198,40.17833955842035,0 -112.1473054263589,40.17835486262413,0 -112.1471235552431,40.17836567398709,0 -112.1469008107819,40.17839040449297,0 -112.1467240528767,40.17835611864217,0 -112.1467387106872,40.17818029374033,0 -112.1467781440332,40.17808080168485,0 -112.1468284110616,40.17792714664681,0 -112.1468677680508,40.17782315105158,0 -112.146871455635,40.17769338128632,0 -112.1467982510242,40.17753103952398,0 -112.1467417667558,40.17731537826944,0 -112.1466736915253,40.17710884013015,0 -112.1466172072568,40.17689317822008,0 -112.1466395564428,40.17682538812952,0 -112.1466109909151,40.17652386221346,0 -112.1465853062844,40.17639348252725,0 -112.1464820790785,40.17619179765349,0 -112.1464204833961,40.17602123230516,0 -112.1462481784398,40.17590221456665,0 -112.1461700151286,40.17579397681885,0 -112.1460681542602,40.175673360799,0 -112.1460700479088,40.17550667149386,0 -112.1460726224804,40.17524087405032,0 -112.1460617277127,40.17501214777858,0 -112.1460430364665,40.17480872430569,0 -112.1460328082487,40.17461963197302,0 -112.1460174290911,40.17440356267369,0 -112.1459918971741,40.1742821905264,0 -112.1459192441288,40.17415227602467,0 -112.1458526897461,40.17403581525169,0 -112.1457692039168,40.17396006289271,0 -112.1455569275236,40.17390810840661,0 -112.1451675276109,40.1737993458182,0 -112.1451081983779,40.17379119350763,0 -112.1448908950124,40.17376153987281,0 -112.1446549677744,40.1736999077421,0 -112.1444951718584,40.17362580991007,0 -112.1443871431572,40.17348723524315,0 -112.1443831330778,40.17324853035166,0 -112.1444320400568,40.17301380644253,0 -112.1444677274281,40.17276119537665,0 -112.1445624314186,40.17238637590638,0 -112.144639708991,40.17209281186504,0 -112.1447626685904,40.1717222177108,0 -112.1450297511991,40.17147182240053,0 -112.1452552795394,40.17133445349321,0 -112.1454052775306,40.17117530759683,0 -112.1455269794887,40.17107950645946,0 -112.1457129603969,40.1709650509475,0 -112.145946893375,40.17090868046265,0 -112.1463405575903,40.1709228008884,0 -112.1466113080203,40.17096066126979,0 -112.1468889916477,40.1710615167033,0 -112.1471731539249,40.17119834457687,0 -112.1473531152224,40.17135422237627,0 -112.1475118259735,40.17143373235404,0 -112.1476832254281,40.17149960311473,0 -112.1479776159231,40.1715462349043,0 -112.148272097148,40.1715982708229,0 -112.1483474747834,40.17161103680478,0 -112.1485489354606,40.17164867852175,0 -112.1487069994248,40.17162008240543,0 -112.1491187718796,40.17159347345444,0 -112.1495054705583,40.17161215703706,0 -112.1497705822633,40.17166357993535,0 -112.1499176948658,40.17168193882382,0 -112.1500059435626,40.17169187332386,0 -112.1500883064978,40.17170096559009,0 -112.1504164044772,40.17165716400169,0 -112.15095586167,40.17161126057662,0 -112.1515544863989,40.17159179379194,0 -112.1520573129893,40.17153273512978,0 -112.152297983332,40.17145826632493,0 -112.1527402077767,40.17121872304129,0 -112.153066105782,40.17104520318627,0 -112.1533525677463,40.17097027531571,0 -112.1540548041601,40.1708281388598,0 -112.1543176422291,40.17074533607543,0 -112.1546274172717,40.17066026317774,0 -112.1549201126458,40.17060689212583,0 -112.155095953371,40.17058802018546,0 -112.1553941527228,40.17051297031236,0 -112.1555876660047,40.17049752499506,0 -112.1557565501765,40.17041475612882,0 -112.1558089309407,40.17038720561077,0 -112.1558608526658,40.17033263171917,0 -112.1558832665304,40.17026934355005,0 -112.1559110172862,40.17017446987559,0 -112.1558856228114,40.17006210782943,0 -112.1557949603414,40.16990985623936,0 -112.1557152761824,40.16971244849971,0 -112.1555396726123,40.16939887829353,0 -112.1553945695411,40.16915257315531,0 -112.1552795097263,40.16894650921665,0 -112.155206845003,40.16881660028923,0 -112.1551399753115,40.16868212899,0 -112.1550908707031,40.16855648994812,0 -112.155142027962,40.16845687806964,0 -112.1552220049717,40.16832544634524,0 -112.155384539851,40.16821481246805,0 -112.1554951835479,40.16816055397042,0 -112.1555995596991,40.16808293339434,0 -112.155680374837,40.16800104367616,0 -112.155701031597,40.16783416665822,0 -112.1557388425856,40.16764009043564,0 -112.1557523289929,40.16739670666488,0 -112.1557789326001,40.1672342750565,0 -112.1558521956014,40.1670533586741,0 -112.1559092979107,40.1669581921895,0 -112.1559720416401,40.16684945484608,0 -112.1560581918724,40.1667359793392,0 -112.1561220818521,40.16669479959489,0 -112.1562266834804,40.16663069045125,0 -112.1564195257208,40.16650713928162,0 -112.1565352296277,40.16647445170454,0 -112.1567859089993,40.16636834070651,0 -112.1570825587572,40.16620321017707,0 -112.1573491652588,40.1659978374877,0 -112.1575053759985,40.16586113711173,0 -112.1577311154429,40.1656696858277,0 -112.157879959099,40.16551413958541,0 -112.1579791879036,40.16541044212136,0 -112.1580827915036,40.16528778115582,0 -112.1581164073598,40.16519284765918,0 -112.1582116898654,40.16492612219756,0 -112.1582089338341,40.16476398329871,0 -112.1582755519973,40.16453808643389,0 -112.1584220591353,40.16417625117209,0 -112.1584769354193,40.16395047111502,0 -112.1585827309087,40.16361156586903,0 -112.1586964477422,40.16339330522791,0 -112.1588994598099,40.16324712588796,0 -112.1591884738879,40.16297936096576,0 -112.1596431417959,40.16278561342958,0 -112.1603695285178,40.16268824276621,0 -112.16087923261,40.16262367193814,0 -112.1612479263554,40.16255330623103,0 -112.1618328841157,40.16242581256667,0 -112.1623001257427,40.16228147991819,0 -112.1628378087627,40.16213643710872,0 -112.163283026394,40.16207790913234,0 -112.1636871514908,40.16201979232729,0 -112.1639748701982,40.16202140494828,0 -112.164420394155,40.16198088757626,0 -112.1646357454814,40.16187061064432,0 -112.1650761095151,40.16152833381945,0 -112.1656617589781,40.1610990048746,0 -112.1661075200901,40.16072964205214,0 -112.1665640142731,40.16030160903344,0 -112.166974621613,40.15993710116722,0 -112.1673615134295,40.15955931780568,0 -112.1677666275715,40.15921738564415,0 -112.1683866106446,40.15873814592581,0 -112.1686589466011,40.15852818441474,0 -112.1689437933945,40.15836314260309,0 -112.1690591819928,40.15829269695958,0 -112.1693563078578,40.15811122329574,0 -112.1698333887321,40.15785864945254,0 -112.1702801110415,40.15754782084445,0 -112.1706107476599,40.15731474256626,0 -112.1709535860948,40.15710856785753,0 -112.1715283497732,40.15673337428121,0 -112.1718762780625,40.15648209910898,0 -112.172172305288,40.15628540411633,0 -112.1723688557738,40.15610773351187,0 -112.1726703618242,40.15588845870538,0 -112.1730879427857,40.15559142818074,0 -112.1733548466297,40.15540853843405,0 -112.1735685351745,40.15520366450461,0 -112.1737750345021,40.15492228513849,0 -112.1739060798375,40.15469122053638,0 -112.1739614403135,40.15449696049697,0 -112.1740049070951,40.15429381196935,0 -112.1740182488737,40.15404592297973,0 -112.1739729737834,40.15380313244086,0 -112.1738228239769,40.15360645165967,0 -112.1736356734622,40.15330653909762,0 -112.1735181837045,40.15296087395941,0 -112.1734207838698,40.15275915310003,0 -112.1732696144755,40.15250302124809,0 -112.1731605697798,40.15230682350961,0 -112.1729329411784,40.151701005825,0 -112.1727464203827,40.15143712215314,0 -112.1726088856177,40.15129076395517,0 -112.1724176441752,40.15109359594762,0 -112.1722616346581,40.15089697254901,0 -112.1721625388042,40.15059616570307,0 -112.1721619809504,40.15022228743966,0 -112.1721110006597,40.14998856329967,0 -112.1720357703479,40.1497100379671,0 -112.1719447907726,40.14953978372512,0 -112.1718287095733,40.14927518578757,0 -112.1717503207849,40.14915435373008,0 -112.1715349308309,40.14891778869269,0 -112.1712847913468,40.1487086015698,0 -112.1709652309559,40.14855867721231,0 -112.1706986478104,40.1484172244291,0 -112.1699551886066,40.1482625731964,0 -112.1696134083871,40.14811737341021,0 -112.1692174786205,40.14796371027936,0 -112.1689092010695,40.14778663795555,0 -112.168624539329,40.14761743497465,0 -112.1682856229387,40.14736499239387,0 -112.1679413642673,40.14714323384743,0 -112.1678261517388,40.14692817369508,0 -112.1677806727309,40.14667186878628,0 -112.1678740418249,40.14629704328662,0 -112.1680229294984,40.14607931890291,0 -112.1681895005083,40.14586592126107,0 -112.1684196237313,40.14559332155161,0 -112.1685566940672,40.14537121113359,0 -112.1687916798708,40.14504000154201,0 -112.1690593275198,40.1449021602715,0 -112.1693502163819,40.14475057053339,0 -112.1694891354507,40.14463655131519,0 -112.1695511425615,40.14448727238668,0 -112.1696536286573,40.14430244853774,0 -112.1696627384726,40.14425866154625,0 -112.1697024143637,40.14406681424229,0 -112.1697148443523,40.14376487843077,0 -112.1697801689415,40.14346691247165,0 -112.1698239501335,40.14328178026375,0 -112.1699493513539,40.1430642913699,0 -112.1702927395577,40.14289414957155,0 -112.1706017645071,40.14277390565958,0 -112.1708980468541,40.14259522938653,0 -112.1712268311464,40.14225856130852,0 -112.1713937542958,40.14206677702798,0 -112.1717053304606,40.14175370611142,0 -112.1719304087449,40.14153070139004,0 -112.1721038312054,40.14137578863243,0 -112.1722476011767,40.14120315735033,0 -112.1724302807763,40.14090400173174,0 -112.1725663997964,40.14062784133121,0 -112.172666455051,40.14030249460615,0 -112.1727906794784,40.14001744402037,0 -112.1727925982798,40.13978768845377,0 -112.1727101185637,40.13949662397288,0 -112.1726304200317,40.1392307569561,0 -112.1726788985143,40.1389780064507,0 -112.172841565446,40.13853940939021,0 -112.1729933456947,40.13815047358922,0 -112.1731741550018,40.13774322518879,0 -112.1732397814249,40.13739570350656,0 -112.1732208287691,40.13704453400467,0 -112.1730999820071,40.13684304951276,0 -112.1728544347108,40.13655724064051,0 -112.1727683329874,40.13632837648092,0 -112.1728092368756,40.13597660053314,0 -112.1729096721176,40.13567377303967,0 -112.1730317693344,40.13533378715263,0 -112.1732428680362,40.13491361850187,0 -112.1733986017705,40.13468680849039,0 -112.1736858623371,40.13439560059714,0 -112.1739582414127,40.13419463570976,0 -112.1743419522948,40.13398353172754,0 -112.1746730829866,40.13378647350949,0 -112.1748815307601,40.13362219161499,0 -112.1750603287393,40.13344019187493,0 -112.1751975086697,40.13322708213931,0 -112.1753908045593,40.1328647490004,0 -112.1754517795058,40.13265691697416,0 -112.1755473395908,40.13241269627501,0 -112.1757239600537,40.132104587767,0 -112.1758857699926,40.13195879643721,0 -112.1760663556192,40.13181281454577,0 -112.1761863992873,40.13169537522857,0 -112.1762601931929,40.13155047726301,0 -112.1762806092044,40.13150243062309,0 -112.1763335056016,40.13137765549392,0 -112.1763356453886,40.13116141148618,0 -112.1762805544071,40.13104313860907,0 -112.1762625171346,40.13100449153066,0 -112.176112489499,40.13081231627319,0 -112.1758803172188,40.13062097497238,0 -112.1757794049714,40.13055442992065,0 -112.1756018278027,40.13046614036718,0 -112.1754659432429,40.13041346370422,0 -112.1752713942035,40.13029381379596,0 -112.175078805288,40.1301516196631,0 -112.1750074745629,40.13003071856335,0 -112.1748989904159,40.12986514732256,0 -112.174871629529,40.12970758217839,0 -112.1748677245525,40.12968527909074,0 -112.174861907961,40.12934748999326,0 -112.17478730108,40.12917256636895,0 -112.1745887760972,40.12888988680191,0 -112.1742855138404,40.12872719205899,0 -112.1740017216691,40.12853637033024,0 -112.1738400491725,40.12834881405765,0 -112.1736954249033,40.12819712213637,0 -112.1734757122562,40.12797862198408,0 -112.1732667165104,40.12776902146278,0 -112.1729813549823,40.12755478878327,0 -112.1728217935266,40.12748973603014,0 -112.1725792232471,40.12737507241633,0 -112.1721120741465,40.1271680835597,0 -112.1717940058572,40.12709922862861,0 -112.1713582843168,40.12701354399751,0 -112.17086481907,40.12698249757029,0 -112.1704711746176,40.12695494454116,0 -112.1700307468034,40.1269368723471,0 -112.1694954398273,40.12686119657064,0 -112.1688538307121,40.12674604902672,0 -112.1684171120418,40.1266018033413,0 -112.168192616764,40.12651397572709,0 -112.1677609205745,40.12632012553649,0 -112.1676535386603,40.12621760116654,0 -112.167569163499,40.12608781793143,0 -112.167424730571,40.12587755561022,0 -112.1672870125497,40.12571677692358,0 -112.1670026355751,40.12548990599722,0 -112.1668240630731,40.12541062178267,0 -112.166624369382,40.12533155040992,0 -112.1660827490461,40.12495411102933,0 -112.1656722288428,40.12462490036752,0 -112.1653701640402,40.12446126879721,0 -112.1650674659255,40.12432917561618,0 -112.1648134367362,40.12416055440475,0 -112.1646543567775,40.12405404277177,0 -112.1644745760413,40.12390359417049,0 -112.1643189456133,40.12372407216022,0 -112.164147036814,40.12362219368421,0 -112.1639343669587,40.12353874328667,0 -112.1637749609115,40.12348178459479,0 -112.1636614929114,40.12336580429351,0 -112.1636232192904,40.12318600335291,0 -112.1637071524806,40.12294641342154,0 -112.1638678152709,40.12273308050887,0 -112.164015975309,40.12247482622931,0 -112.1641504028014,40.12209958904429,0 -112.1642275591011,40.12180691216424,0 -112.1643100909196,40.12148535164242,0 -112.1642993066446,40.12119716255663,0 -112.1643009469683,40.12094939047517,0 -112.164297028517,40.12071969271632,0 -112.1642695670188,40.12048572763665,0 -112.1642066741691,40.12023860417806,0 -112.1641799807304,40.12004967723887,0 -112.1641920495963,40.1197252211918,0 -112.1642221790909,40.11942761144766,0 -112.1642416500747,40.11919317411115,0 -112.1642203626974,40.11897716474694,0 -112.1641709167292,40.11876143840725,0 -112.1640317407422,40.11858265159763,0 -112.163824493118,40.11847211872781,0 -112.1636053589859,40.11835269510456,0 -112.1633157511214,40.11822947446342,0 -112.1629735001847,40.11811579131897,0 -112.1626479893533,40.11795148666229,0 -112.1623761537584,40.11783799540196,0 -112.162103367746,40.11766865532886,0 -112.1619248590243,40.11752269427003,0 -112.1616815152953,40.11735936435785,0 -112.1614262787703,40.11711777267899,0 -112.1612802513326,40.1168804901922,0 -112.1612125273434,40.11662440443808,0 -112.1611767510389,40.11631484285773,0 -112.1611406621206,40.1159178947191,0 -112.1611048947993,40.11553986242106,0 -112.1610646008672,40.11513016270192,0 -112.1610623434009,40.11510784246585,0 -112.1609871993274,40.11482930673731,0 -112.160911765098,40.11453365685489,0 -112.1608792020673,40.11434388692177,0 -112.1608247066689,40.11424442979368,0 -112.1606948246519,40.11419708196384,0 -112.1605369744868,40.11423019590731,0 -112.1603730130828,40.11424895710181,0 -112.1602908720315,40.1142488787842,0 -112.1601911015428,40.11424717571947,0 -112.159973976942,40.11424484611366,0 -112.1597203555879,40.11416630242185,0 -112.1594429378618,40.11413754744838,0 -112.1591031869365,40.11410040696369,0 -112.1588508052575,40.11409482441635,0 -112.1586099723197,40.11407831447307,0 -112.1583459960852,40.11408095529484,0 -112.1581585087023,40.11409634405643,0 -112.1580648799952,40.11411079437516,0 -112.1578624913583,40.11414705343613,0 -112.1578250549671,40.1141537344884,0 -112.1575843145558,40.11414262710984,0 -112.1574252408853,40.11410367501387,0 -112.1572711178303,40.11401061761816,0 -112.1570689214329,40.11385047038875,0 -112.1566780177404,40.11363364781612,0 -112.1564589878129,40.11351871419804,0 -112.1562095606928,40.11334101830944,0 -112.1559584573163,40.11306423614765,0 -112.1558074595002,40.11280897829808,0 -112.1557640331428,40.11266976701278,0 -112.1557780477595,40.1124579084798,0 -112.155849425197,40.11216889793248,0 -112.1558382214088,40.11185368387348,0 -112.1559089888903,40.1115286418479,0 -112.1559731115336,40.11115771924879,0 -112.1559259652525,40.11079871805989,0 -112.1557865521103,40.11053433476437,0 -112.1556288555571,40.11022959182296,0 -112.1554498329991,40.1100511913701,0 -112.1552414049886,40.10986858026271,0 -112.1551127374938,40.10954552804881,0 -112.1551026044974,40.10929336794077,0 -112.1550146944654,40.10895189112109,0 -112.1548821444519,40.10874599836191,0 -112.1546699435172,40.10861747893323,0 -112.1543673217592,40.10848445492996,0 -112.1541664575634,40.10840176988438,0 -112.1539422686112,40.10832742423032,0 -112.1536417498093,40.10824933472006,0 -112.1533356713341,40.10818931817999,0 -112.1531712967051,40.10818284609448,0 -112.1528834845729,40.10816228794366,0 -112.1526125248355,40.10809741450826,0 -112.1523584776799,40.10799183135178,0 -112.1520751948533,40.10789194307922,0 -112.1517623260129,40.10777703273722,0 -112.151426619303,40.10769928750064,0 -112.1512082253827,40.10762037485412,0 -112.1510298280521,40.10747799863318,0 -112.1509036893149,40.10730357045449,0 -112.150937247679,40.10713656423002,0 -112.1510358844938,40.10679322973329,0 -112.1510884655823,40.10643233391426,0 -112.151154295923,40.10616140021905,0 -112.1511047152075,40.10600422948889,0 -112.1509999914083,40.10570796271957,0 -112.1509846167422,40.1054918919695,0 -112.1510519652357,40.10531103580963,0 -112.1512955973239,40.10507797551803,0 -112.1515610566769,40.10488704137846,0 -112.1518444329282,40.10464547616357,0 -112.152035011414,40.10446699785218,0 -112.1522705317152,40.10424032261717,0 -112.1524787513166,40.10399499872896,0 -112.1527221282833,40.10381689455586,0 -112.1529651998227,40.10362077473862,0 -112.1532542794778,40.10337014003128,0 -112.1535103720973,40.1032504679525,0 -112.1537778131338,40.10310815954165,0 -112.1540438069844,40.10288027595976,0 -112.1541875437181,40.10270766646163,0 -112.1542711068024,40.10244556317566,0 -112.1542893147549,40.10213456007191,0 -112.1542319609173,40.10186485157629,0 -112.1542437719666,40.10152237892621,0 -112.1542913045233,40.10121108369566,0 -112.1543866669789,40.10093922219319,0 -112.1545051924941,40.10067740137774,0 -112.154601852117,40.10049625069325,0 -112.1547159839721,40.10023834692234,0 -112.1547882381654,40.10007095367189,0 -112.1549577888871,40.09969087149884,0 -112.1551875105631,40.09940028124016,0 -112.1554848969396,40.0992261374438,0 -112.1557745281602,40.09907909852159,0 -112.1560610215656,40.09895461296014,0 -112.1563526326731,40.09892467377826,0 -112.1566800721874,40.09886284317594,0 -112.1569062841457,40.09871192998393,0 -112.1570139768769,40.09849012537541,0 -112.1571199906568,40.09816923521338,0 -112.157156694921,40.09791210255068,0 -112.1571775600901,40.09775873545176,0 -112.1571837961948,40.09743433660436,0 -112.1571840908422,40.09710549297058,0 -112.1571899451629,40.09675857509177,0 -112.1572162918519,40.09658262963328,0 -112.1572824860102,40.09633511283653,0 -112.1573884045687,40.09600881745499,0 -112.1574952528836,40.09573746910851,0 -112.1575259375371,40.09547138696344,0 -112.1575453501304,40.09523244567664,0 -112.1575541796713,40.09506118016259,0 -112.1575796855372,40.09483569129627,0 -112.1575938447827,40.09463283994432,0 -112.1575888079289,40.09433558219568,0 -112.1575916960125,40.09415987099239,0 -112.1576172018784,40.09393438257563,0 -112.1576485602683,40.09336197608469,0 -112.1576321758958,40.09308735499675,0 -112.1575976644192,40.09278138212892,0 -112.1576414501028,40.09259625343766,0 -112.1576956661252,40.09233444037895,0 -112.1577853727878,40.09209029131732,0 -112.1577926518365,40.09198679171425,0 -112.1578137649406,40.09168909151828,0 -112.1578022530303,40.09135586103558,0 -112.1578082564713,40.09101795093817,0 -112.1577917202836,40.09073432174865,0 -112.1577772250681,40.09049499822023,0 -112.1577672591584,40.09032914584311,0 -112.1577252665121,40.08992774873283,0 -112.1577036449615,40.08969011780103,0 -112.1577121681769,40.08950083660446,0 -112.1577667686782,40.08933109541571,0 -112.157779025292,40.08929295312339,0 -112.157945952933,40.08910659301188,0 -112.1582707478071,40.08889162550023,0 -112.1585672906656,40.08874000569022,0 -112.158946156035,40.08860107503271,0 -112.1593712442173,40.08842113819764,0 -112.1596854506492,40.08827384363514,0 -112.1600748155276,40.08806272902856,0 -112.1604242017826,40.08791507975026,0 -112.1607860036532,40.08780784676724,0 -112.1611487981622,40.08775916373854,0 -112.1616171429204,40.08770942091287,0 -112.1620868117953,40.08766867228985,0 -112.1625135483862,40.08765538058145,0 -112.1627715580105,40.08765279027876,0 -112.1631412875135,40.08766709707822,0 -112.1636059132464,40.08774351404391,0 -112.1641294091732,40.08783285216505,0 -112.1642877489201,40.08783216146526,0 -112.1645399572243,40.08783322947267,0 -112.1648679501009,40.08780740760573,0 -112.1651597606344,40.08772338887905,0 -112.1654086811047,40.08753168784623,0 -112.1657268895311,40.08727622422868,0 -112.1659858226236,40.0870528889069,0 -112.1663161583064,40.08675225446223,0 -112.1666926134959,40.0864736782287,0 -112.1669462923422,40.08628643068135,0 -112.1670814708262,40.08620722790932,0 -112.1672668157272,40.08609850977091,0 -112.1675817632692,40.08599623266593,0 -112.1678498780421,40.08589893133622,0 -112.1681247014336,40.08585111291944,0 -112.1684108831236,40.08578155773662,0 -112.1688032726296,40.08574966980616,0 -112.1691834872685,40.08569177637359,0 -112.1695452621896,40.08558451583319,0 -112.169884044731,40.08550451567891,0 -112.1702938840114,40.08546433755912,0 -112.1707456943785,40.08547779052054,0 -112.1711043036366,40.08552822157635,0 -112.1712818493643,40.08555345392877,0 -112.1714214816954,40.08555654671779,0 -112.1718635669012,40.08534485941991,0 -112.1721344457903,40.08506733379381,0 -112.1723017866564,40.08490797685655,0 -112.1724806223648,40.0847349891187,0 -112.172553976096,40.08463514367941,0 -112.1727843580338,40.08432198834405,0 -112.1730082442537,40.08404043164734,0 -112.1731271416714,40.08379237162833,0 -112.1732276433888,40.08349764874751,0 -112.1733814717964,40.08323481921261,0 -112.1736704804845,40.08292106909597,0 -112.1738822322616,40.08268467973921,0 -112.1740830407619,40.08242587818619,0 -112.1742499836743,40.08224399915802,0 -112.1743990258581,40.08204428226873,0 -112.1745597173944,40.08183994254021,0 -112.1746603799102,40.08155512727217,0 -112.1746080557398,40.08124033085932,0 -112.1745396113017,40.08101128599903,0 -112.1744970985309,40.08092612822145,0 -112.1743447128176,40.08058982282991,0 -112.1741634768108,40.08028083753528,0 -112.174096042079,40.08011034339973,0 -112.1740337888298,40.07990015544728,0 -112.1740714893257,40.07970517161749,0 -112.1743544343857,40.07944914043668,0 -112.1746330944817,40.07928504756902,0 -112.1748817247962,40.07907981562509,0 -112.17507812706,40.07890664536423,0 -112.1752044822912,40.07875220440523,0 -112.1754811077032,40.07847010778148,0 -112.1756130136246,40.07829759102382,0 -112.1758080181098,40.07804334994062,0 -112.1759231192472,40.07784848039508,0 -112.1759725445541,40.0777218478506,0 -112.1759327069662,40.07751954144309,0 -112.1757893726778,40.07730026740116,0 -112.1755854775662,40.07703746205863,0 -112.1753449823949,40.07669214108505,0 -112.1751581220361,40.07639672827283,0 -112.1749876137103,40.0760290744298,0 -112.1749359111741,40.07575030928023,0 -112.174825426479,40.07546313004438,0 -112.1746381079793,40.07514069329285,0 -112.1745408985875,40.07494347280358,0 -112.174466831594,40.07472799932654,0 -112.1743813335385,40.07452975960609,0 -112.1743421490258,40.07429681386157,0 -112.1743080390962,40.07401786977034,0 -112.1742510975853,40.07377519411504,0 -112.1741794919757,40.07336148963081,0 -112.17414468675,40.0730420098023,0 -112.174150145812,40.07267707514047,0 -112.174179210803,40.07232091069086,0 -112.1741720170942,40.0719020485651,0 -112.1741255652108,40.07158719171449,0 -112.1740895490561,40.07147710218325,0 -112.1740389271933,40.07132229378501,0 -112.1739236589692,40.07109732640934,0 -112.1737852043294,40.07088791081046,0 -112.1736062401619,40.07070953644823,0 -112.173433680084,40.07056263046547,0 -112.1731731857196,40.0704166143997,0 -112.1728718853835,40.07021605370192,0 -112.1726504228182,40.07002099058486,0 -112.172418316115,40.06982062945614,0 -112.1722619580516,40.06959247286351,0 -112.1721106134858,40.0693147139177,0 -112.1719701466198,40.06898729357842,0 -112.1720177339736,40.06868499821343,0 -112.1721748493168,40.06827348193394,0 -112.1724087894815,40.0678972253034,0 -112.1726542056238,40.06757490878736,0 -112.1728097147793,40.06734359537131,0 -112.1730606160348,40.06693112846057,0 -112.1732152601126,40.06671784193425,0 -112.1732063847576,40.06654224918882,0 -112.1731740606787,40.06636689385889,0 -112.1731602508779,40.06624540707512,0 -112.1732239593978,40.0661997149867,0 -112.1733119673462,40.06620332839103,0 -112.1736762611434,40.06624918959741,0 -112.1738828979132,40.0662642131249,0 -112.1742156428776,40.06624822781106,0 -112.1743328056485,40.06624253546545,0 -112.174624402383,40.06622714619301,0 -112.1746491213247,40.06622581454126,0 -112.1750415656279,40.06620381512811,0 -112.1754114137085,40.06623159626083,0 -112.1758558408223,40.06616402023418,0 -112.1762603180588,40.06615991321554,0 -112.1768467499543,40.06616747139457,0 -112.1772570428839,40.06650115378273,0 -112.1774127891946,40.06669327220419,0 -112.1776264597732,40.06684425913605,0 -112.177870691936,40.06699944001068,0 -112.1781007001746,40.06714575557752,0 -112.1783661226966,40.06723765405808,0 -112.1785958461693,40.06729928377322,0 -112.1788249183634,40.06732307988045,0 -112.1791358414529,40.06733342974764,0 -112.1794234721254,40.06735302471287,0 -112.1796284892328,40.0673419275684,0 -112.1798504719226,40.06729461997176,0 -112.1799958579632,40.06722556899837,0 -112.1802108948793,40.06704769583799,0 -112.1803001730455,40.06685308494351,0 -112.1804243175228,40.06657252916628,0 -112.1804851451456,40.06636018955234,0 -112.180559251665,40.06623780765581,0 -112.1805736498624,40.0660529690858,0 -112.1806163306181,40.0658083799654,0 -112.1806485783402,40.06563867526864,0 -112.1806864863469,40.0654572003332,0 -112.1807885789806,40.06525795326614,0 -112.1809032507232,40.06510813018121,0 -112.1810631050297,40.06485874238857,0 -112.1811479212639,40.06467769024881,0 -112.181173185483,40.06444318937213,0 -112.181216268684,40.06422202041141,0 -112.1812302752159,40.06401466199921,0 -112.1812725795776,40.06374845379564,0 -112.181402810141,40.06348134941484,0 -112.1814351791356,40.06331885091083,0 -112.1815185140479,40.06305222404273,0 -112.1817125986583,40.06274843036667,0 -112.1817507510067,40.06258136774309,0 -112.1819445993602,40.0622640621708,0 -112.1820482406894,40.06215489191479,0 -112.1823243819095,40.0618502602689,0 -112.1824916428255,40.06169088887398,0 -112.1827559801827,40.0613818714596,0 -112.1829113599807,40.06121361124186,0 -112.1831527929931,40.06093635990899,0 -112.1833590542672,40.06065946703023,0 -112.1835417275785,40.06037470618714,0 -112.1836957625986,40.06012897873567,0 -112.1837809561252,40.05997044418172,0 -112.1837972156319,40.05989369833937,0 -112.1837887786547,40.05981269993709,0 -112.1837418901901,40.05974560845197,0 -112.1836055968969,40.05966141208896,0 -112.1833586383472,40.05961888861982,0 -112.1831466143806,40.05956249314122,0 -112.1829571794501,40.05945631489887,0 -112.1827554780244,40.05931872915721,0 -112.1825237683767,40.05914090754543,0 -112.1824146823585,40.05893480495817,0 -112.1822885427229,40.05875950842859,0 -112.1822091684827,40.05857652729205,0 -112.1821755032191,40.05832460805473,0 -112.182224517996,40.05810788289391,0 -112.1822272659424,40.05792766745785,0 -112.1821775729375,40.0577660055409,0 -112.182122253784,40.05761791515468,0 -112.182031143953,40.05743415262306,0 -112.1819228403673,40.057273089098,0 -112.1818140696578,40.05708500148507,0 -112.181739206757,40.05682359230507,0 -112.1817307158809,40.05667142047086,0 -112.1817204481372,40.05640962259644,0 -112.1817202639826,40.0564057501424,0 -112.1816462742442,40.05619478426053,0 -112.1815487621201,40.05597955401147,0 -112.1814571896567,40.055768766958,0 -112.1813191176992,40.05558097841967,0 -112.1811868246039,40.05545619603549,0 -112.1810504702253,40.05529992172571,0 -112.1808235521912,40.05505898156974,0 -112.1806386735159,40.0548761733969,0 -112.1804425398483,40.05472050765614,0 -112.1803287870822,40.05458292266641,0 -112.1800777160451,40.05430078369652,0 -112.1799181491995,40.05422582954956,0 -112.1796050333224,40.05408486742529,0 -112.1793985025538,40.05400588573931,0 -112.1791322760395,40.05386444596138,0 -112.1789784170893,40.05378042248467,0 -112.1788530868357,40.05365106214491,0 -112.1787621467863,40.05347630417413,0 -112.1785984710466,40.05316264112131,0 -112.178459093837,40.0528982814626,0 -112.1783556582219,40.05267860360208,0 -112.178239803398,40.05241851012877,0 -112.178142850026,40.0522348037141,0 -112.1780391062888,40.05199710931443,0 -112.1779471628212,40.05176380046163,0 -112.1778371721995,40.051503646424,0 -112.1777352134147,40.05136954191928,0 -112.1776491323526,40.05113617246943,0 -112.1776211929506,40.05087518468369,0 -112.1776229455638,40.05063641763931,0 -112.1776902500398,40.05046005042366,0 -112.1778272610869,40.0502469365067,0 -112.1779587214439,40.05005189804324,0 -112.1780378225963,40.04987991512451,0 -112.1781150633377,40.04959983888759,0 -112.1781276819725,40.04931140927659,0 -112.1781422472565,40.04906800746318,0 -112.1781385255363,40.04885182018139,0 -112.1780810414429,40.04864518861091,0 -112.1780237226396,40.04837999448851,0 -112.1779192871996,40.04810176465651,0 -112.177815861466,40.04788208646513,0 -112.1777118149965,40.04762637577144,0 -112.1776251967419,40.04736147957336,0 -112.1774983312676,40.04714203830694,0 -112.1774074028962,40.04696727946338,0 -112.1772506792184,40.04671570791286,0 -112.177148125749,40.0465464721109,0 -112.176925949023,40.04623790522113,0 -112.1765978258908,40.0459033857105,0 -112.1765002670543,40.04568364610719,0 -112.176408105296,40.04543682314208,0 -112.1763295997267,40.04530247976275,0 -112.1762270345792,40.04513234232357,0 -112.1760829843334,40.04493559749285,0 -112.1759691641937,40.04479260257568,0 -112.1758539516652,40.04456853719726,0 -112.1757510020388,40.04437587981568,0 -112.1756478206469,40.0441697105688,0 -112.1755683898128,40.04398131927588,0 -112.1754940461382,40.04374782893974,0 -112.1753906347777,40.04352814772106,0 -112.1752824470748,40.043371580605,0 -112.17515535253,40.04320619595129,0 -112.1749413109473,40.04296060809536,0 -112.1747546131835,40.04273726636528,0 -112.1745580770707,40.04248699550309,0 -112.1743605501161,40.04226772629432,0 -112.174353739988,40.04226022804713,0 -112.1741700704449,40.04207649563027,0 -112.1740921658486,40.04196304563602,0 -112.1740318152311,40.04187518510032,0 -112.1739288745878,40.04168252560956,0 -112.1738670309704,40.04149395482344,0 -112.1737526035695,40.04131492581021,0 -112.1735204393742,40.04110555690446,0 -112.1732831116626,40.04093678171403,0 -112.1730225148903,40.04077815162196,0 -112.1727670546847,40.0405771254218,0 -112.1725763773842,40.04039436231234,0 -112.1724514702372,40.04028751323008,0 -112.1723322682906,40.04017159744638,0 -112.1722250956839,40.04007357866658,0 -112.1720933119335,40.03990733664526,0 -112.171997411387,40.03978307576527,0 -112.1719893930247,40.03965702513437,0 -112.1719923987877,40.03949032061637,0 -112.1720483737114,40.03933659427575,0 -112.1721339553102,40.03920058757807,0 -112.1722371160408,40.0390644024804,0 -112.1723513637786,40.03895963796774,0 -112.1724673371801,40.03881881896295,0 -112.1726107424354,40.03863717906685,0 -112.1727305534398,40.03844676834878,0 -112.1728154379459,40.03827022585332,0 -112.1728937683438,40.03805320720883,0 -112.1729723296087,40.03784969976182,0 -112.1730269121436,40.03761490229716,0 -112.1730697743591,40.03738022369646,0 -112.1730895992791,40.03710073092197,0 -112.1731146371227,40.03692028937165,0 -112.1731162513953,40.03667251374394,0 -112.1731494791793,40.03655955958933,0 -112.1732269570759,40.0362929972219,0 -112.1733129959172,40.03618401301946,0 -112.1736442802209,40.03602299281792,0 -112.1739548296113,40.03601984619571,0 -112.174206398315,40.03599477362978,0 -112.1742964050149,40.03596692308369,0 -112.1743871124008,40.03593888544814,0 -112.1746208827838,40.03583290768976,0 -112.1747290300625,40.03571468849266,0 -112.1748602406878,40.0355061414968,0 -112.1748797359261,40.0352762034797,0 -112.1748280684242,40.03499743527306,0 -112.1747296822394,40.03472815068014,0 -112.1745424805207,40.03440570959879,0 -112.1743739395054,40.03414614479637,0 -112.1742763079054,40.03394802635189,0 -112.1742282183933,40.033850310891,0 -112.1741435629575,40.03369800867035,0 -112.1740570542974,40.0334376116728,0 -112.1740013093424,40.03326249305298,0 -112.1739807199561,40.03308701769486,0 -112.173982716911,40.03286176244131,0 -112.1740917238774,40.03272551653718,0 -112.17426330569,40.03263647617977,0 -112.1742775933945,40.03262903396251,0 -112.1745164266825,40.0325455283776,0 -112.1747210323615,40.03251642527538,0 -112.1748775278672,40.032415734994,0 -112.1750676320426,40.03222460945029,0 -112.1751056307791,40.03204853989119,0 -112.1751382333357,40.03189955379211,0 -112.1752537917155,40.03180378263964,0 -112.1753876218282,40.03174836906491,0 -112.1754875342507,40.03176537426821,0 -112.1756167434296,40.03178208163735,0 -112.1757511143282,40.03175819470672,0 -112.1758257346838,40.03166734340525,0 -112.1758767643819,40.03156772213573,0 -112.1760836661548,40.03133137673952,0 -112.1762154058878,40.03115435566181,0 -112.1763310379295,40.0310630874151,0 -112.1765278444352,40.03092144320694,0 -112.176707692545,40.03081600861059,0 -112.1769053488569,40.03072390693726,0 -112.1770906515371,40.03059499121152,0 -112.1772619440921,40.03033287857812,0 -112.1773859610087,40.03004782182081,0 -112.1774875478909,40.02982155364636,0 -112.1775535165721,40.02956861948126,0 -112.1775732345926,40.02935219290195,0 -112.1775057666232,40.02917719448513,0 -112.1773794787656,40.02898928041393,0 -112.1771945102587,40.02879655562631,0 -112.1770628450858,40.02863662475099,0 -112.1769774162006,40.0284392854718,0 -112.1770315801207,40.02824953689642,0 -112.1771590887887,40.02809958636518,0 -112.1772499641595,40.02793198825687,0 -112.1773245009719,40.02783663182142,0 -112.1775489522321,40.02746316274497,0 -112.1775751578856,40.02741965135107,0 -112.1776721220374,40.02726550571229,0 -112.1778085464846,40.02702086405776,0 -112.177940335625,40.02684744453273,0 -112.1780468605463,40.02656796981474,0 -112.1779840907659,40.0263253535409,0 -112.177839302105,40.02608357081049,0 -112.1777243491897,40.02587301737337,0 -112.1777265671301,40.02566127323539,0 -112.1777171455994,40.02545415245597,0 -112.1776493713045,40.02526113839546,0 -112.1776110446829,40.02507683462456,0 -112.1776141923796,40.02491913757665,0 -112.1777049842071,40.02474703554049,0 -112.1777615547138,40.02462933781826,0 -112.1777343159978,40.0244764543671,0 -112.1776631730205,40.02436005494058,0 -112.1776821921517,40.02410309278167,0 -112.1776738548876,40.02395902644335,0 -112.1776774679116,40.02382835339481,0 -112.1776853892558,40.02360754174158,0 -112.1777041757233,40.02333706749098,0 -112.1777651318053,40.02313373557725,0 -112.1778428872813,40.0228851854858,0 -112.1779029136069,40.02262780639499,0 -112.1778581873872,40.02241203471156,0 -112.1777440151079,40.02224652080201,0 -112.1775664873465,40.02214471674247,0 -112.1773125704466,40.02203017418132,0 -112.177133805705,40.02185630651067,0 -112.1770722818879,40.02168575215982,0 -112.1769910948474,40.02139377029967,0 -112.1769462958642,40.02117349423646,0 -112.1768843866698,40.02098041990975,0 -112.1768611625247,40.02065181111228,0 -112.176845190479,40.02040421372482,0 -112.1769123916488,40.02022334275284,0 -112.1769673344082,40.02001106236761,0 -112.1769569876127,40.01974989421161,0 -112.1769175830128,40.01950253433485,0 -112.1769539459172,40.01923188214143,0 -112.1770310662843,40.0189464006196,0 -112.1771314161864,40.01864897007793,0 -112.1771917506341,40.01840960723044,0 -112.177291464529,40.01807524496579,0 -112.1774210860346,40.01777661631061,0 -112.1775669634536,40.0174012415127,0 -112.1776736321054,40.01713077499425,0 -112.1777112140236,40.01693128483429,0 -112.1777067997023,40.01667456025818,0 -112.1776962184466,40.01639987970886,0 -112.1777444471975,40.01613811569469,0 -112.1778618058012,40.01580807801383,0 -112.1779669832496,40.01545113612489,0 -112.1780609865542,40.01512584023697,0 -112.1781830379569,40.01472818371001,0 -112.1783586576966,40.01437953419563,0 -112.1785278670585,40.01406698748679,0 -112.1787364217315,40.01386215354365,0 -112.1789612996915,40.01365264807362,0 -112.1792117419079,40.01322665596916,0 -112.1792838577606,40.01299167604479,0 -112.1792861745157,40.01298336409299,0 -112.1793556618979,40.01273868085906,0 -112.1794690113204,40.01251679577886,0 -112.1795646324908,40.01228608123346,0 -112.1798116530243,40.01166191463053,0 -112.1797463697576,40.01161302719522,0 -112.179415196845,40.01143260560141,0 -112.1789276308346,40.01135558081728,0 -112.1786403136742,40.01134048464019,0 -112.1781476039105,40.01130495312081,0 -112.1778309998751,40.01129015278783,0 -112.1775910059638,40.01130160101184,0 -112.1773050928702,40.01130000201726,0 -112.1770820402868,40.01134281019888,0 -112.177017842185,40.01135697684023,0 -112.1765486395357,40.01132570357991,0 -112.1763193544409,40.01127847957424,0 -112.1757649699431,40.01113094528415,0 -112.1755132736786,40.0110749376537,0 -112.1751904901324,40.01104127264357,0 -112.1749495071759,40.01099506536222,0 -112.1747858898267,40.01101924785096,0 -112.1746278977278,40.01102985877782,0 -112.1743704711101,40.01104958620798,0 -112.1743687113105,40.01094689645011,0 -112.1743802852046,40.01087019862479,0 -112.1743201546744,40.01084828455147,0 -112.1742130108138,40.01074936495597,0 -112.1740988052968,40.0105802435591,0 -112.1740922529851,40.01056706616225,0 -112.1739592277629,40.01029785989235,0 -112.173819650229,40.01001547574543,0 -112.1736520228004,40.0098054513744,0 -112.1734671342436,40.00961362053277,0 -112.173312226061,40.00946202862973,0 -112.1731041412069,40.00928394624459,0 -112.172773212636,40.00911611614116,0 -112.1724738059485,40.00907860323318,0 -112.1720053138665,40.00908784729086,0 -112.1718469561533,40.00907683561236,0 -112.1717531504781,40.00907237906092,0 -112.1714569831154,40.00888166976096,0 -112.1713248166826,40.0086893023872,0 -112.1711503422949,40.00842078228062,0 -112.1710061555053,40.00821051699608,0 -112.1709164524359,40.0081033099307,0 -112.1707028294681,40.00794329820949,0 -112.170413835153,40.00782909442371,0 -112.1700672723029,40.00777403293403,0 -112.1696693985821,40.00773300186712,0 -112.1694216944307,40.00770396868435,0 -112.1691810195964,40.00767486461778,0 -112.1688703677981,40.00766448436159,0 -112.1685831449607,40.00765386671891,0 -112.1683252063034,40.00764295320347,0 -112.1680492366615,40.00760519315585,0 -112.1677612457646,40.0075495342379,0 -112.1675732849695,40.00751989478417,0 -112.1674914403623,40.00752972873193,0 -112.1672154716188,40.00749196655747,0 -112.1669590681822,40.0075711294163,0 -112.1667955936651,40.00760340760699,0 -112.1665970839536,40.00764234494747,0 -112.1661449457014,40.00757932505478,0 -112.1658643461427,40.00761368122113,0 -112.1655424411488,40.00763043372501,0 -112.165262223374,40.00768730908825,0 -112.1647726846633,40.00783638177826,0 -112.1645238028206,40.00801366702798,0 -112.164275562375,40.0082287844759,0 -112.1638947000507,40.00822360127076,0 -112.1634648166614,40.00816034728381,0 -112.1631775399251,40.00807764155807,0 -112.1629422639657,40.00802144151532,0 -112.162777425806,40.00797354298017,0 -112.1623834768246,40.00788740080695,0 -112.1623125808841,40.00785207459919,0 -112.1620766195101,40.00775533666409,0 -112.1619819146213,40.00769772512065,0 -112.1616931493766,40.00759610990646,0 -112.1613511679344,40.00746529680704,0 -112.1610621143305,40.00734656606186,0 -112.1607555678331,40.00723251403078,0 -112.1605016581197,40.00711342920873,0 -112.1603252137265,40.00700257773099,0 -112.1600679227544,40.00675288859578,0 -112.1599251732693,40.00655610873739,0 -112.1597385500656,40.00632823510441,0 -112.1596242960396,40.0061536943868,0 -112.1593894009658,40.00577314176701,0 -112.1592004574138,40.00568493735742,0 -112.1591426795713,40.0056629920314,0 -112.1586750858047,40.00544693619427,0 -112.1584418723772,40.00516546916861,0 -112.1582797192819,40.00492924011566,0 -112.1580298376142,40.0047010947568,0 -112.157728175257,40.00452842427391,0 -112.1575683991039,40.0043633452222,0 -112.1573779409923,40.00418505824201,0 -112.1571981018657,40.00401116918914,0 -112.1569584349412,40.00369372587611,0 -112.1567661110287,40.00333526733235,0 -112.1567191542922,40.00305193712091,0 -112.1564764483671,40.0029011983661,0 -112.1564284549747,40.00283410661439,0 -112.1560848969892,40.00260779291925,0 -112.1557532057487,40.00239036905401,0 -112.1555878115318,40.00223885744835,0 -112.1554317876417,40.00208725192103,0 -112.1553754345273,40.00187158663613,0 -112.155319309585,40.00166943284324,0 -112.1552390558941,40.00141193107183,0 -112.1552016590288,40.00129220714003,0 -112.1551739388158,40.00096814229211,0 -112.1548716727907,40.00048013804036,0 -112.1545653185327,40.00037507686012,0 -112.1544658355049,40.00038057307918,0 -112.1544117443484,40.00036849887552,0 -112.1542189560069,40.00032897521476,0 -112.1537542377475,40.00021107435072,0 -112.1534810690528,39.99998945752805,0 -112.1532173263803,39.99963170278543,0 -112.1530398174835,39.99952535551582,0 -112.1529636098047,39.99952160851607,0 -112.1526804608272,39.99940279720463,0 -112.1522689273241,39.99931229093983,0 -112.151967772515,39.99916752883775,0 -112.1516468251253,39.99889052410812,0 -112.1514580306936,39.99866995588864,0 -112.1514556411749,39.99866718672131,0 -112.1513178450002,39.99848386126475,0 -112.1512284886806,39.99839465441502,0 -112.1510093877862,39.99825267882044,0 -112.1507309684386,39.99806624448025,0 -112.1506274214324,39.9978294224348,0 -112.1506059067814,39.99759448791667,0 -112.1506942372249,39.99727377414555,0 -112.1507363987545,39.99699406131667,0 -112.1508193258316,39.99670042953698,0 -112.1509142669774,39.99642469757727,0 -112.15099915867,39.9962481688317,0 -112.1510559798067,39.996143995785,0 -112.1511239077135,39.99600367404837,0 -112.1511673529356,39.9958005284036,0 -112.1511874491468,39.99560212036876,0 -112.1512304398214,39.9953719515162,0 -112.1513604377211,39.99509136583162,0 -112.1513692753469,39.99492009768623,0 -112.1513292985201,39.99463219110115,0 -112.1512373757137,39.99438984805817,0 -112.1511926027816,39.99416505484391,0 -112.1511184747027,39.99393604972957,0 -112.15087622602,39.99346095225391,0 -112.1507980977431,39.99341217566339,0 -112.150697981403,39.99330956054303,0 -112.1503906075572,39.99314143171177,0 -112.1500851237668,39.9930859020875,0 -112.149617982751,39.99309954671813,0 -112.1493182409919,39.99310702421684,0 -112.1490309301196,39.99308734941226,0 -112.1488420350766,39.99299912723811,0 -112.1486408645552,39.9928074170993,0 -112.1484077724002,39.9925980039264,0 -112.1481118924985,39.99241624096715,0 -112.1478231515083,39.992310987065,0 -112.1475529589321,39.99226411053726,0 -112.1470429071919,39.9922331224039,0 -112.1467901320507,39.99217706210539,0 -112.1464841281357,39.99208999498038,0 -112.1461771459553,39.99194437448567,0 -112.1459760194514,39.99182473512472,0 -112.1457146061105,39.99160208213448,0 -112.1454224856582,39.99129414212269,0 -112.1451298747257,39.99102674907392,0 -112.1449582992014,39.99085275906397,0 -112.1445033573072,39.99061399593253,0 -112.1442315953742,39.99047252722888,0 -112.143983105197,39.9903218192057,0 -112.1436741080954,39.99005458340098,0 -112.1435262615693,39.98989837601685,0 -112.1433384337249,39.98987320115893,0 -112.1429375102237,39.98978255562605,0 -112.1426555443274,39.98973127873885,0 -112.1422635249273,39.98975316242482,0 -112.1419982254744,39.98964766284178,0 -112.1421209739698,39.98893019789846,0 -112.1421687221221,39.98863241356554,0 -112.1422377118376,39.98855515244871,0 -112.1422705928719,39.98841968597975,0 -112.1423488172686,39.98819367759401,0 -112.1423503497944,39.98800446271282,0 -112.1422103356793,39.98761482971589,0 -112.1422166292762,39.98728952507264,0 -112.1421762464109,39.98697458989442,0 -112.1420782114673,39.98671428026738,0 -112.1419358563426,39.98653549293833,0 -112.1418148047647,39.98637000972603,0 -112.1415700920033,39.9860931251611,0 -112.1412699019848,39.98600148209729,0 -112.1412149565304,39.98586688056518,0 -112.1411319342319,39.98580463142245,0 -112.1409761025812,39.98558993752093,0 -112.140814941226,39.9854068288774,0 -112.1406365897095,39.98524641293509,0 -112.1404873651677,39.98507670112787,0 -112.1403617860809,39.98492027036379,0 -112.1399646265207,39.98463136832601,0 -112.1395396173901,39.98442832927113,0 -112.1392454424908,39.98434563059129,0 -112.1391040225123,39.9842929633712,0 -112.1389684487696,39.98426078084876,0 -112.1387759640587,39.98421510195971,0 -112.1386378085579,39.98407681169706,0 -112.1384654550925,39.98392444243422,0 -112.1382525211325,39.98379679702827,0 -112.138004144143,39.98365057860501,0 -112.1378190516686,39.98343616771545,0 -112.1375466591183,39.98325414634861,0 -112.137339793278,39.98313905325937,0 -112.1369508263532,39.98298970776365,0 -112.1366962267337,39.98282102421106,0 -112.1364589690908,39.98263865566663,0 -112.1364495691196,39.98262973842385,0 -112.1362507629641,39.98244248775858,0 -112.1360935371281,39.98214221023796,0 -112.1360596221329,39.98186234664513,0 -112.1360789529795,39.98161529620451,0 -112.1361133719296,39.98121853963318,0 -112.1360265039433,39.98099415324716,0 -112.1359001738649,39.9807206011939,0 -112.1357423569375,39.98038429078284,0 -112.1356189454854,39.9800746715657,0 -112.1354517860791,39.97981052836897,0 -112.1353424503292,39.97957284728563,0 -112.1351335120756,39.97933163616576,0 -112.1349670479652,39.97918010506776,0 -112.1348065881942,39.97903752369937,0 -112.1345640008467,39.97888583569091,0 -112.1343853978019,39.97870829446533,0 -112.1341197219549,39.97857665230287,0 -112.133905591439,39.97837513237942,0 -112.1336627256137,39.9782063272955,0 -112.1334957467687,39.97802326494708,0 -112.1331948587592,39.97788655917575,0 -112.13295799907,39.97772670381061,0 -112.1326561471682,39.97753144422412,0 -112.1322893767158,39.97730528485921,0 -112.1319764135523,39.97714617020769,0 -112.1315511762496,39.97692508431941,0 -112.1312089450758,39.97676625377343,0 -112.1307142024247,39.97659089059913,0 -112.1302956440961,39.97641928763324,0 -112.1302222490424,39.97637144196509,0 -112.1298872385269,39.9761529839076,0 -112.1295731740289,39.97592630162156,0 -112.1290360524559,39.97566575439599,0 -112.1286297318764,39.9755255585596,0 -112.128446913038,39.97544625322668,0 -112.1282410488193,39.97538969520886,0 -112.127824650939,39.97534870044358,0 -112.1275770806366,39.97531957570314,0 -112.1272972437475,39.97532229762912,0 -112.1269748123409,39.97529840470478,0 -112.1266346697501,39.97526567342252,0 -112.1261293503348,39.97515796510969,0 -112.1257230378403,39.9750177592824,0 -112.125244110928,39.97473410507056,0 -112.1249231797079,39.97444441028784,0 -112.1247100642882,39.97430232570714,0 -112.1243497814688,39.97411211615203,0 -112.1237805199716,39.9740320464195,0 -112.1231056713941,39.9740115593031,0 -112.1224622144443,39.97397724956514,0 -112.1218470059169,39.9739516723151,0 -112.1213360693362,39.97385751196236,0 -112.1206748383201,39.9738819258304,0 -112.1199415318756,39.97379531521234,0 -112.1193025269764,39.97374652939892,0 -112.1183228925995,39.97363435707403,0 -112.1180175660142,39.97360315603067,0 -112.1177188088086,39.97357261241,0 -112.1168180698698,39.9736308475339,0 -112.1157135301425,39.97375860899731,0 -112.1146969462614,39.9738945237794,0 -112.1140658600114,39.97397266818567,0 -112.1133918917829,39.97393409646927,0 -112.1126444602289,39.97369801616289,0 -112.1121445881975,39.97356316596923,0 -112.1117753356999,39.97353967997215,0 -112.1113951776548,39.9735658494139,0 -112.1108999768629,39.97371925443314,0 -112.1103775086088,39.97385219603837,0 -112.1098767993475,39.97381014225959,0 -112.1098430837783,39.97353567407918,0 -112.1097811907535,39.97332904706168,0 -112.1097438801265,39.97319426153991,0 -112.109700755603,39.97270005027539,0 -112.1096418620529,39.97231680673399,0 -112.109610506358,39.97182608705437,0 -112.1096973240386,39.97140180705797,0 -112.109825195626,39.97090956210501,0 -112.1098138004967,39.97063938437105,0 -112.1098127072469,39.97057182376431,0 -112.1095629082243,39.97033095745521,0 -112.109318600603,39.97006751392757,0 -112.1088508226817,39.96981521751364,0 -112.1084799235723,39.96961605036881,0 -112.1081788307469,39.96946126197982,0 -112.1078708011309,39.96916689154646,0 -112.1075881022093,39.96877317318075,0 -112.107301377937,39.96842003496995,0 -112.1070929355534,39.96820129194359,0 -112.1069744792084,39.96811683248269,0 -112.1064553553822,39.96787402635593,0 -112.1060707246253,39.96762092527975,0 -112.1058030401454,39.96735859834668,0 -112.1056390257408,39.96698986972867,0 -112.1055225097569,39.96666213223693,0 -112.105359238259,39.96633934547232,0 -112.1049683318715,39.96605927120119,0 -112.1045962209348,39.9658555979398,0 -112.1042465849481,39.96559314718827,0 -112.1040429997553,39.96531128527106,0 -112.1038722920035,39.96488946203856,0 -112.1036832280772,39.96441826056636,0 -112.1035582652347,39.9639284288232,0 -112.1035518198225,39.96352756446575,0 -112.1036132241638,39.96297739665799,0 -112.1035162402491,39.96277109988795,0 -112.1032171318022,39.96237302141657,0 -112.1030072251647,39.96206851350679,0 -112.1029345011525,39.96190721378362,0 -112.1028313053876,39.96167845169523,0 -112.1028470465664,39.96120079437282,0 -112.1029268834389,39.96070450856605,0 -112.1029964597543,39.96029841574256,0 -112.1029452926141,39.96002861539898,0 -112.1028088546921,39.95955240629197,0 -112.1027167180866,39.95928299617248,0 -112.1024353334003,39.95889375576385,0 -112.1021508477296,39.9586757265968,0 -112.1017672248825,39.9584811631251,0 -112.1013612043403,39.95834987793151,0 -112.1008647189575,39.95805277353442,0 -112.1003334813497,39.9577785209578,0 -112.0999912627523,39.95769770908854,0 -112.0998751519085,39.9576702507552,0 -112.0997575893873,39.95763983291062,0 -112.09903993429,39.95742139968161,0 -112.0985871016401,39.95729054832438,0 -112.0982741052389,39.95711872889031,0 -112.098001691129,39.95692219783753,0 -112.0973518130215,39.95691483756942,0 -112.0971592321909,39.95695179796462,0 -112.0970950089363,39.95696231607028,0 -112.0969432673152,39.95699078070719,0 -112.0963280740591,39.95695605822797,0 -112.0957928075072,39.95679444209039,0 -112.0953185464445,39.95642052169412,0 -112.0949664796167,39.95600039814479,0 -112.0947123336464,39.95548024222616,0 -112.0944060198126,39.95499211271846,0 -112.0941461578622,39.95448011877642,0 -112.0940754775173,39.95408526501039,0 -112.0940141531261,39.95391015696777,0 -112.0941300555607,39.95383698621394,0 -112.094291630141,39.95369130760854,0 -112.094613541423,39.95361619196712,0 -112.0952072245196,39.9535520218162,0 -112.0957996445848,39.95355543253766,0 -112.0962604120536,39.95345197046861,0 -112.0965411427664,39.95307091282199,0 -112.0967122098443,39.95242060458158,0 -112.0970865234501,39.95166926729293,0 -112.0972681708854,39.95131527290589,0 -112.0976782284564,39.95096992742454,0 -112.0982232300511,39.95064492488842,0 -112.098721336893,39.95031585983982,0 -112.099154703949,39.94996488232572,0 -112.0993796950967,39.94976003310607,0 -112.1000123893311,39.94942968633843,0 -112.1000859335051,39.94934384771853,0 -112.1002537055625,39.9491480986806,0 -112.10056033201,39.94892445269116,0 -112.1010253970192,39.94872633068783,0 -112.1015376945476,39.94862686315749,0 -112.1021568017633,39.94847232062293,0 -112.10253978501,39.94826596287716,0 -112.1028142463804,39.94786242555097,0 -112.1029116129774,39.94760571679582,0 -112.1029770821953,39.94743292058824,0 -112.1034324427044,39.94699612665988,0 -112.1036185475801,39.94648531319132,0 -112.103615484325,39.94600332943727,0 -112.1036856957493,39.94563777280993,0 -112.1037923203837,39.94535295538128,0 -112.1037117585707,39.9450744246225,0 -112.1034726207538,39.94476136585026,0 -112.1036599392535,39.94439919861318,0 -112.1037378824774,39.94415069250792,0 -112.1037305100039,39.94405616259477,0 -112.1037277602608,39.94388500620451,0 -112.1035289370373,39.94353101974461,0 -112.103459358027,39.94320733658112,0 -112.1032386518431,39.9429481591894,0 -112.1031492137768,39.94284540010538,0 -112.1030717682195,39.94276054567776,0 -112.1031440053448,39.94252110417374,0 -112.1032246830405,39.94244285356805,0 -112.1034054447369,39.94240149123808,0 -112.103807248587,39.94227603627866,0 -112.1042901029337,39.94209575110591,0 -112.1046156155618,39.94195750579618,0 -112.1050619659686,39.94169107265046,0 -112.1055521074488,39.94123682035443,0 -112.1056793538088,39.94077972121102,0 -112.1060015130259,39.94007029549715,0 -112.1062701919409,39.93931092592038,0 -112.1061250960562,39.93865911415701,0 -112.1058527987272,39.93810311695012,0 -112.1057098848504,39.93758642793171,0 -112.105237300044,39.93731163663136,0 -112.1046998496876,39.9370059274819,0 -112.1042909105192,39.93668547830211,0 -112.1037001586254,39.93633972903751,0 -112.1034037720738,39.93610379581798,0 -112.1032437102565,39.93590260323477,0 -112.1029226020683,39.93529300525895,0 -112.1025117297253,39.93485093747893,0 -112.1025612798981,39.93465675947267,0 -112.102821100526,39.93443805791654,0 -112.1032638801296,39.93395183092343,0 -112.1034166584066,39.9336269321451,0 -112.1031831835693,39.93329940190527,0 -112.1030391575781,39.93309066810706,0 -112.1030034513422,39.93303893263791,0 -112.1029510921375,39.93269346183568,0 -112.1030972094067,39.93231817255546,0 -112.1035341230114,39.93183200007491,0 -112.1040379197823,39.931502857628,0 -112.1041894449095,39.93110048683918,0 -112.1043193754356,39.93081094196629,0 -112.1042625947231,39.93055470860438,0 -112.1041530864967,39.93029447274563,0 -112.1039653520771,39.92989983758845,0 -112.1038936162117,39.92944103012159,0 -112.1037401929443,39.9289965148967,0 -112.103602015884,39.92877259017762,0 -112.1031316705776,39.92863291197294,0 -112.1023862862841,39.92849134322523,0 -112.1015063460391,39.92835104790721,0 -112.1007194380199,39.92817382459872,0 -112.1004307176909,39.92820179213795,0 -112.1001527466027,39.92822875666783,0 -112.1000066320285,39.92823915243741,0 -112.099632929277,39.92828774545787,0 -112.0995451450091,39.92828677621548,0 -112.0994514668947,39.92828315963941,0 -112.0992582895827,39.92827778368481,0 -112.098881201081,39.92811468071406,0 -112.0985662894716,39.92818073261436,0 -112.0979083319165,39.92845635277592,0 -112.097096934026,39.92887036785119,0 -112.0963363484412,39.92924245216087,0 -112.0956560102591,39.92951016269875,0 -112.0950265418749,39.92966566906618,0 -112.0944159551797,39.9299047835699,0 -112.0938914881741,39.93004037289777,0 -112.093407456136,39.93014314363332,0 -112.0932908179812,39.93016766886002,0 -112.0930373107131,39.93004842904448,0 -112.0927035928733,39.92966866628612,0 -112.0926091035801,39.92924610450713,0 -112.0926019556854,39.92879659166797,0 -112.0926718383263,39.9284076179679,0 -112.092607533325,39.92804333475302,0 -112.0924473780829,39.92783311762002,0 -112.0921210749374,39.92762446566185,0 -112.0914037585049,39.92740597998846,0 -112.0909982275446,39.9272926714555,0 -112.0903940027182,39.9271947447965,0 -112.0897338990879,39.92689372310232,0 -112.0892562576648,39.92666035718462,0 -112.0888265485486,39.92649771536075,0 -112.0885049283207,39.92614035018214,0 -112.0884302181335,39.92585634785365,0 -112.0881258105248,39.92547719631609,0 -112.0878665504456,39.92536250403315,0 -112.0874444850942,39.92531240575314,0 -112.0871467690359,39.92535574109125,0 -112.0868312169278,39.92538122353861,0 -112.0864462466077,39.92545690890027,0 -112.0862603231917,39.92553973806395,0 -112.0860223486931,39.92558701513712,0 -112.0858574593295,39.92559396543661,0 -112.085518348903,39.92560975430437,0 -112.0852591633839,39.92549956075842,0 -112.0850669086418,39.92518151777861,0 -112.0850551955088,39.92488430997098,0 -112.0851571875312,39.9245995515216,0 -112.0852473747925,39.9243824767287,0 -112.0853374192216,39.92415639301942,0 -112.0853340622174,39.92394379683793,0 -112.0851966280637,39.92339189146273,0 -112.0851502740968,39.9230499592017,0 -112.0849421128859,39.92283567653731,0 -112.0846481383108,39.92274472647136,0 -112.084307833125,39.92268394100349,0 -112.083950135657,39.92263322830611,0 -112.0836605071313,39.922446733039,0 -112.0834638048301,39.92229090300977,0 -112.0832407971625,39.92209927907563,0 -112.0830507621575,39.92192086219227,0 -112.0829997414426,39.92172763130893,0 -112.0829140116217,39.92148517168629,0 -112.0829203186934,39.92114274626495,0 -112.0828763892793,39.92095395412798,0 -112.0828200523346,39.92072022969067,0 -112.0827692094861,39.92046393031277,0 -112.082737762163,39.92032457412054,0 -112.0827404184813,39.92012183254899,0 -112.0827604832515,39.91990991830782,0 -112.0827650556763,39.91982878887922,0 -112.0828438657745,39.91970642316653,0 -112.0831218458459,39.9194515564767,0 -112.0832710263702,39.91926546523233,0 -112.0833851797849,39.91908420587739,0 -112.0834501324715,39.91893656137628,0 -112.0835263787779,39.91876304376734,0 -112.0834714611713,39.91861940286112,0 -112.0834457909137,39.91847548813241,0 -112.0833560599966,39.91835019187219,0 -112.0832082601829,39.91825246669309,0 -112.0829675062969,39.91819615280702,0 -112.0828850445471,39.91816088495147,0 -112.0827089909211,39.91812649000768,0 -112.0825447788871,39.91810099452563,0 -112.082263220826,39.91805406986119,0 -112.0818340075798,39.91791842579006,0 -112.0817347715887,39.91788781802698,0 -112.0814224857549,39.91779162516235,0 -112.0811810266914,39.917690266204,0 -112.0808738073558,39.9174994231002,0 -112.080743065651,39.91737000218922,0 -112.0805854562344,39.91702009448233,0 -112.0807230547797,39.91646922397208,0 -112.0809181805376,39.91622864941803,0 -112.081076877814,39.91590372302071,0 -112.0813537358896,39.91565247526856,0 -112.0815895903641,39.91539800551374,0 -112.0817035290814,39.91520323490469,0 -112.0816834301753,39.91504124866914,0 -112.0816039175945,39.91482125387821,0 -112.0814478694499,39.91457043967611,0 -112.0813593916826,39.91415231566549,0 -112.0813435849269,39.91389118306008,0 -112.0814144521213,39.91356167048195,0 -112.0812676269797,39.91315310052001,0 -112.081107717876,39.91302845598626,0 -112.0808118640254,39.91281498257491,0 -112.0806347629637,39.91271302230869,0 -112.0802280623969,39.91251859960368,0 -112.0798730158573,39.91226062687563,0 -112.0796239759111,39.91204761548082,0 -112.0794223373675,39.91187290354255,0 -112.0789737833933,39.9116203028894,0 -112.0784038876855,39.91146343119907,0 -112.0777588766502,39.91136581746422,0 -112.0775125846505,39.91132756253843,0 -112.0771132314044,39.9112276623645,0 -112.0766150122731,39.91116471685651,0 -112.0764622339961,39.91112108727288,0 -112.0761535791527,39.91120954396984,0 -112.0760655622211,39.9111923413093,0 -112.075978603505,39.9112427014209,0 -112.0756868594468,39.91129045691437,0 -112.0753710153862,39.91129338672353,0 -112.0744978295738,39.91119336522807,0 -112.0739414041037,39.91114896737863,0 -112.0734985706012,39.91126118431049,0 -112.0730959753353,39.9113279780309,0 -112.0729439166088,39.91133028632238,0 -112.0727568047216,39.91133562157609,0 -112.0723413024617,39.91132504960133,0 -112.0722242672516,39.91132252770654,0 -112.071934647709,39.91113149804277,0 -112.0716866749613,39.91098513111344,0 -112.0712853669812,39.91075909274676,0 -112.0710259937143,39.91063174967395,0 -112.0709651750746,39.91048275157011,0 -112.0707589200887,39.91038554986884,0 -112.0706156010717,39.91019767070139,0 -112.0704084360924,39.91004191408955,0 -112.0703887019023,39.90990154513705,0 -112.0703119399629,39.90947970063685,0 -112.0702577580766,39.90938109458236,0 -112.0700897156263,39.90910785070454,0 -112.069775875707,39.90886298083417,0 -112.0696217760082,39.90873376272694,0 -112.0691835050491,39.9083864273038,0 -112.068866953116,39.90826771528391,0 -112.0683763508,39.90801546172256,0 -112.0678942384618,39.9078577286992,0 -112.0676647413645,39.90776974520503,0 -112.0669942307516,39.90753355709977,0 -112.0667521716135,39.90738982786795,0 -112.0665212246354,39.90720815464111,0 -112.0663346086183,39.90686750389713,0 -112.0663530447429,39.90654749109593,0 -112.0660764157376,39.9064374136511,0 -112.065999057317,39.90635253269362,0 -112.0655222531237,39.90615870247295,0 -112.0651394459469,39.90599103599207,0 -112.0647028889733,39.90575178422531,0 -112.0645421201818,39.90556856169204,0 -112.0641587614394,39.90536485855378,0 -112.0637641962138,39.90519279020153,0 -112.0633859021729,39.90502886044386,0 -112.0631901610691,39.90494407214885,0 -112.0631635439873,39.9049325137653,0 -112.0630889954968,39.90494581076438,0 -112.0629768803594,39.9049657583256,0 -112.062950871437,39.90494815786091,0 -112.0625631046615,39.9046857463246,0 -112.0624788606541,39.90453335382239,0 -112.0623236012303,39.90432755339285,0 -112.0622804362826,39.90418379400511,0 -112.0622251701297,39.90408969885529,0 -112.0622270413204,39.90375632416767,0 -112.0622047657963,39.90345019917234,0 -112.0623543182231,39.90328665459984,0 -112.0624033347966,39.90305195402174,0 -112.0624849224857,39.90265387952791,0 -112.0623569745414,39.90232259488532,0 -112.0624778437612,39.9018169452568,0 -112.0625788099076,39.90161330263497,0 -112.0626529442747,39.90141441035274,0 -112.0625662694262,39.90110437019831,0 -112.0623826816299,39.9009573926249,0 -112.0620503885181,39.90064960254369,0 -112.0617779780015,39.90005295347687,0 -112.0617656028101,39.8992512050904,0 -112.0616659877299,39.89886019591634,0 -112.0615157579734,39.898600290319,0 -112.06133210999,39.89844880639379,0 -112.061141502758,39.89822530899898,0 -112.0609389236783,39.89798390124902,0 -112.0604601782257,39.89765942655653,0 -112.0603480271558,39.89759287933045,0 -112.0601649990099,39.89740534964407,0 -112.0599331968357,39.89724078925959,0 -112.059716431561,39.89683733428598,0 -112.0595958686667,39.89660418435007,0 -112.0595176972707,39.89646524826268,0 -112.0591709610457,39.89590080549334,0 -112.0589977910118,39.89582129963458,0 -112.0589047731591,39.89578160594166,0 -112.0585397912524,39.89562726870015,0 -112.0583181616004,39.89528692289888,0 -112.0580378504009,39.89493359832763,0 -112.0577829408626,39.89471068149971,0 -112.0571638219688,39.89438296855145,0 -112.0569510955196,39.8942407528158,0 -112.0563293867828,39.89412478693193,0 -112.0557965690383,39.89408459050743,0 -112.0553809095732,39.89405683992211,0 -112.0543315075398,39.89389069732433,0 -112.0537785280071,39.89367949039496,0 -112.0535358148954,39.89348798766512,0 -112.0535228090867,39.89340251378663,0 -112.0535924123516,39.89298293036885,0 -112.0538207227743,39.89261596301118,0 -112.0541970602845,39.89198636810327,0 -112.0545095536291,39.89138888682243,0 -112.054840844221,39.89117865091163,0 -112.0554307292406,39.8908993889909,0 -112.0555537795699,39.89083880478078,0 -112.0560134322294,39.89068596035209,0 -112.0564765793354,39.89037991688561,0 -112.056688985086,39.89012120462432,0 -112.0567251422762,39.88981004089112,0 -112.056738042982,39.88943151553717,0 -112.0567567351264,39.88920159787385,0 -112.0570281601912,39.88897838669701,0 -112.057377671312,39.88888960835901,0 -112.0577620568288,39.8887869962798,0 -112.0578272628404,39.88875288504089,0 -112.0582261525558,39.8885440051136,0 -112.0585690781273,39.88802732189326,0 -112.0591116282195,39.8875628733564,0 -112.0595676453971,39.88717579535179,0 -112.0594988218699,39.88688360882738,0 -112.059382391226,39.88653779902094,0 -112.0593394526537,39.88640755036562,0 -112.0594005093469,39.88619526506795,0 -112.0594519747278,39.88573980430447,0 -112.0597364792632,39.88522815668922,0 -112.0599178886449,39.884857100887,0 -112.0601999389829,39.88456621210427,0 -112.0604056325217,39.88425349701457,0 -112.0601865298306,39.88407530553353,0 -112.0601747960364,39.88376908297238,0 -112.0600945477354,39.88341843771081,0 -112.0599548722852,39.8830818508459,0 -112.0598439465172,39.88271346630048,0 -112.0597474791338,39.88244856109483,0 -112.0596552140693,39.88222866637978,0 -112.0596557907877,39.88188629219419,0 -112.0597044785778,39.8812506627945,0 -112.059511623761,39.88087762082377,0 -112.0593738428577,39.88066354746241,0 -112.0591590754362,39.88038620805394,0 -112.0591423236528,39.88005750633265,0 -112.0594508635119,39.87996909558932,0 -112.0595939013562,39.879765070256,0 -112.0598299947826,39.87952866085315,0 -112.0600910568822,39.87931905104961,0 -112.060598375049,39.87930540301735,0 -112.0607915110385,39.87931715116209,0 -112.0610585065106,39.87926515516242,0 -112.0612637508918,39.87930382092633,0 -112.0615597879987,39.87908758148806,0 -112.0617390360339,39.87895710152876,0 -112.0619882008459,39.87881066449336,0 -112.0622241559317,39.87864182397237,0 -112.0626174446513,39.87828684252173,0 -112.0626970668265,39.87814195721917,0 -112.0629041904833,39.87792382591049,0 -112.0628904121234,39.87778880693053,0 -112.0632563570241,39.87725387943661,0 -112.0632961550861,39.87680212748059,0 -112.0634066550526,39.8766275869542,0 -112.0634160145995,39.87661272574692,0 -112.0637652319713,39.8765095148251,0 -112.0648725088652,39.87627501140589,0 -112.0651414258337,39.87627254199395,0 -112.0655317285533,39.87617976042822,0 -112.0660105288031,39.87613842080368,0 -112.0662199386723,39.87606892274787,0 -112.0663937141707,39.87596371313275,0 -112.0666926106152,39.8756321098952,0 -112.0668599793291,39.87549091969738,0 -112.0670610968498,39.87526382665592,0 -112.0672137709222,39.87492906254477,0 -112.0670793667861,39.874556395696,0 -112.0669872813846,39.87427343698754,0 -112.0669888884707,39.8742413474767,0 -112.067000631248,39.87400302244428,0 -112.0671842199427,39.87377699100879,0 -112.0674725153685,39.87351666007,0 -112.0677306866896,39.87319894313424,0 -112.0679703392411,39.87281832879448,0 -112.068187375807,39.87248747493047,0 -112.0684229248542,39.87221951876737,0 -112.0686544449575,39.8720687252715,0 -112.0690369008931,39.87184896756376,0 -112.0692695169409,39.87169365741636,0 -112.0696322144318,39.87140650680115,0 -112.0697639335036,39.87122960222419,0 -112.0701007029205,39.87070393184598,0 -112.0702352067697,39.8704053700767,0 -112.0703832473319,39.87007514852684,0 -112.0705905335837,39.86987051668217,0 -112.0708511842549,39.8697140444508,0 -112.0712643329288,39.8695894987832,0 -112.0716436546424,39.86954545042572,0 -112.0719139469316,39.86963305001063,0 -112.0721616295234,39.86977041128479,0 -112.0723025518353,39.8698096525849,0 -112.0723906541068,39.86983586652754,0 -112.0726525767925,39.86976136694658,0 -112.0730461368033,39.86950545401277,0 -112.0733635627972,39.86924123482432,0 -112.0736466875202,39.86902688589458,0 -112.0736882121442,39.86899046269176,0 -112.0739581936163,39.86875821502183,0 -112.0742463866342,39.86849426391817,0 -112.0745572414517,39.86818415277205,0 -112.0747931875544,39.86794410988729,0 -112.075116234307,39.86766631914294,0 -112.0753356810528,39.86749309985996,0 -112.0757225989204,39.86718768648326,0 -112.0758542245674,39.86700627073922,0 -112.0758981153539,39.86682206552954,0 -112.0759284721223,39.86651995804145,0 -112.076047617475,39.8662882039603,0 -112.0761581821202,39.86625564392538,0 -112.0762327620517,39.86616485455473,0 -112.076568498406,39.86602659247202,0 -112.076965318403,39.86590668319585,0 -112.0774032650703,39.86587468561128,0 -112.0779239726264,39.86590138163833,0 -112.0784807394564,39.86599080753047,0 -112.0788212377799,39.86608224319035,0 -112.0790962408345,39.86609770447317,0 -112.0792527174755,39.86601065610915,0 -112.0793049006104,39.86598314169027,0 -112.079552625423,39.86575018675438,0 -112.0797146078384,39.86564146347002,0 -112.0801324861423,39.86544836827481,0 -112.080534029481,39.86533200617938,0 -112.080825519316,39.86528063805913,0 -112.0808829656801,39.86521613343577,0 -112.0810518354788,39.86517401564595,0 -112.0812316880802,39.86508674684669,0 -112.0813027942265,39.86477524886158,0 -112.0813384762079,39.8644415560897,0 -112.08134558817,39.86438815254643,0 -112.0813740503914,39.86417543777652,0 -112.0813647070142,39.86387820387883,0 -112.0813934971207,39.86347790364805,0 -112.0814359137718,39.86320090915018,0 -112.0815257354187,39.86289013695202,0 -112.0815429947503,39.86257463591215,0 -112.0814983332093,39.86233629447955,0 -112.0813828970003,39.86205806937515,0 -112.0813516634762,39.86196006394526,0 -112.0813226487909,39.86186942679492,0 -112.0811778125193,39.86165454319293,0 -112.0809761928403,39.86147172269846,0 -112.0808504143275,39.86127918602239,0 -112.0807967516674,39.86121211321517,0 -112.080739979938,39.86094685465582,0 -112.0806651098507,39.86064572666425,0 -112.0805846639203,39.86036176864349,0 -112.0805570290473,39.85974783262959,0 -112.0805397697157,39.85936300764997,0 -112.0804565147535,39.85889978203874,0 -112.0803653150909,39.85867538753086,0 -112.0801868728445,39.85847883589679,0 -112.0800193433323,39.85823262803578,0 -112.0798700550101,39.85803129911611,0 -112.0796330444039,39.85782718232291,0 -112.0795180735223,39.85750300097506,0 -112.0794861168544,39.85703028717879,0 -112.0794908321113,39.85695816518671,0 -112.0795631384068,39.85672323910012,0 -112.0797276819191,39.85640636706578,0 -112.0798802544819,39.85607158609596,0 -112.0799207244838,39.85567027557092,0 -112.0799215563237,39.85535042233982,0 -112.080003429677,39.85498026067957,0 -112.0801212149804,39.85466382332876,0 -112.0802225961484,39.85441961614487,0 -112.0803536208225,39.85420216177144,0 -112.0804259926951,39.85397173911709,0 -112.0805750429637,39.85378565142057,0 -112.0806361490642,39.85358236265039,0 -112.0805796108969,39.85333151742365,0 -112.0803962413912,39.85319267364277,0 -112.0803198459645,39.85316635610385,0 -112.079942792497,39.85297615741511,0 -112.0795910930801,39.85291185845823,0 -112.0793912682351,39.85284164034515,0 -112.0791392710349,39.85279893635978,0 -112.0787995434658,39.85275254282148,0 -112.0783090714056,39.85278413274667,0 -112.0779060467449,39.85280139351376,0 -112.077574206384,39.85288556425909,0 -112.0772887658042,39.85294677921905,0 -112.0769481237501,39.85284182516609,0 -112.0768339900983,39.8526446706377,0 -112.0767982928456,39.85260445817241,0 -112.0764619528234,39.85202645120692,0 -112.0762351695367,39.85172672956179,0 -112.0760012087108,39.85134148098995,0 -112.0758801813875,39.85107681599579,0 -112.0757476789848,39.85082577195859,0 -112.0756389747506,39.85060153587899,0 -112.0755718804803,39.85042196317774,0 -112.0751838109725,39.84989849063503,0 -112.0751570627366,39.84968250471153,0 -112.0752353607951,39.84945653521945,0 -112.0752777531917,39.84917683994227,0 -112.0753503478464,39.84895993310882,0 -112.0752993810305,39.84869011260073,0 -112.0752051800965,39.84864593703047,0 -112.0751687830561,39.84856068174781,0 -112.074921031294,39.84841431707014,0 -112.0745948557093,39.8481110078124,0 -112.0743278665254,39.84778011963285,0 -112.0741003591965,39.84750742954112,0 -112.0739979305929,39.84731016313562,0 -112.073959289561,39.84708077187864,0 -112.0740313802608,39.84683143538528,0 -112.0741843247262,39.84652008351312,0 -112.0743968122235,39.84627935721981,0 -112.0746147902238,39.84601605486529,0 -112.0748328364961,39.84575725663063,0 -112.0750397562353,39.84553459996921,0 -112.0752285129377,39.84527156788218,0 -112.0752415995948,39.84521135098064,0 -112.0752885033307,39.84499621382633,0 -112.0752206427975,39.84476709417104,0 -112.0750475329507,39.84453444448634,0 -112.074927786625,39.84435085418556,0 -112.0748832310852,39.84411701332719,0 -112.0748842282152,39.84380616781547,0 -112.0749141591821,39.84347703423863,0 -112.0749927330234,39.84326908135824,0 -112.0750534250006,39.8430387702959,0 -112.0750205565427,39.84280482081955,0 -112.0749823368206,39.84260245550045,0 -112.074995159373,39.84230050969516,0 -112.0750840827046,39.84200686840038,0 -112.0751159100152,39.84179934836339,0 -112.0751303342637,39.84160009909964,0 -112.0751735800598,39.84137535558232,0 -112.0751804881043,39.84106895895221,0 -112.0752032657866,39.84073088203782,0 -112.0751833672048,39.8404292390821,0 -112.0751058309177,39.84002902349242,0 -112.0752324080328,39.83990171318874,0 -112.0752488130665,39.83982948353076,0 -112.0752234033204,39.83969907720433,0 -112.0749152506352,39.83972445769125,0 -112.0745869496365,39.83973200437678,0 -112.0744405826357,39.83971443958732,0 -112.0742708019453,39.83969438820039,0 -112.0737774723441,39.83953678009453,0 -112.0733020955739,39.83940603315801,0 -112.0730364556595,39.8393093831916,0 -112.0727674641308,39.83922267401236,0 -112.0720752610004,39.83905248206369,0 -112.0719326516524,39.83890063413585,0 -112.0718657190789,39.83873006684291,0 -112.0718039302588,39.83851440308701,0 -112.0717325555162,39.83843397468474,0 -112.0714855484574,39.83833264391028,0 -112.0712226232519,39.83833507261143,0 -112.0708125791556,39.83827128486138,0 -112.0706244207311,39.83819643854266,0 -112.0704000170816,39.83804534334011,0 -112.0702862077216,39.83786619788047,0 -112.0701948607353,39.83762828177336,0 -112.0701015572183,39.83726424711644,0 -112.0700222467585,39.83704874361693,0 -112.0698968940471,39.83687871458964,0 -112.0697761964056,39.8366320588332,0 -112.0697612268797,39.83642046724786,0 -112.0698374318636,39.83605937369918,0 -112.0699127277523,39.83563972434774,0 -112.0700127210232,39.83530544085283,0 -112.0699908596225,39.8350263391078,0 -112.0698455373624,39.83469882244741,0 -112.0697090644061,39.83456493454558,0 -112.0695249430105,39.8343729218432,0 -112.0694228270206,39.83419366816025,0 -112.0693490151486,39.83395558895018,0 -112.0692603128025,39.83381225042704,0 -112.0691408431579,39.83371964943347,0 -112.0690227937498,39.83364325364052,0 -112.0688230353801,39.83357301581968,0 -112.0686526294623,39.83351151731281,0 -112.0684411310101,39.8334377833236,0 -112.0680879233219,39.83326894910469,0 -112.0677515608418,39.83305581090939,0 -112.0675381678427,39.83285955980599,0 -112.067388972047,39.832658212346,0 -112.0671758602206,39.83247997721307,0 -112.0669683134574,39.83228367134704,0 -112.0668479832268,39.83205953337219,0 -112.0667578408813,39.831898186745,0 -112.0666019014328,39.83163833640845,0 -112.066399504711,39.83139693294319,0 -112.0661211446523,39.83107964461202,0 -112.0659467385365,39.830910060938,0 -112.0658016713979,39.83076354343022,0 -112.065738991449,39.83070023982311,0 -112.0656500914735,39.83054338509326,0 -112.0656189316112,39.83041753418633,0 -112.0655414528163,39.83031913865128,0 -112.0654633478956,39.83018020418071,0 -112.0654262079485,39.83004539823656,0 -112.0654647923866,39.82989548201051,0 -112.065625809113,39.82972822300896,0 -112.0659904469649,39.82950413326469,0 -112.06635501385,39.82927553795859,0 -112.0666971156664,39.82910571182616,0 -112.0671143247254,39.82888113507207,0 -112.0674219986085,39.82875216703692,0 -112.0676065008897,39.82859279809807,0 -112.0676508659867,39.82843922374261,0 -112.0676594817286,39.82824092914071,0 -112.0677501630632,39.82805989888399,0 -112.0678715182716,39.82797318861007,0 -112.0681025443014,39.82779987604528,0 -112.0682737542114,39.8275370154179,0 -112.0683441165527,39.8271759758913,0 -112.0684087763885,39.82682399895307,0 -112.0684561194006,39.82648569600051,0 -112.0685493582389,39.82609291146799,0 -112.0686553262048,39.82576758266622,0 -112.0687531671122,39.82537025030653,0 -112.0687345585111,39.82514968212755,0 -112.0686699489809,39.82482592461763,0 -112.0686485861452,39.82457835214855,0 -112.0686615748859,39.82428541468715,0 -112.0687576712651,39.8240773036561,0 -112.0688412469259,39.82381524979299,0 -112.0690078592582,39.82363351864107,0 -112.0691745416592,39.82345629222125,0 -112.0693323783496,39.82308543563812,0 -112.0693226262388,39.82283325160433,0 -112.0693368690277,39.82262138983477,0 -112.0693319112256,39.82230158754921,0 -112.0694133875236,39.82190440556153,0 -112.0694888819401,39.82149826924196,0 -112.0695122920364,39.82112414691274,0 -112.0695365411591,39.82080407547713,0 -112.069602725436,39.8205511910462,0 -112.0697254362021,39.82017615281577,0 -112.0697935051445,39.82004488329387,0 -112.0699139359864,39.81989961559232,0 -112.0701682948574,39.81972608395255,0 -112.0704405248127,39.81957491017255,0 -112.0706561600068,39.81954138617711,0 -112.0708591334469,39.8194449104189,0 -112.0709909145024,39.81935359547527,0 -112.0710722506632,39.81924923243413,0 -112.071116042635,39.81905962217433,0 -112.0712168470846,39.81877938772607,0 -112.0713413643628,39.81852145833772,0 -112.0714435665909,39.81833130926797,0 -112.0714960308985,39.817947908087,0 -112.0714795216602,39.81763722219744,0 -112.0714037775121,39.8172739254512,0 -112.0712632657303,39.81687789083963,0 -112.0711188103444,39.81652874325669,0 -112.0709999246047,39.81609556860043,0 -112.0709895526565,39.81580374658983,0 -112.071018724547,39.81542506543973,0 -112.0710674464731,39.81517684568281,0 -112.0711731772837,39.81483800237702,0 -112.071349416861,39.81452553668046,0 -112.07157251975,39.81422164786876,0 -112.0717212304554,39.81401755332738,0 -112.071904705064,39.81379511807808,0 -112.0720365921207,39.81363622782467,0 -112.0722725606812,39.81340880245177,0 -112.0725088077195,39.81319939296883,0 -112.0726581436523,39.81303583604579,0 -112.0727058082613,39.81272005206758,0 -112.0726373817895,39.81252697361894,0 -112.0726238028556,39.81232978476725,0 -112.0727202774256,39.81214779552847,0 -112.0729693200667,39.81201034516231,0 -112.0731427021031,39.81189071346474,0 -112.0734203992052,39.8117178592363,0 -112.0735700800911,39.81157682184855,0 -112.0737146917838,39.8114853860436,0 -112.074006156466,39.8114466489456,0 -112.0741456971689,39.81140481282767,0 -112.0744249887807,39.8113346530183,0 -112.0748281230358,39.81133992911795,0 -112.0750621638117,39.81136479012719,0 -112.0753231163169,39.81131732317416,0 -112.0754504578983,39.81116748063327,0 -112.0755003548208,39.81099583217455,0 -112.0755268057143,39.81081899409455,0 -112.0755544774183,39.81072053115995,0 -112.0756288579238,39.81062073351943,0 -112.075697749723,39.81054351157729,0 -112.0757552410029,39.81048441455119,0 -112.0759167365314,39.81035227498756,0 -112.0761776575956,39.81022822265214,0 -112.0764502594534,39.81010406106349,0 -112.0767819668636,39.81002439986819,0 -112.0771996610128,39.80984032674908,0 -112.0774084806888,39.80967170573656,0 -112.0776367057716,39.80939929217791,0 -112.0777672911695,39.80915841852664,0 -112.0778437934957,39.80882074075744,0 -112.0778913610866,39.80850045054474,0 -112.0778584872388,39.80826559950432,0 -112.0778371818952,39.8080234335009,0 -112.0777738560576,39.80770867887372,0 -112.0777112344991,39.80743896612467,0 -112.0776353151795,39.80706576375147,0 -112.0776843596008,39.80684006257355,0 -112.0778067218206,39.80644699943615,0 -112.0778962236673,39.80619389310446,0 -112.0780378628347,39.80591327288061,0 -112.0781567746255,39.80567340767901,0 -112.0782647790722,39.80548319822131,0 -112.0784602416982,39.80528316524358,0 -112.0785742262297,39.80510190956934,0 -112.0786709711925,39.80493883371085,0 -112.0787911460146,39.8047800444467,0 -112.0789806249625,39.80457105656258,0 -112.0791632767143,39.80429906377802,0 -112.0792463672848,39.80400997632289,0 -112.0792474883823,39.80370813761967,0 -112.0793138334576,39.80346876023561,0 -112.0794031852856,39.80320664435339,0 -112.0794646623904,39.80302947981946,0 -112.0795903331054,39.8028490153069,0 -112.0797520145852,39.80273038285306,0 -112.0799323423953,39.80268365528297,0 -112.0800477282986,39.80259248301356,0 -112.0800558131362,39.80236265738475,0 -112.0800342912986,39.80210697905019,0 -112.0799923256018,39.80196321245128,0 -112.0799067808339,39.80179642584249,0 -112.0798108802875,39.80163964661342,0 -112.0796693902403,39.80155537027148,0 -112.079476610882,39.80155265869082,0 -112.0790014038933,39.80156608891607,0 -112.0786183927989,39.80157415464156,0 -112.0781389071345,39.80153806694828,0 -112.0777106434077,39.80141590834418,0 -112.0775890896716,39.80136640203877,0 -112.077375604146,39.80127936753058,0 -112.0771159757576,39.80110969029658,0 -112.0769138593102,39.8008827169411,0 -112.0767404359514,39.80062304124986,0 -112.0766889418243,39.8003171854551,0 -112.0767678148046,39.80013175157763,0 -112.0769793105618,39.79983697001609,0 -112.0771910147282,39.79955569993857,0 -112.0774206582508,39.79930129280897,0 -112.0775867684249,39.79909252431116,0 -112.0778273839704,39.79879296505904,0 -112.0780856568011,39.79850225117687,0 -112.0783624295368,39.7982744334096,0 -112.0786336434975,39.79806468656987,0 -112.0789579433999,39.79781390152525,0 -112.0791444749754,39.79749231770332,0 -112.0792737102054,39.79716676171889,0 -112.0793226719817,39.79693655560605,0 -112.0794529609355,39.79667856358183,0 -112.0795971108942,39.79656009510244,0 -112.0798043648067,39.79636895972781,0 -112.0798963828345,39.79627800547126,0 -112.0800282887559,39.79612361072491,0 -112.0801943845569,39.79591483810243,0 -112.0804230875435,39.79560187020255,0 -112.0806974447093,39.79522090223217,0 -112.0809383162747,39.79493935375596,0 -112.0811795372846,39.79468032651106,0 -112.0813918442206,39.79443958765339,0 -112.0815468170818,39.79426695597431,0 -112.0817257812493,39.79413464512778,0 -112.0820861772565,39.7940276720357,0 -112.0822666919162,39.79399445377284,0 -112.0824245762173,39.79394811231263,0 -112.0824410854556,39.79394327316908,0 -112.0825506143432,39.79385215350241,0 -112.0827341428507,39.79363870944703,0 -112.082918941576,39.79350634286415,0 -112.0831316626353,39.79329262647605,0 -112.0833266536458,39.79306556036884,0 -112.0834410999113,39.79291582921091,0 -112.083468739276,39.79281646335149,0 -112.0835311299674,39.79269875299924,0 -112.0836697786433,39.79260285456726,0 -112.0839659361245,39.79249647545696,0 -112.0842273422789,39.79240843992351,0 -112.0846220503367,39.79225608857026,0 -112.0848123269886,39.7921011429573,0 -112.0849028115922,39.79198767429396,0 -112.085034379747,39.7917386734586,0 -112.0851602858206,39.79157531880178,0 -112.0854613543915,39.79141032580085,0 -112.0858965710786,39.79123506702491,0 -112.0861808294756,39.79111527907511,0 -112.0864349368183,39.79100928696591,0 -112.0867262703464,39.79089393556432,0 -112.0870569509823,39.79075569102225,0 -112.0872769079712,39.79063199746614,0 -112.0874175562969,39.79029281092368,0 -112.087341818437,39.78993312676674,0 -112.0872611640975,39.78963205321529,0 -112.0871685504866,39.78931307210443,0 -112.0870826266297,39.78904808665406,0 -112.0869202354809,39.78874777819423,0 -112.0867999914885,39.78852816380012,0 -112.0868027816558,39.7883344258475,0 -112.0868467820367,39.78816192587603,0 -112.0869368093978,39.78794574790543,0 -112.0870615701194,39.78771032344569,0 -112.0871749357117,39.78749302510195,0 -112.0872301299994,39.78728978655717,0 -112.0872263004813,39.78704655680588,0 -112.0871953014175,39.78687268682603,0 -112.0871878669602,39.78683068113041,0 -112.087179546764,39.78667308637211,0 -112.087187678314,39.78644776419397,0 -112.0873067383268,39.7862214030681,0 -112.0874498606128,39.78603986521173,0 -112.0877619380375,39.78583421873937,0 -112.0881094692714,39.78565526850434,0 -112.0883883584379,39.78556705923287,0 -112.0885684230417,39.78550680656736,0 -112.088666537037,39.78543380733159,0 -112.08870528946,39.78529919733574,0 -112.0886273902535,39.78517288943078,0 -112.0884904843093,39.78500749173885,0 -112.0883303676947,39.78485132106172,0 -112.0882113319364,39.78470827980891,0 -112.0881854954905,39.78455085000684,0 -112.088258553676,39.78436996768642,0 -112.0883312561285,39.78416656459429,0 -112.0884741583273,39.78397151310315,0 -112.0885931392884,39.78374064567961,0 -112.0887366783927,39.78358613166966,0 -112.0889393086764,39.78347611233056,0 -112.0891060566544,39.78331237010914,0 -112.0892422502346,39.78306242042402,0 -112.0893091253159,39.7828599723389,0 -112.0894456863071,39.78263344408407,0 -112.0896168486064,39.78237956115039,0 -112.0898110778455,39.78210744194157,0 -112.0898554366543,39.78195836277767,0 -112.0898540146212,39.78186827793792,0 -112.0898009044249,39.78183273701207,0 -112.0895957947911,39.78178510884274,0 -112.0890997091586,39.78179877626401,0 -112.0886025841753,39.78182055935824,0 -112.0885453866445,39.78182199665287,0 -112.087932257717,39.78181873685206,0 -112.0874059186224,39.78176510613402,0 -112.0869146084339,39.7817111446992,0 -112.0865100746036,39.78160591404975,0 -112.08633431293,39.78156791604781,0 -112.0860304559886,39.78155274086518,0 -112.0855820664061,39.781629015074,0 -112.0850625581008,39.78163837891521,0 -112.0845826430418,39.78156628130899,0 -112.0842089438836,39.78156526857168,0 -112.0838927045642,39.78150515392293,0 -112.0835346109392,39.78138236051669,0 -112.0831945276372,39.78129093219496,0 -112.0829675916369,39.78126602027235,0 -112.0825816852723,39.78130566077991,0 -112.0821154973691,39.78136406768248,0 -112.082071567955,39.78137015378864,0 -112.081556182917,39.78144136105265,0 -112.0811886740494,39.7814628052997,0 -112.0809314522476,39.78144267685412,0 -112.0806972291137,39.78139980905116,0 -112.080479181943,39.78127119650751,0 -112.0804164346205,39.78099247591658,0 -112.0803772510061,39.78072704972982,0 -112.0802777167743,39.78033604786922,0 -112.0800873844268,39.78011257305408,0 -112.0797331149299,39.77985999043815,0 -112.0793713642633,39.77950206049899,0 -112.0791158357858,39.77921612114451,0 -112.0789428831442,39.77898347317615,0 -112.0786944199163,39.77885063517593,0 -112.0783916741909,39.77883092433246,0 -112.078105905726,39.77885159962702,0 -112.0777028208782,39.77883732409208,0 -112.0772982609967,39.77872845698911,0 -112.0769046758331,39.77857443777008,0 -112.0765530087556,39.77848760224585,0 -112.0761969084921,39.77849090500781,0 -112.0758410184344,39.77850771981939,0 -112.0755200144508,39.77851520004813,0 -112.0754441104025,39.77851500260048,0 -112.0753097862164,39.77851264358429,0 -112.0751053260645,39.77850552787406,0 -112.0749605751328,39.77858345269681,0 -112.0744722850804,39.77909703163419,0 -112.0740116056465,39.7791337317238,0 -112.0738483440301,39.77914785669666,0 -112.0737019797242,39.77912218113905,0 -112.0735082831861,39.77905639917205,0 -112.0732711557988,39.77890091985864,0 -112.0730632667775,39.7786730910219,0 -112.0728683611069,39.77845415210673,0 -112.0726194011107,39.77821318732347,0 -112.0724250793451,39.77810686466623,0 -112.0721497996094,39.77805084440802,0 -112.0720213000996,39.77804752643656,0 -112.0717417767226,39.77809425624598,0 -112.0716636628187,39.77810218595738,0 -112.0713559440198,39.77806268099035,0 -112.0710099848376,39.77796676560856,0 -112.0708225504553,39.7779279509461,0 -112.0705296197226,39.77786307983347,0 -112.0701902676493,39.77781665570698,0 -112.0697559789218,39.77767199675709,0 -112.0692745726593,39.77750074174604,0 -112.0688815687057,39.77738272903385,0 -112.0685133106432,39.77735458537087,0 -112.0683383906911,39.77736971108092,0 -112.068082857722,39.77745765677719,0 -112.0678513717547,39.77759042980832,0 -112.0676896570373,39.77770454149185,0 -112.0675460820003,39.777859030047,0 -112.0671950491334,39.77819021770553,0 -112.0670111091975,39.77837751193064,0 -112.0668040807622,39.77858213753106,0 -112.0666846874744,39.77879046154511,0 -112.066611578085,39.77897133091749,0 -112.0665613326162,39.77912045590357,0 -112.0664374217009,39.7794144149636,0 -112.066311298235,39.77964082057475,0 -112.0661712472889,39.77994844243932,0 -112.0659651153723,39.78021162174798,0 -112.0656530657954,39.78042171504767,0 -112.0653240569243,39.78066800163732,0 -112.0650254856699,39.78099509718136,0 -112.0649336751529,39.7810995535013,0 -112.0646337249846,39.78133746305279,0 -112.0643220697682,39.78157367698311,0 -112.0639227856923,39.78180709006985,0 -112.063643127568,39.78192227721831,0 -112.0634714891616,39.78192384981786,0 -112.0632881753515,39.78192553011078,0 -112.0630668160924,39.78195909246897,0 -112.0627587164078,39.78204750794541,0 -112.0625203825832,39.78211636320957,0 -112.0621593379924,39.78217913375141,0 -112.0617747189136,39.78222770327058,0 -112.061295791103,39.78221856939252,0 -112.0609620535002,39.78215855196206,0 -112.060703311749,39.78203928391293,0 -112.0605157255513,39.78191486087139,0 -112.0603543728549,39.78174965278623,0 -112.0602584759017,39.78158835166055,0 -112.0602770575534,39.78127734130154,0 -112.0603203051461,39.78105169977015,0 -112.0602806454246,39.78075023182051,0 -112.0602182565299,39.780489515693,0 -112.0599939418135,39.78033028821105,0 -112.0597476300508,39.78025955821602,0 -112.059529625101,39.7801309055715,0 -112.0593455495195,39.78000644801313,0 -112.059103842521,39.77977890243354,0 -112.0588135761914,39.77950675084889,0 -112.0585695380647,39.77927922570888,0 -112.0583340878321,39.77907865120574,0 -112.0580148463431,39.77882027601481,0 -112.0577079719605,39.77860683640883,0 -112.0574305775907,39.77841204807071,0 -112.0571122245355,39.77821132606051,0 -112.0567983361072,39.77799704713309,0 -112.0564023335771,39.7776817028772,0 -112.0560147033455,39.77745547929648,0 -112.0557031047229,39.77731415623496,0 -112.0554452019981,39.77724802734523,0 -112.055046398521,39.77713092137254,0 -112.0546841906119,39.7771161939653,0 -112.0541597649288,39.77718402824438,0 -112.0536995669919,39.77725217796446,0 -112.0534836290656,39.77725774250019,0 -112.0532560292103,39.77726431293213,0 -112.0528866096261,39.77715954701923,0 -112.0525826403952,39.77713527497356,0 -112.0524126629738,39.77709176725683,0 -112.0521130227242,39.77696834600368,0 -112.0518130545896,39.77682330348322,0 -112.0515592104533,39.77671658446351,0 -112.0513130046918,39.77657465716909,0 -112.0509299989872,39.77634386917926,0 -112.050736057209,39.77626003131491,0 -112.0506074939187,39.77625218561993,0 -112.0503688375989,39.77629939578498,0 -112.0503111468931,39.77634496691239,0 -112.0501619025884,39.77651300064782,0 -112.0499718630917,39.7766859074698,0 -112.0497681629145,39.77672829493311,0 -112.0493940083105,39.77669563927355,0 -112.0490088628189,39.77670813127334,0 -112.0485189135781,39.77673958840261,0 -112.0481630244187,39.77675631872366,0 -112.0477548694795,39.77679153916701,0 -112.0474225341469,39.77682156852465,0 -112.0471953448217,39.77685515339346,0 -112.0469631366089,39.77694284223097,0 -112.0468015251977,39.77706593352301,0 -112.0466584505224,39.77725643145141,0 -112.0465326145174,39.77742875371882,0 -112.0463606221748,39.7776375320457,0 -112.0462075744032,39.77794074303845,0 -112.0461517890241,39.77811243327511,0 -112.0459998300106,39.77848771270609,0 -112.0458334665116,39.77868292472015,0 -112.0456613331335,39.77888269264057,0 -112.0454368621103,39.77909644758068,0 -112.0451305922939,39.77930643313555,0 -112.0448475358429,39.77950719958707,0 -112.0447290247007,39.77960079733608,0 -112.044668673185,39.77964846222576,0 -112.0445716775922,39.779797998582,0 -112.0445380123286,39.77988840024691,0 -112.0445428470614,39.78020820723038,0 -112.0445743527751,39.78036109129648,0 -112.0446603745484,39.78064412778319,0 -112.0446825207151,39.78095026435791,0 -112.0446107821548,39.78122571148394,0 -112.0444341625902,39.78151561681229,0 -112.0441512983785,39.78172989444901,0 -112.0437807945278,39.78194045461701,0 -112.0435245321267,39.78198330344395,0 -112.0432574773658,39.78208481327091,0 -112.0430666572331,39.78220816183715,0 -112.0428018455654,39.78245831344235,0 -112.0424563166763,39.78277676302232,0 -112.0421733743112,39.78298653162839,0 -112.0419308210997,39.7831644022253,0 -112.0418046230736,39.78331419809837,0 -112.0415728622219,39.78343340664055,0 -112.0412579389344,39.78345875751673,0 -112.040895766958,39.78344849166597,0 -112.0405680139316,39.78339737224866,0 -112.0400466362323,39.78336150213587,0 -112.039498960353,39.78336280547472,0 -112.0392534714471,39.78334608297271,0 -112.0388678794929,39.78333151636127,0 -112.0384592062257,39.78333517371942,0 -112.0380037594784,39.78333474364501,0 -112.0375420685415,39.78330733830612,0 -112.0372316305422,39.78324253922622,0 -112.036879716428,39.78313756565046,0 -112.0365324789431,39.78295506492854,0 -112.0360039506541,39.78275345804458,0 -112.0356221747432,39.78260369822892,0 -112.0351527609898,39.78245021371966,0 -112.0348122608695,39.78232711203798,0 -112.0343547974044,39.78219153777312,0 -112.033950215065,39.78207801479643,0 -112.0334855012972,39.78184789763571,0 -112.0331327921739,39.78168886038019,0 -112.0327210969742,39.78148980268809,0 -112.0324741492042,39.78137487231545,0 -112.0321219826634,39.78125186673962,0 -112.0318464513995,39.78117773288722,0 -112.0316532588161,39.7811434107629,0 -112.0313198185557,39.78110132563092,0 -112.0311212594369,39.78109858493954,0 -112.0308178839924,39.78111479505745,0 -112.0305383309709,39.7811623270417,0 -112.0303465496409,39.78122259455719,0 -112.0301443676165,39.78136854734934,0 -112.0299424541885,39.78153251717811,0 -112.0296831662615,39.78176457042722,0 -112.0294706473231,39.78200071247657,0 -112.0292282665881,39.7821920700249,0 -112.0289947683947,39.78227432876174,0 -112.028669618686,39.78231865677565,0 -112.0282323628231,39.78236307657594,0 -112.0278076151023,39.78238485880119,0 -112.0272241745966,39.78249363866011,0 -112.0269677657701,39.78252744235891,0 -112.0265894241185,39.78260737426476,0 -112.0262111489423,39.78269180912989,0 -112.0259966087945,39.78279281465859,0 -112.0259134652234,39.78287950392256,0 -112.0258919595555,39.78290185826986,0 -112.0257974226516,39.78314145566011,0 -112.0257672096137,39.78346607843213,0 -112.0258367814375,39.78382585852894,0 -112.0259101558299,39.78412704101827,0 -112.0258807755302,39.78442913133683,0 -112.0258213708388,39.78475401173377,0 -112.0257614298532,39.78504285775694,0 -112.0257194057659,39.78535857487282,0 -112.0255500724365,39.78575200084428,0 -112.0253389988874,39.7860872315733,0 -112.0250625639183,39.78634645477708,0 -112.0247744149179,39.78652469289977,0 -112.0245403759386,39.7865718083503,0 -112.0243346258059,39.78647902151729,0 -112.0240647197923,39.7863913047937,0 -112.0237084389674,39.78638543864625,0 -112.0234573849984,39.78638765312041,0 -112.0233641695163,39.78640198990615,0 -112.023128654605,39.78642839308182,0 -112.0229436654368,39.78639668773251,0 -112.0227438899991,39.78631285452155,0 -112.0225563918364,39.78626945753245,0 -112.0223755322236,39.78628006120861,0 -112.0221370888045,39.786345230879,0 -112.021898843913,39.78642391305401,0 -112.0216251685685,39.78647587721662,0 -112.0214209545549,39.78648668518873,0 -112.0210827882578,39.78652119585988,0 -112.0208270926936,39.78660453387529,0 -112.0206066272583,39.78670107712059,0 -112.0203382187362,39.78679353576479,0 -112.0200902603616,39.78692635912249,0 -112.0198650850592,39.78709952625118,0 -112.0197564140627,39.78725364926104,0 -112.0196602170722,39.7874617212998,0 -112.0195066186333,39.78773697117009,0 -112.0194056291308,39.78795274391102,0 -112.0193367921289,39.78809975926497,0 -112.0191772324698,39.78836695173413,0 -112.0189841009719,39.78873354750921,0 -112.0188021139735,39.78906400567583,0 -112.0185910646789,39.78940372909241,0 -112.0183972630378,39.78972528032587,0 -112.0182027292698,39.78999728381491,0 -112.0178674654293,39.79022997668711,0 -112.0174558959937,39.79043630856017,0 -112.0171315089547,39.79061484463124,0 -112.0169344473275,39.79071568046073,0 -112.0167619213856,39.79089648880718,0 -112.0166250513739,39.79111933084247,0 -112.0164824599923,39.79135033157355,0 -112.0163339630859,39.79157687875627,0 -112.0161558729791,39.79177665549013,0 -112.0158435512128,39.79198211232986,0 -112.0156395186589,39.79200642331413,0 -112.0154291170497,39.79199474995652,0 -112.0151365734909,39.79195676459418,0 -112.0148565677185,39.79197723370424,0 -112.0146115962422,39.79199739565085,0 -112.0143375615715,39.79202682131459,0 -112.0140865516199,39.79203352010166,0 -112.0137719750821,39.79208582307658,0 -112.0136151157588,39.79214125279768,0 -112.013395350111,39.79228733014009,0 -112.0131695980903,39.79242354851988,0 -112.0130086963482,39.79260154657182,0 -112.0128547430748,39.79285516677113,0 -112.0126199001033,39.79316805674905,0 -112.0123444451961,39.79349932050452,0 -112.0120456313966,39.79383078766075,0 -112.0116934046687,39.79410415466605,0 -112.0113924735401,39.79429148080889,0 -112.0110450914265,39.7944972296909,0 -112.0107270348153,39.79471173263119,0 -112.0104724172295,39.79487162325656,0 -112.0101367743,39.79508177256391,0 -112.0097758967958,39.7953236749348,0 -112.0094060343422,39.79543050658948,0 -112.009330044954,39.79542576141834,0 -112.0091020633147,39.79541062587312,0 -112.0088612716994,39.79531811600128,0 -112.0086914721444,39.79528805744425,0 -112.0084035072986,39.79516442242351,0 -112.0082087067309,39.79502195685234,0 -112.008006950508,39.79480296780505,0 -112.0078755296769,39.79460138735594,0 -112.0076925419552,39.79446782855135,0 -112.0075228771475,39.79444677763972,0 -112.0075090188376,39.79444960062536,0 -112.0072492233625,39.79450321248343,0 -112.007045522287,39.79455093054962,0 -112.0067671316855,39.79468308874826,0 -112.0065123595894,39.79475287281847,0 -112.0060926056033,39.79488265146778,0 -112.0057034769818,39.79503018278402,0 -112.0054131549566,39.79514532156702,0 -112.0050189706167,39.79534695356801,0 -112.0046824563214,39.79549853056628,0 -112.004411810096,39.79576215976682,0 -112.004153037802,39.79603920062607,0 -112.0039531806176,39.79635177036264,0 -112.0038046971859,39.796582806667,0 -112.0036442715509,39.796795926168,0 -112.0035121922547,39.79695023658213,0 -112.0034091770512,39.79709528499124,0 -112.0034063491546,39.79730253630733,0 -112.0034163779465,39.79759076576363,0 -112.0033730665734,39.79782539651834,0 -112.0032822531864,39.79800637942709,0 -112.003208762013,39.79817369700373,0 -112.0032076346273,39.79849806180925,0 -112.0032299317109,39.7988267296916,0 -112.0032585915618,39.79919138142152,0 -112.0033167781377,39.79957830215794,0 -112.0033606015505,39.79978064514385,0 -112.0032817267736,39.7999795443211,0 -112.0030794980368,39.80012995509238,0 -112.0028123121219,39.80023137327,0 -112.0023815492819,39.80032969870231,0 -112.002089825885,39.80035023847726,0 -112.0017869463105,39.80040691279246,0 -112.0016074188993,39.80051207603668,0 -112.0014226390386,39.80065782917278,0 -112.0008371368994,39.80096020647078,0 -112.0006276237239,39.80101156750354,0 -112.0005280867972,39.80099440621463,0 -112.0004168708735,39.80097734499327,0 -112.0001303307557,39.80095278596474,0 -111.9997677446559,39.80091987126253,0 -111.9994289737926,39.80091828460397,0 -111.999090398762,39.80093021042286,0 -111.9990144165603,39.80092635937741,0 -111.9987923763783,39.80091926116852,0 -111.9984937673947,39.80086777238867,0 -111.9981322754429,39.80091052591906,0 -111.9976375372833,39.80102830503579,0 -111.9972140328308,39.8012256574323,0 -111.9969288617456,39.80137677080832,0 -111.9966980638878,39.80149137652601,0 -111.996349561575,39.80162501279054,0 -111.9959168305263,39.80158818321819,0 -111.9955946012406,39.8015188698613,0 -111.9953602945633,39.8014713257153,0 -111.9951803638086,39.80146836429847,0 -111.9949991879888,39.80154109599636,0 -111.9947974039181,39.80172392423243,0 -111.9946085178583,39.80191024616969,0 -111.9943479309674,39.80214673591559,0 -111.9940434784428,39.80250072883885,0 -111.9937383728431,39.80280967775805,0 -111.993466151871,39.80304986971988,0 -111.9931712619127,39.8033384574187,0 -111.9931447679,39.80336436203314,0 -111.9927521196792,39.8036785623658,0 -111.992370889944,39.80397464421017,0 -111.9922393217892,39.8040616332096,0 -111.9919774583923,39.80423478963744,0 -111.9916587792486,39.8044132056977,0 -111.9912698240019,39.80457870717652,0 -111.9910321917615,39.80470687519213,0 -111.9907549069861,39.80492097500924,0 -111.9905477015827,39.80513447583493,0 -111.9904683309358,39.80530183541764,0 -111.9903136850613,39.80551488718219,0 -111.9901944534703,39.80575376539931,0 -111.9901104825508,39.8060076586857,0 -111.9899982659038,39.80632846635321,0 -111.9899445152088,39.80665327990013,0 -111.9899007007791,39.80685637566064,0 -111.989746566046,39.80710546185244,0 -111.9896207273461,39.80729123714963,0 -111.9896244733208,39.80755249141645,0 -111.9897038215099,39.80779057585989,0 -111.9898185992537,39.80805538766183,0 -111.9898319598969,39.80817240166434,0 -111.9898318044884,39.8085688369941,0 -111.9898831153591,39.80888824911716,0 -111.9898533056647,39.80925340230593,0 -111.9897764485039,39.80959643285069,0 -111.9897649347969,39.81001548912005,0 -111.9897696509522,39.81034430827989,0 -111.9898169957609,39.81079439717802,0 -111.9898703754517,39.81125794941404,0 -111.9898209106189,39.81147460753127,0 -111.9896944835225,39.81161984404781,0 -111.9894391086569,39.81173464522554,0 -111.9891591433087,39.81176406175443,0 -111.9887835325356,39.81164112569772,0 -111.9884236377883,39.81139191655004,0 -111.9880704256085,39.81120121296772,0 -111.9878819770282,39.81109469908382,0 -111.9875527103406,39.81094433506914,0 -111.9871987857968,39.81078516910553,0 -111.9869063132049,39.81067503455544,0 -111.9865016500172,39.81056224863831,0 -111.9862330995613,39.81057264017304,0 -111.9859471038226,39.81058858595551,0 -111.985577987869,39.81051063320869,0 -111.9850859769946,39.8104166041342,0 -111.9846520260337,39.81029775356828,0 -111.9841421620413,39.81018044645811,0 -111.9838607234561,39.81010624924184,0 -111.9835380809454,39.81000987685938,0 -111.9830576161173,39.80990583016928,0 -111.9825703501443,39.80973426550813,0 -111.9822652328665,39.8096377401,0 -111.9819481778769,39.80952329563438,0 -111.9816598788578,39.80937707272334,0 -111.981388205858,39.80916763922677,0 -111.9810219977509,39.808882420772,0 -111.9806970600447,39.80862388148073,0 -111.9803664126465,39.80837439985566,0 -111.9801955054687,39.80826772563422,0 -111.979936289407,39.80811224263787,0 -111.9796657132501,39.80797937945039,0 -111.9793848172473,39.80786011752249,0 -111.9787678543102,39.80768512632118,0 -111.9781927672383,39.80749716520715,0 -111.9775597765599,39.80734482726547,0 -111.9768453311431,39.80721479540789,0 -111.9762541202102,39.80712516804582,0 -111.975762451594,39.80705271967065,0 -111.9754235864075,39.80704655923657,0 -111.9749908939863,39.80701415673804,0 -111.9746460612914,39.80699903409459,0 -111.9743297815479,39.80693772020896,0 -111.9736982793779,39.80688986305768,0 -111.9731490368368,39.80687645181464,0 -111.9726809876243,39.80682181170326,0 -111.9723184455419,39.80679331640347,0 -111.9718099586669,39.80677054679276,0 -111.9713839982204,39.80680114343384,0 -111.9713681303792,39.80680253742081,0 -111.9708764626613,39.80684593525773,0 -111.9706259000707,39.8068885760367,0 -111.9703173763813,39.80696323563622,0 -111.9700901106993,39.80700117544565,0 -111.9698157427536,39.80701247912817,0 -111.969617805269,39.80705918236365,0 -111.9694783966183,39.80711440679216,0 -111.9694095147007,39.80720057613453,0 -111.9693935121122,39.80730882817168,0 -111.9694119823728,39.80737624761463,0 -111.9694373678644,39.80752019335922,0 -111.9694631971237,39.80769567010915,0 -111.969502634063,39.80792509215696,0 -111.9695103443031,39.80814126461144,0 -111.9694038050087,39.8084575002313,0 -111.9692497187847,39.80871556882818,0 -111.9691008400943,39.80892854445751,0 -111.9688877776752,39.80914656038146,0 -111.9686332615991,39.80932437782874,0 -111.968368736494,39.80953831766308,0 -111.9680608003028,39.80973910492069,0 -111.9677083157583,39.81001234106484,0 -111.9674892157622,39.81021688982586,0 -111.9672523399033,39.81040356758973,0 -111.9670103166977,39.81063984111842,0 -111.9668662574689,39.81078069480444,0 -111.9666692209945,39.81097604842488,0 -111.9665151518384,39.81115302480068,0 -111.9663941379898,39.81127116037859,0 -111.9662217548801,39.81147531827829,0 -111.9661192714792,39.81166537866948,0 -111.9660235101716,39.81191845243668,0 -111.9659099110174,39.81214914938477,0 -111.9657496479774,39.81238473998793,0 -111.9655657053466,39.81259800303474,0 -111.9653814465088,39.81278874345392,0 -111.9652608683432,39.81293840926293,0 -111.9651633391511,39.8130653589724,0 -111.964985296655,39.81328307610533,0 -111.9648068121879,39.81346926321457,0 -111.9647034394548,39.8135962602453,0 -111.964588510794,39.81373236396551,0 -111.9644917343901,39.81391336572884,0 -111.9644129835808,39.81413025698308,0 -111.9643462917558,39.8143740775242,0 -111.9643378835247,39.81460840398573,0 -111.9642941777912,39.81482500393172,0 -111.9642039321394,39.81505550551223,0 -111.9640663282042,39.81524135109647,0 -111.9638637167851,39.81537367722362,0 -111.9636361950832,39.81547918051908,0 -111.9634463074019,39.81560239054316,0 -111.963254734481,39.81568867413678,0 -111.9630397595487,39.81577244808297,0 -111.9628483869521,39.81587314490599,0 -111.9627269814381,39.81596425126398,0 -111.9626935066173,39.81607715182746,0 -111.9627668055513,39.81630629543423,0 -111.9629220056863,39.81654376858447,0 -111.9630702348947,39.81670021092057,0 -111.9633245488499,39.81692334607903,0 -111.9635430622461,39.81709271864103,0 -111.9637557985768,39.81726664401338,0 -111.963892789861,39.81745471296232,0 -111.9639186712226,39.81763469478675,0 -111.9638277293765,39.8178156476345,0 -111.9637532401749,39.81791987968644,0 -111.9636903077993,39.81801500591476,0 -111.9635870527456,39.81815101118769,0 -111.9634444802286,39.81839996606746,0 -111.9633301076249,39.8185766080105,0 -111.9632542368143,39.81870752086112,0 -111.963233131795,39.81874409563258,0 -111.9631773598906,39.81893376541048,0 -111.9632332027619,39.81916755816005,0 -111.9633065690695,39.81940120522132,0 -111.9633792319962,39.81958440270124,0 -111.9634990924079,39.81980054538968,0 -111.9636311267884,39.82005172424313,0 -111.9637277361056,39.82027616840835,0 -111.9638073250432,39.82053679307342,0 -111.9638518653116,39.82079770859979,0 -111.9638733548098,39.82108134040705,0 -111.9638539413182,39.82136441080714,0 -111.9638053451563,39.82164952572366,0 -111.9637382670557,39.82186631943073,0 -111.9636530968853,39.82204271926422,0 -111.963504927864,39.82230973984389,0 -111.9632859653102,39.82252779473843,0 -111.9630328946233,39.82281370583866,0 -111.9631468620867,39.82344435030206,0 -111.9634633187984,39.82393185820054,0 -111.9639176669061,39.82425243871438,0 -111.9641786086316,39.82452957589429,0 -111.9644623540905,39.82476597817132,0 -111.9646107306226,39.82493142651055,0 -111.9648345476723,39.82506020785365,0 -111.9647973089105,39.82532180301001,0 -111.9647872630506,39.82543901459776,0 -111.9646855620824,39.82568673022509,0 -111.9645605174931,39.82593644153124,0 -111.9644119020092,39.8261719331315,0 -111.9642514763742,39.82639851254083,0 -111.9641141024076,39.82660237576422,0 -111.9641107795394,39.8267825999284,0 -111.9641592786833,39.82690833469387,0 -111.9641677650678,39.82709747141939,0 -111.9641702210618,39.82727314241033,0 -111.9640547650899,39.82737321045267,0 -111.9637811957465,39.82744756219,0 -111.9635364461541,39.82749374309575,0 -111.9631527703063,39.82763297757969,0 -111.9628046354045,39.82780705426452,0 -111.9625030467091,39.82796722942631,0 -111.9622151519319,39.82827144723707,0 -111.9620199749701,39.82852083663565,0 -111.9618477266077,39.82873850066746,0 -111.961657635907,39.82893378806805,0 -111.961451021595,39.82920129098984,0 -111.9612511275797,39.82953180648916,0 -111.9611771252649,39.82967207232689,0 -111.9610746005416,39.82986212792711,0 -111.9609396592128,39.8302416594497,0 -111.9608595609305,39.8303639551611,0 -111.9606359154591,39.83066763738033,0 -111.9604257087843,39.83109734475062,0 -111.9602503028436,39.83150874441138,0 -111.9600421604973,39.83208709657273,0 -111.9598891926758,39.83243163702582,0 -111.9597463776136,39.83266617370776,0 -111.9595511171085,39.83291105428668,0 -111.9594142812328,39.83315545180284,0 -111.9593925985968,39.83318455218954,0 -111.9593397066912,39.83325517671068,0 -111.9591901812139,39.83342759943441,0 -111.9590472493707,39.83365402729634,0 -111.9589336547081,39.83388922203221,0 -111.9587576073703,39.83425557511782,0 -111.9586898124141,39.83442281757724,0 -111.9586345175151,39.83464852061404,0 -111.9585165803964,39.83499186864471,0 -111.9583934249642,39.835380308947,0 -111.9582170578261,39.83572413894018,0 -111.958057403844,39.8360092673856,0 -111.9578991242841,39.83639349211239,0 -111.9576991305558,39.83671949763455,0 -111.9574961319628,39.83682929107717,0 -111.9573624348008,39.83687994862495,0 -111.9571807424498,39.83684090370892,0 -111.9570042064284,39.83675226206516,0 -111.9568099538331,39.83665025143274,0 -111.9565213422003,39.83648594947276,0 -111.9562728196837,39.83626275229759,0 -111.9558424844417,39.83599149953275,0 -111.9554426775465,39.83581459608821,0 -111.9548311610949,39.83554032642009,0 -111.9546252923846,39.83544291222785,0 -111.954227424952,39.83540564136403,0 -111.9538108447137,39.83528292970792,0 -111.9534762635929,39.83517395811337,0 -111.9531177899804,39.83502734071071,0 -111.9529422969032,39.83493733228202,0 -111.952711717336,39.83481894490592,0 -111.9523288311075,39.83459684256586,0 -111.9519939948651,39.8344689482661,0 -111.9516958314459,39.83445788018714,0 -111.9514616900586,39.83442826642759,0 -111.9512159244716,39.83440325234481,0 -111.9510691747885,39.83435490109439,0 -111.9508523753778,39.83431162961779,0 -111.9506769838102,39.83430495771369,0 -111.9505430243401,39.83433668926186,0 -111.9504266682563,39.8343736820201,0 -111.9503695452857,39.83446875304855,0 -111.9502846985088,39.83467216946809,0 -111.9500039920505,39.83507991104732,0 -111.9498260941832,39.83531562377379,0 -111.9496299847701,39.83550193053823,0 -111.9494514023866,39.83568809400811,0 -111.9492324766636,39.83591513178933,0 -111.9490853389083,39.83626321377162,0 -111.9489950770869,39.8364982078101,0 -111.9489215383028,39.83667450109672,0 -111.9489067870675,39.83687644241943,0 -111.9489993315081,39.83714688118842,0 -111.949300528538,39.83831119049466,0 -111.9493788445628,39.83848173606549,0 -111.9495678060811,39.83862434678979,0 -111.9497153094507,39.83872675248843,0 -111.9498870538583,39.83889202787172,0 -111.9500167184831,39.83897205498138,0 -111.9500057770029,39.83902620324917,0 -111.9498970548024,39.83919377552674,0 -111.9497951580014,39.83934777694491,0 -111.949673890828,39.83953797614507,0 -111.9494425342181,39.83979665021258,0 -111.9492950065939,39.84003211292259,0 -111.9492810746222,39.84029351242511,0 -111.9493316659424,39.84057240308294,0 -111.949312387198,39.84086988483497,0 -111.9491916024199,39.84101052550484,0 -111.949024319046,39.84116956628254,0 -111.9487524142808,39.84137000660647,0 -111.948602596851,39.84152439905728,0 -111.9484994100693,39.84175499316495,0 -111.9484344259416,39.84204383909408,0 -111.9484020129296,39.84266127729203,0 -111.948423075728,39.84291788488884,0 -111.9483567351443,39.8431932265878,0 -111.9482258685737,39.8434510764598,0 -111.9481326638714,39.84389782477688,0 -111.9480105504849,39.84436733355652,0 -111.9479687590613,39.84472806822323,0 -111.947916084548,39.84514745512649,0 -111.9478979879866,39.84553142181482,0 -111.9478580408042,39.84602638724211,0 -111.9479158375113,39.84640432728914,0 -111.9479150119595,39.84676923147213,0 -111.9479193481274,39.84708453964461,0 -111.9479432612803,39.84754835053845,0 -111.9479668905655,39.84766861811389,0 -111.9479935426817,39.84780471917286,0 -111.9480374855704,39.84802510080885,0 -111.9481282414652,39.84824960393306,0 -111.9481546537312,39.84847012897246,0 -111.9482690335214,39.84871245865723,0 -111.9483122344017,39.84887878727032,0 -111.948290470019,39.84899609314609,0 -111.9481754515267,39.84913218053862,0 -111.9480368082407,39.8492504411692,0 -111.9477720756248,39.84954992810648,0 -111.9475243157778,39.84980873204449,0 -111.947310875168,39.85001319613464,0 -111.9470859927164,39.85023577275385,0 -111.9468652883292,39.85042227628085,0 -111.946669802347,39.85057253321714,0 -111.9464256519308,39.85066912870935,0 -111.9461404682692,39.85075704825459,0 -111.9458910276743,39.85089423007865,0 -111.9457697245683,39.85099883194049,0 -111.9456251676727,39.85111263354241,0 -111.9454042045707,39.85119552292593,0 -111.9451940023875,39.8512107503247,0 -111.9447347216305,39.85130459047413,0 -111.9443493847978,39.85142035084916,0 -111.9441216492969,39.85143571888546,0 -111.9437368002494,39.85150191919352,0 -111.9434981780655,39.85157593929939,0 -111.9432152060561,39.85182601026897,0 -111.9430360101232,39.85197162424181,0 -111.942705049213,39.85213198649169,0 -111.9424730071885,39.85226000927062,0 -111.9422655107309,39.85247342578393,0 -111.9421559486056,39.85258243337244,0 -111.9419244581468,39.85275099528925,0 -111.9417045317006,39.85291045230363,0 -111.9414601809602,39.85299352433672,0 -111.941273915286,39.85304999593833,0 -111.9409121116189,39.85317816734374,0 -111.9405584395016,39.85330266832248,0 -111.9400758833956,39.85349128135122,0 -111.9397330350792,39.85363821655564,0 -111.9395367235452,39.85381549819951,0 -111.9391791644177,39.85416977599133,0 -111.9390758069561,39.8543057600291,0 -111.9388801062765,39.85452808481309,0 -111.938731036245,39.8547410218908,0 -111.9385881807586,39.85489534496615,0 -111.9385175534143,39.85494546991018,0 -111.9384175206176,39.85498231916161,0 -111.9381987512015,39.85505616724995,0 -111.9379708135796,39.85514360396795,0 -111.9377547534824,39.85515886497117,0 -111.9374928559495,39.85524207082504,0 -111.9372469556153,39.85529811646926,0 -111.9371029934044,39.85537135805526,0 -111.9370570948833,39.85543479753016,0 -111.9370408479531,39.85552953183696,0 -111.9370492211498,39.85562947319952,0 -111.9370678351409,39.85588069689337,0 -111.9371528490044,39.85602867172386,0 -111.9372556989179,39.85628462044512,0 -111.9373472282622,39.85656768990128,0 -111.937413050518,39.85667978035811,0 -111.9374845950422,39.8567828149285,0 -111.9376154436465,39.85694843853513,0 -111.9377282082658,39.85707366432747,0 -111.9378997253996,39.85722093941417,0 -111.9380356854178,39.85733246265473,0 -111.9381360371165,39.85740463045565,0 -111.9381663525624,39.85748457254624,0 -111.9381676407466,39.8575791654176,0 -111.9381515788693,39.85768741256383,0 -111.9381008168692,39.85782297036737,0 -111.9380040332788,39.85801295909512,0 -111.9379130321439,39.85819839609285,0 -111.9377633386816,39.85836628774238,0 -111.9375028389273,39.85855309465622,0 -111.9372185913101,39.85871306364422,0 -111.9370150672027,39.85879129131774,0 -111.9367590608215,39.85887895221425,0 -111.9365161581653,39.85898452661156,0 -111.9362473534862,39.85907679426238,0 -111.9360919925528,39.85925824476426,0 -111.9359598207301,39.85951158592514,0 -111.9358239568315,39.85975144179081,0 -111.9355714332187,39.86009585171759,0 -111.9354281860668,39.86030873704288,0 -111.9350756215723,39.86060439836437,0 -111.9350306096884,39.86063016899467,0 -111.934884206755,39.86071405914544,0 -111.9345649850288,39.86088241215492,0 -111.9344024995569,39.86097021518538,0 -111.9341588441125,39.86110732488095,0 -111.9339975668746,39.86128431486116,0 -111.9339595834094,39.86150085590535,0 -111.9339387074605,39.8616857249496,0 -111.933900540739,39.86188875320553,0 -111.9337924159182,39.86210585914184,0 -111.933643497702,39.86233230276238,0 -111.9334639388497,39.86254097362063,0 -111.9331426042861,39.86289944628578,0 -111.9329352910848,39.86313086360273,0 -111.9327855140791,39.86329424472243,0 -111.93264138568,39.86344316476369,0 -111.932456291409,39.86358880925125,0 -111.9321725728995,39.86379020667705,0 -111.9319061927734,39.86397704847091,0 -111.9316395674072,39.86414587130972,0 -111.9313034681335,39.86436480559176,0 -111.9310184515585,39.86447070665253,0 -111.9307568756225,39.86458092389668,0 -111.9306049480501,39.86458574634526,0 -111.9305581979261,39.86458702263238,0 -111.9303067298336,39.86458003028881,0 -111.9301019022707,39.86456365299144,0 -111.9298447110116,39.86456571532308,0 -111.9296135286749,39.86467568625912,0 -111.9293850628437,39.864727070691,0 -111.9291575222772,39.86476042783595,0 -111.9288022358873,39.86485787696896,0 -111.9285571584098,39.8648913733311,0 -111.9282466907662,39.86484430466307,0 -111.9280951377913,39.86487705153526,0 -111.9280090360679,39.86499486788542,0 -111.9279560219914,39.86506926232147,0 -111.9279057630479,39.86513985060028,0 -111.9278438304973,39.86531603724841,0 -111.9278226949352,39.86548288757147,0 -111.9277967327252,39.86572545919316,0 -111.9277874809761,39.86590663010445,0 -111.9277713885561,39.8660139753519,0 -111.9277414252498,39.86639352770371,0 -111.9277274690236,39.86665942849773,0 -111.9276909192696,39.86698407336268,0 -111.9276587101751,39.8671969621386,0 -111.927585436394,39.86739936803047,0 -111.9275067098391,39.86754415398808,0 -111.927390632233,39.86769374394373,0 -111.9272634981625,39.86780377881392,0 -111.9271191056586,39.86793467437396,0 -111.9269861136741,39.86804385528461,0 -111.9268409441275,39.86811709360946,0 -111.9266137548023,39.86817747243834,0 -111.9263737051954,39.86823795394587,0 -111.9262411533854,39.86829307128522,0 -111.926096588405,39.86841135267977,0 -111.9260573041793,39.86853329841701,0 -111.9260298938851,39.86866866449534,0 -111.9260071593219,39.86880399307513,0 -111.9259872472653,39.86897533783181,0 -111.9259798137063,39.86920514750513,0 -111.9258835682067,39.86952576351453,0 -111.925856398661,39.86967914670059,0 -111.9257824026344,39.86982839899184,0 -111.9256671838177,39.86995545592215,0 -111.9255685937153,39.87001480584109,0 -111.9254468019257,39.87008785659785,0 -111.9252909037997,39.87023325670182,0 -111.9252155144861,39.87027890760049,0 -111.92517243937,39.87055404992145,0 -111.9252966539159,39.87066117623561,0 -111.9254082076062,39.87069632513575,0 -111.9255428426094,39.87070876558482,0 -111.9256898959231,39.8707751658576,0 -111.9258074773089,39.87082378102863,0 -111.9259611035955,39.87094418707614,0 -111.9260576653021,39.87116866073593,0 -111.9261478974791,39.87135714606455,0 -111.9262265593553,39.87155473289131,0 -111.926311248927,39.87176578667222,0 -111.9263548360829,39.87196365430209,0 -111.9263925177141,39.87215706346745,0 -111.9264649111462,39.87232316635211,0 -111.9265424231788,39.87243516971263,0 -111.9265969760694,39.8725788909005,0 -111.9266275394503,39.8726777539815,0 -111.9266073246615,39.87282657712818,0 -111.9265487868443,39.87290813312902,0 -111.9264735170067,39.87296279307235,0 -111.9263746807658,39.87300412633787,0 -111.9262176265081,39.87306394449772,0 -111.9260775656806,39.87308308229916,0 -111.9258907358644,39.87310259376451,0 -111.925709509739,39.87310404018151,0 -111.9255284659716,39.87311900004763,0 -111.9253887671651,39.87316516333762,0 -111.9250105926002,39.87330332692333,0 -111.9248932178268,39.87335742122404,0 -111.9247724186756,39.8734178485261,0 -111.9246853943825,39.87346809644594,0 -111.9244410095061,39.87355563793604,0 -111.924190719105,39.87363872013805,0 -111.9239276869999,39.87373091430808,0 -111.9237772209864,39.87375914192695,0 -111.9235494064337,39.87377447117922,0 -111.9233453262692,39.87381573915017,0 -111.9231634847978,39.87385863136752,0 -111.9229663710682,39.87389623916439,0 -111.9228381796806,39.87392879350465,0 -111.9226112095443,39.87400718238972,0 -111.9224249196156,39.8740672278718,0 -111.9222041559396,39.8741725962042,0 -111.9220066559345,39.8742687689595,0 -111.9218327205359,39.87437826932862,0 -111.9216938607559,39.87448749031082,0 -111.9217585933553,39.8749554848004,0 -111.9219065566623,39.87508945594513,0 -111.9219368730066,39.87517030261434,0 -111.9220082100199,39.87534542663825,0 -111.9220778501157,39.87565571085142,0 -111.9220935841079,39.87595741341486,0 -111.9220860544292,39.87626831117822,0 -111.9219667689392,39.87652964232172,0 -111.9218185774601,39.87681552920971,0 -111.9217793417434,39.87694197825569,0 -111.9217877212284,39.87713111711333,0 -111.9217031619124,39.87736604364442,0 -111.9216632389845,39.87752853671859,0 -111.9215857547997,39.8777679118345,0 -111.9215765335933,39.87795268603127,0 -111.9215794764742,39.8781725013929,0 -111.9215182526943,39.87840363831838,0 -111.9212749323215,39.87857225193316,0 -111.9210949575492,39.87866828478114,0 -111.9209980383132,39.87885375488265,0 -111.9210426998542,39.87913270326495,0 -111.9210205195515,39.87935415966614,0 -111.9210169020359,39.87938968670829,0 -111.9209377020689,39.8795885312289,0 -111.9209698878072,39.87980901485098,0 -111.9210600571021,39.87999299974897,0 -111.9210681338549,39.88015961652864,0 -111.9208369209754,39.88035966794302,0 -111.9206102284186,39.88046057476873,0 -111.9202679873633,39.88066601120144,0 -111.9200256183064,39.88090669339942,0 -111.9197658893066,39.88116102724368,0 -111.9193596891014,39.88139399740017,0 -111.9190285916473,39.88155879780733,0 -111.918626610829,39.88167009950251,0 -111.918083585528,39.8817284583542,0 -111.9177625671713,39.88177244443,0 -111.9177050489419,39.88184407641335,0 -111.9176888298595,39.88194331285732,0 -111.9177207658662,39.88214578001498,0 -111.9177297355443,39.88237996349911,0 -111.9175514271469,39.88260211390978,0 -111.9171978807938,39.88283826386893,0 -111.9169543654866,39.8829942560294,0 -111.9166054742033,39.88314117079479,0 -111.916131177208,39.88332069923457,0 -111.9160585672819,39.88334821221371,0 -111.9156806774829,39.88351337257532,0 -111.9153423045732,39.88366020006335,0 -111.9152629348246,39.88375993363555,0 -111.9152593047325,39.88392664328116,0 -111.9153084758163,39.88410645090525,0 -111.9152877238349,39.88430482955816,0 -111.9151798658137,39.88454894485216,0 -111.9150125788465,39.88472145105374,0 -111.9148221422945,39.88491215868801,0 -111.9146957825717,39.88508434069114,0 -111.9144714588722,39.88536541297537,0 -111.9143566245345,39.88552489069971,0 -111.9142706413887,39.88565530922125,0 -111.9142199925764,39.88580436958666,0 -111.9142158477497,39.8860206367835,0 -111.9141728130577,39.88621468664103,0 -111.9141114266827,39.88643590993593,0 -111.9139558860862,39.88661282629742,0 -111.9137024381069,39.88690313635574,0 -111.9135593679232,39.88713851742289,0 -111.9134114064127,39.88744601527156,0 -111.9132857554607,39.88767224910641,0 -111.913142802058,39.88791663846071,0 -111.91305394071,39.88818312648264,0 -111.9130508684718,39.88848047356245,0 -111.9130255162178,39.88877349074293,0 -111.9128824990347,39.88901337526021,0 -111.9127078800182,39.88916341121649,0 -111.9124363130196,39.88932321922364,0 -111.9121581460986,39.88951461227936,0 -111.9119035464791,39.88971933439267,0 -111.9116552692026,39.8899600454657,0 -111.9114770290771,39.8901902948738,0 -111.9114195809164,39.89026823025135,0 -111.9112588220064,39.89049383651373,0 -111.9111462738811,39.8907388857594,0 -111.9110544669574,39.8909603467194,0 -111.9109285635788,39.89116856036569,0 -111.9107897127819,39.89128227328852,0 -111.9106160145386,39.89141427852158,0 -111.9104889181972,39.89153240355986,0 -111.9103679663324,39.89167300451206,0 -111.9102930198883,39.89175468077222,0 -111.910032201232,39.89193241807404,0 -111.9098292017408,39.89206014810258,0 -111.9096963741479,39.89218732650533,0 -111.9096396841653,39.89232291814452,0 -111.9095893776111,39.89249900257393,0 -111.9095270174624,39.8926481535112,0 -111.9094961585357,39.89296824225607,0 -111.9094757928299,39.89319724991527,0 -111.9094673244117,39.8934414810388,0 -111.9094892136603,39.89377016546274,0 -111.90952298762,39.89385639426565,0 -111.9095860529462,39.89401717484363,0 -111.9096713165414,39.89427328440274,0 -111.9096150415804,39.89444040613273,0 -111.9094753104346,39.89457664875427,0 -111.9092560271822,39.89462341719938,0 -111.909062592952,39.89467899233464,0 -111.9087362430942,39.89476714288674,0 -111.9084218264565,39.89487321824269,0 -111.9081190645614,39.89506479498242,0 -111.9079705074679,39.89524164841166,0 -111.9078084900182,39.89537355849075,0 -111.9075350042181,39.89547931105096,0 -111.9072667124771,39.89553546924549,0 -111.9069052690343,39.8956238888625,0 -111.9067943369782,39.89563827109056,0 -111.9065143473754,39.89569451875074,0 -111.906158560624,39.89576847670699,0 -111.9059371214149,39.89582967132465,0 -111.905750579958,39.89587617701964,0 -111.9055288793391,39.89591755160982,0 -111.9053076161998,39.89599225848202,0 -111.905098156025,39.89607498130782,0 -111.9048193962159,39.89622491634749,0 -111.9046513564606,39.89634425572348,0 -111.9044443666528,39.89652606527063,0 -111.9043402420299,39.89670256757772,0 -111.9042447178775,39.89691053703815,0 -111.9041302581373,39.89719073243412,0 -111.9040739670066,39.89735785187442,0 -111.9039197972393,39.89764286143079,0 -111.903736326224,39.89792359414744,0 -111.9035349428019,39.8981765354464,0 -111.9033729801494,39.89831384437258,0 -111.9031287767327,39.89842386388414,0 -111.902814097787,39.89851190693307,0 -111.9024864813045,39.89850544733162,0 -111.9022878790666,39.89852501221036,0 -111.9019783968748,39.89856345898298,0 -111.9017216673497,39.89861050451059,0 -111.9015150539361,39.89864364462785,0 -111.9013725937084,39.89866277184441,0 -111.9011313412574,39.89864122150672,0 -111.900938350795,39.89864272114026,0 -111.9006406940256,39.89869098299742,0 -111.9004653653401,39.89870135430612,0 -111.9003660044831,39.89870663058561,0 -111.900119896638,39.89867160148513,0 -111.9000437051288,39.89865957892146,0 -111.8998559734041,39.89861598685898,0 -111.8996437886391,39.89849149643735,0 -111.8993844072873,39.89833583795146,0 -111.8992667369683,39.89828269167215,0 -111.8989619260159,39.89823099675201,0 -111.8986560038476,39.89818381381814,0 -111.8983581180078,39.89812494589,0 -111.8983053419849,39.89811445251005,0 -111.8979698221246,39.89795037073867,0 -111.8976798594256,39.89778142986619,0 -111.8973036395947,39.89763568086516,0 -111.8968996447536,39.89751266902394,0 -111.8965017342018,39.89740762876983,0 -111.8961847663488,39.89741007881268,0 -111.8959576758382,39.89748751597321,0 -111.8958299677442,39.89756148164309,0 -111.8955922474688,39.89772098888572,0 -111.8954062207465,39.89780801767812,0 -111.8951151037124,39.89790937297725,0 -111.8948697738083,39.89793379052136,0 -111.894630292835,39.89795816257104,0 -111.8944017461554,39.89792388704767,0 -111.8942440217544,39.89793861751658,0 -111.8940926134082,39.89798933885103,0 -111.8938017263429,39.89801861092329,0 -111.8937128811646,39.89802289897688,0 -111.8934498427713,39.89803483688366,0 -111.8932802462356,39.89803614356122,0 -111.8930577820487,39.89801983765677,0 -111.8927764853973,39.89797695434998,0 -111.8923493948702,39.89796672696958,0 -111.891951602896,39.89796077799664,0 -111.8916483747753,39.89803068322009,0 -111.8914331599928,39.89812243522525,0 -111.8912708110647,39.89823180032885,0 -111.891143784792,39.89835891352434,0 -111.8910353527473,39.89856697099641,0 -111.8909146371394,39.89882017180456,0 -111.8908842174889,39.89909069867394,0 -111.890898831282,39.89931583069787,0 -111.8909548493248,39.89957668324448,0 -111.8909756031028,39.89982429262943,0 -111.8909717960426,39.89998199246132,0 -111.8909217868308,39.90018509618852,0 -111.8908780334865,39.90041968667403,0 -111.8908341040725,39.90064076350973,0 -111.8906911605512,39.90089413445533,0 -111.8905190909535,39.90115673900166,0 -111.8903638647674,39.90136515598116,0 -111.8901794541143,39.90157830120769,0 -111.8900350373559,39.90171816002304,0 -111.889872631834,39.9018239193321,0 -111.8896512635918,39.90189319143253,0 -111.889441125189,39.90192633754273,0 -111.8890269290795,39.90201060169408,0 -111.8887304598829,39.90215252496332,0 -111.888654836109,39.90218463931415,0 -111.8884922994331,39.90228048678956,0 -111.8883070075327,39.90242606258743,0 -111.8881510743724,39.90258042310877,0 -111.8879422708661,39.90271716846195,0 -111.8877326525878,39.90279085145765,0 -111.8875339748913,39.90280588685317,0 -111.8873643666775,39.90280718517024,0 -111.8871539336272,39.90281780463111,0 -111.8869441401775,39.90287797304569,0 -111.886664917736,39.90299723536885,0 -111.8864037047194,39.90315239812256,0 -111.8861357615247,39.90333013687706,0 -111.8859166660201,39.90339487923393,0 -111.8857053517226,39.90342802737422,0 -111.8854657890026,39.90344787614379,0 -111.885261261477,39.9034629527424,0 -111.8850571965838,39.90351406416499,0 -111.884719481241,39.90363376779576,0 -111.8843770748957,39.90384360440335,0 -111.884139421994,39.9040120968765,0 -111.8838849741898,39.90423928076109,0 -111.8836899957557,39.90454259410566,0 -111.8834646605532,39.90475964427243,0 -111.8831922680028,39.90495632997337,0 -111.8829192259706,39.90510256576133,0 -111.8826579383937,39.90525321563332,0 -111.882433129604,39.90551170470211,0 -111.8822621721206,39.90586438624571,0 -111.8821146085638,39.90621688956578,0 -111.8819721411497,39.90651079013516,0 -111.8818579356326,39.90672789332825,0 -111.881749751523,39.90695846471342,0 -111.8816587090656,39.90715737191118,0 -111.8815625102784,39.90741037628582,0 -111.8814356223462,39.90755099221013,0 -111.8813077525554,39.90761503254091,0 -111.881143980696,39.9076162770186,0 -111.8809089248238,39.90753247041999,0 -111.8807261059854,39.90741673168554,0 -111.8805199040001,39.90730207185919,0 -111.8802842040359,39.90716781429226,0 -111.8800481707966,39.90700743047182,0 -111.8799006216129,39.90690493785504,0 -111.8797645978143,39.9067888431802,0 -111.8794113002945,39.90660682243658,0 -111.8792227528995,39.90650013541396,0 -111.8789350629382,39.90641672367763,0 -111.8788607947221,39.90639998770683,0 -111.8786065463438,39.90634263043672,0 -111.8782841095473,39.90628650935138,0 -111.8778910840341,39.90619938796291,0 -111.8776569561216,39.90618764580307,0 -111.8774192987284,39.90626602743845,0 -111.8772338011138,39.90639807203152,0 -111.8770475093885,39.9064679555549,0 -111.8764875310814,39.90668301780225,0 -111.8756042284423,39.9066806811015,0 -111.8753119310219,39.90678650028132,0 -111.8750450810768,39.90686960216735,0 -111.8748994875255,39.90692025418419,0 -111.8744924096663,39.90710802519607,0 -111.8740791370249,39.9072688118946,0 -111.8735354110379,39.90729092870132,0 -111.872983636146,39.90723201553768,0 -111.8723757129556,39.90717352266462,0 -111.8713905737026,39.90698271503047,0 -111.8705295223331,39.90689007494169,0 -111.869839231716,39.9068862456858,0 -111.8690197525812,39.90684283595233,0 -111.8686972636824,39.90678218383442,0 -111.8683163429676,39.90672647380589,0 -111.8676881196484,39.90654197079308,0 -111.8671114030326,39.90626698252157,0 -111.8667281026807,39.9060220790674,0 -111.8663454850483,39.90583122894773,0 -111.8662099966456,39.90575565764692,0 -111.8659671586681,39.90588811323638,0 -111.8658579226313,39.90613219232331,0 -111.865722709113,39.90654314638125,0 -111.8654479683665,39.9070227150801,0 -111.8651481852848,39.90737182766935,0 -111.8648010969203,39.90768074865179,0 -111.8643437223884,39.90805806449506,0 -111.8638394935278,39.90843122178168,0 -111.8635992238337,39.90859221416277,0 -111.8633174178375,39.90878108516777,0 -111.862921966873,39.90905972710677,0 -111.8624062341869,39.90935638137547,0 -111.8618943867144,39.9095899358114,0 -111.86134597242,39.90970663279995,0 -111.8610247169081,39.9097450581393,0 -111.8609810767516,39.90974493135261,0 -111.8606035175326,39.90974368002294,0 -111.8600354256419,39.90978393410092,0 -111.8596809755836,39.90988116490723,0 -111.8593727115074,39.91002310081339,0 -111.8591285071923,39.91014203717919,0 -111.8589414995097,39.91015693728499,0 -111.8588250778489,39.91020284893906,0 -111.858598419428,39.9103216540728,0 -111.858505449186,39.91037189630761,0 -111.858401512311,39.91048078295216,0 -111.8582236135454,39.91075689743986,0 -111.8579887382346,39.91115506472907,0 -111.8580286683489,39.91154218921535,0 -111.8581146065789,39.91186590499584,0 -111.858224843339,39.91226151848414,0 -111.8583756336443,39.91262529723522,0 -111.858503870846,39.91305681625502,0 -111.8587460081376,39.91370823103185,0 -111.8588069678128,39.9139050929229,0 -111.8589161652221,39.91431062467822,0 -111.8590101442721,39.9147153671851,0 -111.8589387695296,39.91508980075937,0 -111.8588068384554,39.91529980415524,0 -111.8584392523327,39.91537820843656,0 -111.8583815661184,39.9153498043439,0 -111.8581390515344,39.91523086875275,0 -111.8577388008714,39.91503561536492,0 -111.8574856358614,39.91490684642084,0 -111.8569740776464,39.91469889919898,0 -111.8565705005219,39.91461178368614,0 -111.8563175160732,39.91459112787596,0 -111.8559668739734,39.91462074562833,0 -111.8555420930149,39.91480407624001,0 -111.8552396482251,39.91494595853789,0 -111.8548670620795,39.91509286200581,0 -111.8545229956476,39.9151809911199,0 -111.8540848845886,39.91523377221127,0 -111.8534654324198,39.91528788717062,0 -111.852947045212,39.91547189672914,0 -111.8526155111767,39.91562750112676,0 -111.8521963410954,39.9157927580241,0 -111.8518348850762,39.91589452147574,0 -111.8514383857778,39.91600104573338,0 -111.8510243908909,39.91611220193289,0 -111.8507394803171,39.91625394372225,0 -111.8504201939123,39.91645450093204,0 -111.8501649861333,39.91663296375179,0 -111.8496772656128,39.91693295918552,0 -111.8492943479431,39.91719254307172,0 -111.8490274234379,39.91737018752524,0 -111.848807019088,39.91752496703479,0 -111.8485118434654,39.9177839058612,0 -111.8482821855698,39.91804236418213,0 -111.8479277804273,39.91833777384699,0 -111.8476376704046,39.91853360413364,0 -111.8472823211327,39.91865783353499,0 -111.8468739317332,39.91875091449442,0 -111.846489052143,39.91885283201274,0 -111.8461645070005,39.91900836672168,0 -111.8461112404974,39.91905380394677,0 -111.8459722819027,39.91917194472474,0 -111.8459177721313,39.91949669371011,0 -111.8459916980893,39.91979888195032,0 -111.8460187463625,39.92009510596005,0 -111.8459358165904,39.92048763502269,0 -111.8457516601605,39.9207367465221,0 -111.8455034385795,39.92100975041538,0 -111.8452736288686,39.92135289575663,0 -111.8451133676253,39.92164237591473,0 -111.8449943327653,39.92195407990658,0 -111.8447744584214,39.92215389635379,0 -111.8444366352807,39.92227798897917,0 -111.8439990245833,39.92237577730656,0 -111.8434615149381,39.92243825230548,0 -111.8429822852936,39.92248228114854,0 -111.8424639807309,39.9226797578326,0 -111.842202382337,39.92281770588801,0 -111.8416984391407,39.92322320002357,0 -111.8416114157458,39.92329320692136,0 -111.841345683305,39.92357173470895,0 -111.8411138604695,39.92375271075163,0 -111.8408343622453,39.92386285475156,0 -111.8407885634372,39.92384967234007,0 -111.8404879197695,39.92376175485661,0 -111.8402638961073,39.9236237274108,0 -111.8399101736844,39.9234055513844,0 -111.8394927589112,39.92324189393492,0 -111.839093678753,39.92314207107592,0 -111.8387069926507,39.92309891965718,0 -111.8383628094378,39.9231824963993,0 -111.8382407751031,39.92325095188576,0 -111.8379914602724,39.92343745391833,0 -111.8376546064139,39.92364260722077,0 -111.8372423650384,39.9239032638043,0 -111.8370900996995,39.92398788327063,0 -111.8369401600987,39.9240712246969,0 -111.8365199129375,39.92415534518248,0 -111.8362687260177,39.92418869132841,0 -111.8358059364412,39.92414247490508,0 -111.835337460529,39.92410981213901,0 -111.8349269430206,39.9240316810198,0 -111.8347283461725,39.92400157683024,0 -111.8343876609993,39.92394997020786,0 -111.8338086842223,39.92397215465331,0 -111.8337039128124,39.92400750563021,0 -111.8333716475483,39.92411945279589,0 -111.8333133064622,39.92413338675997,0 -111.8330871573861,39.92430169223275,0 -111.8329830498312,39.92440154784664,0 -111.8330564224269,39.92466230349921,0 -111.8330893986827,39.92496929885573,0 -111.8331039828313,39.92520705195851,0 -111.8330155598613,39.92563564999617,0 -111.8330061518053,39.92582492247423,0 -111.832989910265,39.92593315627833,0 -111.8329918209816,39.92609081323086,0 -111.8329178069887,39.92722567217407,0 -111.8328798657444,39.92747461380521,0 -111.832883850671,39.92780344082767,0 -111.8329048972998,39.92809160138637,0 -111.8328325487834,39.92839845254662,0 -111.8327886346408,39.92863752601158,0 -111.8325773374112,39.92906700636215,0 -111.8322534507338,39.92938016793569,0 -111.8320863380398,39.92959309648696,0 -111.8320024021546,39.92990994102959,0 -111.8317803098703,39.9304151793835,0 -111.8318654414132,39.93068035588691,0 -111.831926351681,39.93087813337087,0 -111.8319876976317,39.93111194643539,0 -111.8319845193923,39.93133270792157,0 -111.831998784639,39.93154433400453,0 -111.8319031769433,39.93186396481042,0 -111.8319102385997,39.93196392236291,0 -111.8318442780034,39.9323157754234,0 -111.8317948643745,39.93268102505817,0 -111.8318812239144,39.93295069700829,0 -111.8319381384758,39.93330166881569,0 -111.8320110807786,39.93352638876991,0 -111.8322417771267,39.9342139781067,0 -111.8322633690329,39.93454718319718,0 -111.8323601014193,39.93480326660729,0 -111.8324627402287,39.93506381181669,0 -111.8326360333319,39.93535988850267,0 -111.8327148865492,39.93558907062148,0 -111.8327313939908,39.93598538049823,0 -111.8327297572604,39.93633316761818,0 -111.8327224656352,39.93669721316682,0 -111.8326380769991,39.93697712115688,0 -111.8324751612342,39.93705487382364,0 -111.8323198973188,39.93728123177414,0 -111.8321764444527,39.93751651485999,0 -111.8320798584917,39.93775596561137,0 -111.8319480963007,39.93799026349591,0 -111.8315497446762,39.93834360018208,0 -111.831351671546,39.93849548284192,0 -111.8311252916028,39.93866829060218,0 -111.8307420199969,39.9389143005622,0 -111.8305181041326,39.93927178915046,0 -111.8305648398836,39.93974897010492,0 -111.8306150853523,39.94003241682526,0 -111.8306020507976,39.94040641372442,0 -111.8304937517035,39.94064594734455,0 -111.8303860508875,39.94093502978811,0 -111.8303084687863,39.94129507406745,0 -111.8301472652103,39.9416124698394,0 -111.8301158825658,39.94182442296769,0 -111.8298908662652,39.9420918205086,0 -111.8298567985564,39.94217855806959,0 -111.8297005788336,39.94232743555196,0 -111.8294110230714,39.94258177973759,0 -111.8292331988659,39.94288037286789,0 -111.8291666175337,39.943182674839,0 -111.8290535986912,39.94351684316786,0 -111.8287802512317,39.94414497344364,0 -111.8285702412879,39.94468705789701,0 -111.828316708867,39.94501772439816,0 -111.8281975150052,39.94532580751648,0 -111.8279280940818,39.94579533616783,0 -111.8277507432885,39.94613446753562,0 -111.8276365189069,39.94636953561169,0 -111.8274178195594,39.94667742738594,0 -111.8271174543694,39.94700842516527,0 -111.826862171132,39.94719494579889,0 -111.8263379978755,39.94741041180298,0 -111.8256673462271,39.94761340380999,0 -111.8253055210003,39.94770157232698,0 -111.8251007374549,39.94770753488527,0 -111.8246209957707,39.94772446323159,0 -111.8242753195578,39.94769538732565,0 -111.8239300763328,39.94770234639899,0 -111.8237110491003,39.94749667914085,0 -111.8236560102211,39.94729975750419,0 -111.8236172829509,39.94709641264985,0 -111.8235609846337,39.9466967808517,0 -111.8233575638326,39.94632792634977,0 -111.823305566649,39.94628685079763,0 -111.8232638641585,39.94625507254686,0 -111.8231862254635,39.94619399735613,0 -111.8229735430318,39.94602882761338,0 -111.8227657968425,39.94578703945387,0 -111.8226127562575,39.94561694110038,0 -111.8224455088162,39.94543342784542,0 -111.8223144392263,39.94524064900451,0 -111.8221072904168,39.94504840887475,0 -111.8219294042276,39.94485596090472,0 -111.8217574253597,39.94466797590187,0 -111.8215973671356,39.94449792573048,0 -111.8213128518205,39.94419811581912,0 -111.8211164441668,39.94392471059127,0 -111.8208552338451,39.94361572445369,0 -111.8203717524744,39.94331732117576,0 -111.8198785073148,39.94318115965126,0 -111.8196435619354,39.943110742641,0 -111.81922741738,39.94305962564376,0 -111.8186463412402,39.94291957506889,0 -111.8182583319195,39.94277365350872,0 -111.8179437706531,39.9426619000781,0 -111.8179349572818,39.94265898882924,0 -111.8179257962626,39.94265635100495,0 -111.8176708705546,39.94258859400956,0 -111.8172827049271,39.94242915612144,0 -111.816917841598,39.94226054258831,0 -111.8168603799626,39.94223184591733,0 -111.8166529032679,39.94212816423362,0 -111.8165513415385,39.94210176029788,0 -111.816494395536,39.94208693463882,0 -111.8161539178737,39.94200013566438,0 -111.8156431340065,39.94186407965002,0 -111.8153499984579,39.94182109293207,0 -111.8149685495338,39.94173367789021,0 -111.8147336140359,39.94166325112536,0 -111.8142521484846,39.94153148734715,0 -111.8137881345043,39.94139058993818,0 -111.8134938823499,39.9412530043952,0 -111.8131640389439,39.94107512368341,0 -111.8129420544574,39.9409118018819,0 -111.8126463371507,39.94074899693894,0 -111.8125568128461,39.9407009720275,0 -111.8123503970618,39.94056727239184,0 -111.8122262292283,39.94046002528683,0 -111.8121139245464,39.94036621001847,0 -111.8117716942709,39.94012984919035,0 -111.8115786247568,39.94003569735766,0 -111.8114538307975,39.93997440378997,0 -111.8110762805617,39.939720268248,0 -111.8109995680297,39.93966674633321,0 -111.8108815213165,39.93958197956844,0 -111.8103939067972,39.93942321379136,0 -111.8100576341487,39.93919491441875,0 -111.8097638338468,39.93909425593488,0 -111.80945177888,39.93893425958162,0 -111.8089622060333,39.93870792845069,0 -111.8088953731728,39.93865821049443,0 -111.8086800002868,39.93849816835171,0 -111.8084021594543,39.93826134785964,0 -111.8082652912393,39.93806859289229,0 -111.808110868147,39.93787595998396,0 -111.8080150161096,39.93768742337917,0 -111.8078654834457,39.93741276748517,0 -111.8077112328299,39.93723454824175,0 -111.8075029844824,39.93694318199782,0 -111.8073314350093,39.93678670651128,0 -111.8069371563462,39.93660024635644,0 -111.8067553346378,39.93656547288785,0 -111.8062610528224,39.93633465816109,0 -111.8060070056667,39.93612919987476,0 -111.8059109083892,39.93591903994724,0 -111.8058145263458,39.93568455588427,0 -111.8057536340442,39.93548225998985,0 -111.8056743424491,39.93520801334855,0 -111.8053710604293,39.93479567252026,0 -111.805176907547,39.93470692323898,0 -111.8048476983516,39.93457856806567,0 -111.8046192819276,39.9345621337865,0 -111.8043693050386,39.93447350061113,0 -111.8043078396119,39.93445167292797,0 -111.8038625007081,39.93440070306679,0 -111.8035573331246,39.93432623576757,0 -111.8032574377535,39.93420217737907,0 -111.8028810544293,39.9340426090514,0 -111.8026089448482,39.9337922199943,0 -111.8023192839832,39.93354195194213,0 -111.8021177487458,39.93342171439399,0 -111.8019715847643,39.93333262787529,0 -111.8015356835609,39.93318698137583,0 -111.8011829933022,39.93295066118942,0 -111.8009192910539,39.93281823727141,0 -111.8006653516962,39.9327199830581,0 -111.8001005889619,39.93246259892006,0 -111.7995718289075,39.93228154671007,0 -111.7990670520746,39.9321498805912,0 -111.7986509362654,39.93209418430838,0 -111.7980146909907,39.93213009937848,0 -111.7977675608627,39.93211378092422,0 -111.7974630472528,39.93209425181406,0 -111.797052198266,39.93198805912349,0 -111.7967173746001,39.93187773876608,0 -111.7963231004286,39.93168673750883,0 -111.7959294020772,39.93154528460214,0 -111.7956001201183,39.9314078934939,0 -111.7951655196754,39.93127122401593,0 -111.7947309722331,39.93113905654251,0 -111.7943602680581,39.93096140234677,0 -111.794041080468,39.93068428576196,0 -111.7938618009918,39.93036116248501,0 -111.7937873216716,39.92999227227469,0 -111.7937825866517,39.92958236062685,0 -111.7937114903868,39.92950626444384,0 -111.7936808308862,39.92938484254365,0 -111.7934508747499,39.92923325034166,0 -111.7929323258454,39.92881784388467,0 -111.7928102394084,39.92848081316436,0 -111.7927028449179,39.92830135204849,0 -111.7925829701331,39.92805440289172,0 -111.7925340335097,39.9278700372402,0 -111.792432750258,39.92771305879596,0 -111.7922729606302,39.92755648023044,0 -111.7920528455378,39.92724264209845,0 -111.7915938890726,39.92702053236368,0 -111.791216846385,39.92679786184355,0 -111.7909054597648,39.9266873643438,0 -111.7905113868159,39.92650985635034,0 -111.7900771376143,39.92640019401001,0 -111.789565794995,39.92620095760269,0 -111.7892360018947,39.92611761050221,0 -111.7888616514579,39.92602645606091,0 -111.7885664704454,39.92579781439596,0 -111.788227340256,39.92530818691998,0 -111.7880254331161,39.92504917665489,0 -111.7877701912012,39.92473106475883,0 -111.7875143833476,39.92436340147202,0 -111.7874742223662,39.92431033669647,0 -111.7873005124448,39.92408104654356,0 -111.787133138341,39.92377134596051,0 -111.7870075439828,39.92353343906544,0 -111.7869343986608,39.9232771571068,0 -111.7866766055305,39.92283742778835,0 -111.7865692209214,39.92255434870254,0 -111.7864720061397,39.92223966574364,0 -111.7864696354856,39.92203245727946,0 -111.7863735049704,39.92181236989445,0 -111.786294873637,39.92158765833239,0 -111.7862220427253,39.92135840315388,0 -111.7864044079146,39.9209337067086,0 -111.7865602009377,39.92074344515915,0 -111.7866322485184,39.92049518729322,0 -111.7867491759307,39.92038537546193,0 -111.7868975282083,39.9200564129122,0 -111.7869704866807,39.91978562503802,0 -111.7869490681494,39.91944790360796,0 -111.7869353571632,39.91927230593955,0 -111.7868688917137,39.91908805649826,0 -111.7868080191751,39.91888124429801,0 -111.7867603419897,39.91880498464766,0 -111.7867641813892,39.91862926820595,0 -111.7868353351462,39.91820082059995,0 -111.7869363659713,39.91782713021612,0 -111.7870609308602,39.91746499268615,0 -111.7872560126005,39.917130306498,0 -111.7874689007464,39.91681802315748,0 -111.7877287923413,39.9165234399258,0 -111.78798981761,39.91632795665476,0 -111.7883507535047,39.91617233662371,0 -111.7885483056121,39.91605386615446,0 -111.7887917769018,39.91585850005051,0 -111.7889420120483,39.91569530203878,0 -111.789039443324,39.91551894787185,0 -111.7890725255809,39.91534303214504,0 -111.7889475088395,39.91515467738287,0 -111.7887290008331,39.91497596818094,0 -111.788494423763,39.91482439712856,0 -111.7882750569673,39.9146727223894,0 -111.7881035047991,39.91450720716671,0 -111.7878738684631,39.91437812579588,0 -111.7877590601765,39.91405905895808,0 -111.7876206468592,39.91372213197464,0 -111.7875115356882,39.91338951109626,0 -111.787367327339,39.91305712838327,0 -111.7872708976848,39.91281001399902,0 -111.7872028907262,39.91249062772535,0 -111.7871755729584,39.91214844120958,0 -111.7871288677502,39.91174782327425,0 -111.7871492074048,39.91137828360848,0 -111.7872075179482,39.91085081461612,0 -111.7872619378881,39.91049455845361,0 -111.7873051747011,39.91018342727266,0 -111.7872890409586,39.90979611595221,0 -111.7872188537888,39.90957215806814,0 -111.7872101122828,39.90954437723438,0 -111.7870314364745,39.90926628644996,0 -111.7867899675294,39.90912376878341,0 -111.7865135065092,39.9089904973944,0 -111.7861963077891,39.9088755211641,0 -111.7859263155372,39.90879626326391,0 -111.7855735084976,39.90863647723366,0 -111.7853383187764,39.90863356591574,0 -111.7852336380963,39.90861562392577,0 -111.7849585173625,39.90856856390633,0 -111.7847825266185,39.90852470596497,0 -111.7846470184529,39.9084400301806,0 -111.7845108419406,39.90829679484849,0 -111.7843035511972,39.9080729519617,0 -111.7841201215044,39.90788949170304,0 -111.7838899497725,39.90771085174733,0 -111.7835894471402,39.90762278468587,0 -111.7832274054195,39.90757567712694,0 -111.7829291512704,39.90758219582327,0 -111.7826185919986,39.90763835099027,0 -111.7825140155231,39.90759851254482,0 -111.7823377732509,39.90753212863607,0 -111.7821617348962,39.90748376206403,0 -111.7821305938986,39.90731729093886,0 -111.7820325095477,39.90702513377032,0 -111.7819832495308,39.90670561853839,0 -111.7819330768255,39.90640863305212,0 -111.7819833627185,39.90620106866275,0 -111.7820505189725,39.9059339257652,0 -111.7821901387272,39.90576360019337,0 -111.7823628910445,39.90562638681975,0 -111.7825803183776,39.90561140441476,0 -111.7828002816547,39.90551081231663,0 -111.7829698925635,39.90540605445057,0 -111.783030804628,39.90520742745706,0 -111.7830689264337,39.90495940063115,0 -111.7830835501082,39.90470252268248,0 -111.7830675960287,39.90432872350618,0 -111.7830884782658,39.90410784187389,0 -111.7830102385979,39.90391465996358,0 -111.7827572523526,39.90378572539798,0 -111.7825680914083,39.90361131145055,0 -111.7823135187382,39.90334273472774,0 -111.7821347261489,39.90305112224727,0 -111.7820329928413,39.90284908758233,0 -111.7819303378622,39.90256597066808,0 -111.7819336777984,39.90234520808604,0 -111.7818363094048,39.90201250164191,0 -111.7817464805713,39.90182840630843,0 -111.7815797065422,39.90166735392783,0 -111.7814561100372,39.90149700052076,0 -111.7813018459467,39.90130432948477,0 -111.7810946890523,39.90108948948711,0 -111.7808577799557,39.90082980046762,0 -111.7804862942463,39.90056561100051,0 -111.7802272830005,39.90041959294938,0 -111.7799095210367,39.90025054445387,0 -111.7796209570146,39.90018040580405,0 -111.7792930279185,39.90004295796265,0 -111.7790581292515,39.89995984435053,0 -111.7788326664882,39.89978026162481,0 -111.7785437934456,39.89947586795721,0 -111.7783961041247,39.89934621657968,0 -111.7782080876341,39.89927089518401,0 -111.7778101905571,39.89925554544332,0 -111.7773190232008,39.89926784839202,0 -111.7750273975548,39.89936877976463,0 -111.7748112081002,39.89938824377918,0 -111.7745943583839,39.899349148278,0 -111.7744353754432,39.89925470604198,0 -111.7742995528672,39.89913938680861,0 -111.7740812856093,39.89897416209654,0 -111.7738930211837,39.89887631072145,0 -111.7735526989298,39.89877947366264,0 -111.7732477208909,39.89870492420269,0 -111.7725035583062,39.89858374609577,0 -111.7721113116323,39.89855031925453,0 -111.7715785019727,39.89849980646499,0 -111.7712212958831,39.89846163877119,0 -111.7709461697593,39.89844094363252,0 -111.7706935293655,39.89833900952513,0 -111.7702540941897,39.89826985099119,0 -111.7700376037995,39.89826227904062,0 -111.769716044657,39.89827342366694,0 -111.7695646417007,39.89833299166724,0 -111.7693785017907,39.89842432494022,0 -111.7690799826386,39.89840378071901,0 -111.7688631895162,39.89836917943991,0 -111.7686697400147,39.89832991726668,0 -111.7683993569956,39.89821007687292,0 -111.7682805781555,39.89804868725123,0 -111.7681487333196,39.89786936416123,0 -111.768008888986,39.89781172614603,0 -111.7678204359141,39.89769584693831,0 -111.7675278186935,39.89767976424704,0 -111.7671920392201,39.8975693631132,0 -111.7670156999298,39.89738582855338,0 -111.7668682378827,39.89727418090205,0 -111.7668141467261,39.89714389613319,0 -111.7667196206021,39.89705892785209,0 -111.7663723651509,39.89686300722285,0 -111.7661829589665,39.89675560067705,0 -111.7660192131582,39.89666261939501,0 -111.7656486688833,39.89647586043607,0 -111.7651731600607,39.89631682239279,0 -111.7648956902323,39.8960843970982,0 -111.7646254212993,39.89597355644362,0 -111.7643369596852,39.8958042716124,0 -111.7641424187306,39.89566590111478,0 -111.7638538592001,39.89548760628142,0 -111.7633994544985,39.89512119542763,0 -111.7630746407597,39.89494313695369,0 -111.762990119173,39.8948631447816,0 -111.7629044171999,39.89478207941835,0 -111.7627159299921,39.89466168696633,0 -111.7624083369573,39.8943483659315,0 -111.7622306996015,39.89415131688995,0 -111.7620070783845,39.89402664950012,0 -111.7618650798909,39.89387891997268,0 -111.7616874955357,39.89368637501065,0 -111.7615860856216,39.89350684476733,0 -111.7615663972455,39.89331326285728,0 -111.7615242258345,39.8932018180957,0 -111.7614868577153,39.89289032304364,0 -111.7614764507327,39.8925840571484,0 -111.7614034347681,39.89232775656269,0 -111.7612318035482,39.89214418177504,0 -111.7609548125219,39.89195228809356,0 -111.7607197036491,39.89184571265483,0 -111.760449408665,39.89173035752016,0 -111.7602196519547,39.89157869712756,0 -111.7600432219346,39.89148975467143,0 -111.7598317064144,39.89140104299619,0 -111.759555666704,39.89129473274838,0 -111.7591966657805,39.89108985750276,0 -111.7588440114545,39.89092998882484,0 -111.7585322924576,39.89076985096698,0 -111.7582560093037,39.89064101504434,0 -111.7580790888035,39.89050702396668,0 -111.7577953927519,39.89034219613063,0 -111.7577193521598,39.89023457534665,0 -111.757542621204,39.89011770113841,0 -111.757393811684,39.88988081324358,0 -111.7572506417872,39.88962496780096,0 -111.7571317560476,39.8894500525592,0 -111.7569531565961,39.88916290322809,0 -111.7569397770882,39.88900982346902,0 -111.7569497870154,39.88885659103983,0 -111.7570768977298,39.88871610906855,0 -111.757239836851,39.88864296649136,0 -111.7574200209307,39.88854268171252,0 -111.7576699780568,39.88840590118213,0 -111.7579549200717,39.88825988203683,0 -111.758233318758,39.88805083587036,0 -111.7585112188793,39.88779674332691,0 -111.7587208129031,39.88760616571918,0 -111.7588922357138,39.88734826392619,0 -111.7589487729829,39.8871722021083,0 -111.7589994631177,39.88699617843832,0 -111.7590677440625,39.88682454439606,0 -111.7593091609052,39.88644455090712,0 -111.7595806066312,39.88613643922921,0 -111.7598410021809,39.88588696271277,0 -111.7600550159159,39.88567382934252,0 -111.7603265047611,39.88537022017671,0 -111.7604647995008,39.88518461122838,0 -111.7605910999348,39.88497205193563,0 -111.7607690283448,39.88466905521619,0 -111.7608649459592,39.88435308152131,0 -111.7609153791759,39.88415453412573,0 -111.7610001486977,39.88388818760872,0 -111.7609569774618,39.88368574972229,0 -111.7608083098755,39.88346147902003,0 -111.7606076657669,39.88329611242545,0 -111.7604083421818,39.88314425276992,0 -111.760205734356,39.88290681964644,0 -111.7599227874993,39.8827014478309,0 -111.7596800258787,39.88242823818619,0 -111.7593963370136,39.88215529560445,0 -111.7592887547752,39.88194426827943,0 -111.7591695204892,39.88173692137968,0 -111.7590277887953,39.88150449421125,0 -111.7589137898908,39.8813475680475,0 -111.758694274873,39.88106068878102,0 -111.7585572647242,39.88083183428395,0 -111.7584499358106,39.88064332949543,0 -111.7583662433689,39.88047719436972,0 -111.7583055918159,39.88027937404934,0 -111.7583500835753,39.88007185666958,0 -111.7583467589104,39.87977004881119,0 -111.7583488295271,39.87966074524601,0 -111.7583504222401,39.87957180800829,0 -111.7583538376348,39.8793510444312,0 -111.7583563106968,39.87904469323022,0 -111.7582706356732,39.87869837442544,0 -111.7581688601448,39.87848280314812,0 -111.7580259606409,39.87824948117112,0 -111.7579700171583,39.87794801687488,0 -111.7579686786685,39.87782639258037,0 -111.7579478656017,39.87752920335109,0 -111.7579631737925,39.87732638131722,0 -111.7579535582257,39.87698406951773,0 -111.7578213639451,39.87666057913999,0 -111.7576478480598,39.87630131870353,0 -111.7574109650143,39.87602806494522,0 -111.7572624734978,39.87581730279665,0 -111.7570396940023,39.87565658018599,0 -111.7568848334305,39.87550442302491,0 -111.7566843213742,39.87534805878295,0 -111.7565668971936,39.87530377558941,0 -111.7563204066661,39.87521978952569,0 -111.7560632450514,39.87512235786917,0 -111.7558862877202,39.87508747183274,0 -111.7557632167297,39.87506124404072,0 -111.7555986768106,39.87498573256919,0 -111.7554966847882,39.8748557542789,0 -111.7552398223125,39.87478534766017,0 -111.7550696346853,39.87472789223183,0 -111.7549055403307,39.87469292050784,0 -111.7547181104399,39.874662605737,0 -111.7544661734269,39.87461469097109,0 -111.7543904490417,39.87458725308071,0 -111.7543076800681,39.8745571574962,0 -111.7541303301731,39.87448623213261,0 -111.7537333053603,39.87443024904048,0 -111.7535223432023,39.87438657055955,0 -111.7531997096747,39.87428955757298,0 -111.7530824373093,39.87425878416288,0 -111.7526198372774,39.87419421352443,0 -111.7523321850453,39.87408796139301,0 -111.752132573101,39.87401267222123,0 -111.7519556481091,39.87387326497392,0 -111.7518189308111,39.87366782542766,0 -111.7517351647075,39.8734926764376,0 -111.7516731611899,39.87316872353333,0 -111.7515788722211,39.87299364221152,0 -111.7515162910868,39.87272375141574,0 -111.7514784612336,39.87247172069986,0 -111.7514235346438,39.87226034436711,0 -111.7513969166637,39.87207130997077,0 -111.7513144207779,39.87190516166267,0 -111.7511955817506,39.87173023913409,0 -111.7509952403743,39.87158737865977,0 -111.7508659871779,39.87152965167004,0 -111.7507428748649,39.87149891356215,0 -111.7500382498307,39.87121966179915,0 -111.7492282048031,39.87092306651344,0 -111.7483245319666,39.87061806001536,0 -111.7477552650794,39.87041900953838,0 -111.7475497736616,39.87033924522775,0 -111.7474320710032,39.87026792527102,0 -111.747331857645,39.87019198657546,0 -111.7472600921353,39.87004378649776,0 -111.7472240867604,39.8699368005584,0 -111.747211760078,39.86989994003235,0 -111.7471154876291,39.86964828366045,0 -111.7470012380946,39.86935619895051,0 -111.7468241019987,39.8691951619714,0 -111.7466533978402,39.86908814230365,0 -111.7463418064041,39.86892796997835,0 -111.7461564345536,39.86884834458575,0 -111.7454842566675,39.86855957558936,0 -111.7440914834982,39.86789277819675,0 -111.7430680903872,39.86732270702694,0 -111.7422564697145,39.86687290503645,0 -111.741444661294,39.8665131975645,0 -111.7409345879942,39.86626868504069,0 -111.7405527294382,39.86609543120146,0 -111.7402119382639,39.86593542908997,0 -111.7399939548736,39.86577914714862,0 -111.7398933202056,39.86566266012495,0 -111.7397685783486,39.86547875331016,0 -111.7395556210324,39.86524585458012,0 -111.7393496229648,39.86511652458664,0 -111.7390904832598,39.86493797861704,0 -111.7384598389809,39.86445996679144,0 -111.7381888684636,39.8642679790804,0 -111.7380651470928,39.86417866747097,0 -111.7380000740319,39.8641070025567,0 -111.7379756299747,39.86400804989746,0 -111.7379742303995,39.86387741506872,0 -111.738002396177,39.86377812766107,0 -111.7380248612456,39.86369239058142,0 -111.7380965566867,39.86329099430061,0 -111.7381116313155,39.86306114688841,0 -111.7380985401668,39.8629305867945,0 -111.7380196061012,39.86265628753478,0 -111.7378178238271,39.86237375965403,0 -111.7373300179666,39.8615839920114,0 -111.736954294904,39.86088811334931,0 -111.736900193866,39.8607488042384,0 -111.736834450662,39.86061407347089,0 -111.7367914150717,39.8604161289739,0 -111.7367720006817,39.86024055999773,0 -111.736782871195,39.86016390685503,0 -111.7367550108448,39.85974512403457,0 -111.7367055163676,39.85938053776138,0 -111.7366677359217,39.85923661928944,0 -111.7365663466688,39.85904805583826,0 -111.7364471249593,39.8589083485582,0 -111.7364065166168,39.8588607634356,0 -111.736200523939,39.8587296257639,0 -111.7357355415749,39.85843074501856,0 -111.7356766677878,39.85839147445406,0 -111.7356113144526,39.85829278041815,0 -111.7355320920277,39.85809957006997,0 -111.7354139572796,39.85787507157728,0 -111.7352167941427,39.8574753817758,0 -111.7350266800859,39.85718826956972,0 -111.7347480298713,39.85682062930935,0 -111.7346108113133,39.85656021195675,0 -111.7345858956406,39.8564162110252,0 -111.7345834073073,39.85618287053498,0 -111.7346198627381,39.85598370163147,0 -111.7346331200751,39.8559113578677,0 -111.7346781014163,39.8557443904843,0 -111.7346939063754,39.85558211199306,0 -111.7346566280878,39.85537512053893,0 -111.7346077570414,39.85517721265094,0 -111.7345133450033,39.85498409766245,0 -111.7343218969483,39.85457085461511,0 -111.73414579122,39.8541710283356,0 -111.7340914781796,39.85390107521482,0 -111.7341544734372,39.85377904278474,0 -111.7342350891491,39.85366500837355,0 -111.7342755789139,39.85362510821532,0 -111.7349306879113,39.85312091036193,0 -111.7352148519851,39.85291098055984,0 -111.7354290435865,39.85271681095524,0 -111.735695920481,39.8525304157281,0 -111.7358877314554,39.85243009055405,0 -111.7361792356634,39.85236066640775,0 -111.7362433807646,39.85234674474351,0 -111.7364036087702,39.85231022855037,0 -111.7369547251971,39.85218455407855,0 -111.7371988450705,39.85205686425409,0 -111.7373090225418,39.85197507519508,0 -111.7374651362634,39.85181640978397,0 -111.7375166762045,39.8517169732039,0 -111.7375506819296,39.85161764820185,0 -111.7375738306161,39.8514868573739,0 -111.7376183654947,39.85138836581945,0 -111.7376938033173,39.85133743070307,0 -111.7377694917699,39.85130992005559,0 -111.7378571098494,39.85130485736699,0 -111.7380322013798,39.85128121906826,0 -111.7384647365958,39.85128297145848,0 -111.7388918621572,39.85132530121989,0 -111.739126025104,39.8513598490002,0 -111.7393015613004,39.85137765080704,0 -111.7394593602615,39.85137664530477,0 -111.7396461307889,39.85135202842428,0 -111.7397454377469,39.85134689056741,0 -111.7399327589415,39.85137362603912,0 -111.7401247855116,39.85140303525291,0 -111.7403118066689,39.85140184147795,0 -111.7404298156529,39.85139658362667,0 -111.7406922827176,39.85134535334819,0 -111.7409141279653,39.8513214116194,0 -111.7410133864143,39.85131176830579,0 -111.7411774663958,39.85135126429737,0 -111.7412945483184,39.85136853576942,0 -111.741610292666,39.85138003284062,0 -111.7422882458211,39.85137569635329,0 -111.7429888967084,39.85130814145954,0 -111.7434499731976,39.85124662297314,0 -111.7437835931211,39.85118141482076,0 -111.7439572212959,39.85113074713396,0 -111.7448892575391,39.85084095392246,0 -111.7454364357517,39.8506347164429,0 -111.7456283248796,39.85054338433653,0 -111.7458602950387,39.85037521010191,0 -111.7459531700593,39.85031604802225,0 -111.7460754137015,39.85027021280653,0 -111.7462443616536,39.85021957134381,0 -111.7463549649264,39.85017831538612,0 -111.7464712168056,39.85011900279144,0 -111.7465637504664,39.85002830862265,0 -111.7466953410791,39.84987429322738,0 -111.7467244132566,39.84975247226092,0 -111.7467286955256,39.8496082866997,0 -111.7468035835793,39.84896810155055,0 -111.7468571438314,39.84851726128697,0 -111.7469622763641,39.84797148586246,0 -111.7469533560933,39.8476877312738,0 -111.7469264165162,39.84735904321931,0 -111.7469065897996,39.84714743778736,0 -111.7469097482762,39.84689964506214,0 -111.7469482644423,39.84667865495337,0 -111.7470214052727,39.84641689628771,0 -111.7471463106231,39.84607822083777,0 -111.7475235608216,39.84529643316816,0 -111.7479895744516,39.84461678590416,0 -111.7483294807855,39.84416499905172,0 -111.7485858473911,39.84355517650851,0 -111.7488132361424,39.84296806479099,0 -111.7489844352726,39.84258854289303,0 -111.7491863693619,39.84234847668683,0 -111.7494002824856,39.84213536183988,0 -111.7499377121807,39.84157777969733,0 -111.7500080098433,39.84142145332179,0 -111.7500757940197,39.84127055006698,0 -111.7501187757111,39.84103150904793,0 -111.7500985492441,39.84078386737748,0 -111.7499664636597,39.84046036495525,0 -111.7498233782047,39.84020000210318,0 -111.7496488238668,39.83973261481607,0 -111.7495625586501,39.83932322127892,0 -111.7495357574136,39.839008047147,0 -111.7495562407987,39.83874212198673,0 -111.7495402444985,39.83834578965947,0 -111.7494652279857,39.83789577842771,0 -111.7493490264121,39.8374199042072,0 -111.7492623219192,39.83707718636516,0 -111.7492190150377,39.83674860409893,0 -111.7491972272988,39.83635681360926,0 -111.7491821634498,39.83604606816875,0 -111.7491370527512,39.83565893328969,0 -111.7490637062065,39.83536207945134,0 -111.748938310376,39.83511511611209,0 -111.7487660251826,39.83485494062772,0 -111.7486705809803,39.83467535778247,0 -111.7485289795421,39.83455013251919,0 -111.7484686477893,39.83448294736574,0 -111.7484042718211,39.83436623407928,0 -111.7483917645774,39.83429063160469,0 -111.748384298679,39.8341411143908,0 -111.7484696943266,39.83393333535553,0 -111.7486456455447,39.83356279332041,0 -111.7488054261893,39.83310225638834,0 -111.748908102728,39.83287184017532,0 -111.7490582552294,39.8327086922341,0 -111.7492024168662,39.83253206799507,0 -111.7497166978748,39.83200166482577,0 -111.7502087761228,39.83157952242119,0 -111.7504517192032,39.83135270278662,0 -111.7506023064892,39.83123009495501,0 -111.7507309353564,39.83113015325414,0 -111.7509437390607,39.83092605236104,0 -111.7510885798238,39.83081249117088,0 -111.7513199894343,39.83070737841771,0 -111.7516066130954,39.83062893730861,0 -111.7517574420282,39.83052885124339,0 -111.7519254045285,39.830392613843,0 -111.752035383472,39.83029729641284,0 -111.7521454594337,39.83021098839043,0 -111.752296680032,39.8301469385374,0 -111.7524307652663,39.83011903928713,0 -111.7526874067564,39.83007773123989,0 -111.7528096980093,39.8300399966388,0 -111.7531635390098,39.82980344211309,0 -111.7533955199488,39.82964426187614,0 -111.7535868970369,39.82951237507704,0 -111.7537547553326,39.8293671260112,0 -111.7539507425748,39.82912258463123,0 -111.754140738054,39.82886456644081,0 -111.7543013226908,39.82858871956415,0 -111.7544572666309,39.82842291439797,0 -111.7544803695034,39.82839834723735,0 -111.7547234850603,39.82818953740027,0 -111.7551069659736,39.82799332827425,0 -111.7553107595756,39.82792893279314,0 -111.7555489667378,39.82780574762864,0 -111.7557058727735,39.8277281407236,0 -111.7557923733488,39.82762396356227,0 -111.7559457400224,39.82733014154382,0 -111.7561258486436,39.82713074957761,0 -111.7562762185373,39.82699011497913,0 -111.7564782298818,39.82676354993891,0 -111.7566561394272,39.82647046794764,0 -111.7568352634948,39.82628820017986,0 -111.7570837024681,39.82603340007393,0 -111.7573150285352,39.82581655259388,0 -111.7575689705879,39.82553108241942,0 -111.7579033738423,39.82512435213729,0 -111.7582212175528,39.82480602687391,0 -111.75848074533,39.82449799228702,0 -111.7587568569056,39.82410425534165,0 -111.7589118180887,39.82385096358374,0 -111.7591309908483,39.82359274621474,0 -111.7593674400076,39.82331189069028,0 -111.7595681901173,39.82297270458195,0 -111.7596530422842,39.82271987021772,0 -111.7597274003318,39.82257522497223,0 -111.7599753389435,39.82227717412555,0 -111.7601596400021,39.82203630213608,0 -111.7603484173658,39.82170340960057,0 -111.7603602239236,39.82168269957937,0 -111.7604681017077,39.82139907991355,0 -111.7606631484138,39.82107344393783,0 -111.7608946119232,39.82076558856405,0 -111.7610782194824,39.82046255114994,0 -111.7612323937414,39.82024530109184,0 -111.7614048118854,39.81998738617494,0 -111.7616296566078,39.81971561238603,0 -111.7617571293432,39.81962017112824,0 -111.7618555927832,39.81954293997758,0 -111.7620809306806,39.81931621169694,0 -111.7622599819848,39.81913033159339,0 -111.7623635891781,39.81898999731569,0 -111.7624845212799,39.81883152822492,0 -111.7625876793156,39.81865065187915,0 -111.762673410933,39.81847889929187,0 -111.7627421158826,39.81835230801938,0 -111.7628630461878,39.81819383952812,0 -111.7630997513669,39.81793910324306,0 -111.7632788062643,39.81775412260198,0 -111.7634458183469,39.81753678532335,0 -111.76360144608,39.81734655211074,0 -111.7637681572271,39.81710218667295,0 -111.7638657169619,39.81694387054705,0 -111.7639983747731,39.81678982786884,0 -111.764095584165,39.81659997898539,0 -111.7641759681115,39.81647331042241,0 -111.7642557025762,39.81628808088697,0 -111.7642779700154,39.81618882538844,0 -111.7642302407278,39.81609903998667,0 -111.7641395063925,39.81592394348786,0 -111.7641097712582,39.8157709707876,0 -111.7641142161223,39.8156448023295,0 -111.7640885054405,39.81543323787031,0 -111.7641098754628,39.81525289768678,0 -111.7641490689587,39.81509947084689,0 -111.764217667907,39.8149638700915,0 -111.7643268069259,39.81479646709846,0 -111.7644183811859,39.81462557567695,0 -111.7645148072468,39.81447087021787,0 -111.7645782831031,39.81429475800574,0 -111.7646340002103,39.81405112210854,0 -111.7646967008205,39.8139316878587,0 -111.7647598613681,39.81381152887798,0 -111.7649098854105,39.81364385603916,0 -111.765019319975,39.81350348019721,0 -111.7652035401853,39.81325899690135,0 -111.765359052934,39.81305975248095,0 -111.7655138658951,39.81279744269269,0 -111.7655804607021,39.81248165485914,0 -111.7656538458743,39.81225141721207,0 -111.7657333719297,39.8120481683298,0 -111.7659111952369,39.81175417137091,0 -111.7660433886191,39.81155958453149,0 -111.7661463768732,39.81136519104435,0 -111.7662434730773,39.81116633032202,0 -111.7663174547308,39.81099014822861,0 -111.7663742632911,39.81084561354457,0 -111.7663979455769,39.81076887282185,0 -111.7663782033019,39.81067439832592,0 -111.7663426075588,39.81062507879081,0 -111.7661442155266,39.81064440858594,0 -111.7651117179902,39.81077285649625,0 -111.7646967466346,39.81082559720411,0 -111.7637350480206,39.81094410528218,0 -111.762481131038,39.81112354107553,0 -111.7618567417285,39.81118170253641,0 -111.7611743401161,39.81127628053234,0 -111.7597743840178,39.81145664495036,0 -111.7592086376283,39.81153603191815,0 -111.758664759826,39.8115855398719,0 -111.7583162090042,39.81165539304574,0 -111.7576452312674,39.81172735147016,0 -111.7570442466642,39.8117898389867,0 -111.7565308262416,39.81184724704804,0 -111.7558773683478,39.81191908037416,0 -111.7550554547786,39.81207760128543,0 -111.7546767133767,39.81227179747728,0 -111.7505398852551,39.81227286151531,0 -111.7458384183666,39.81227416637651,0 -111.741133227063,39.81227683544201,0 -111.7364279162835,39.81227940514201,0 -111.7317156570353,39.8122878643122,0 -111.7270033959904,39.81229631175066,0 -111.7222911322506,39.81230474883756,0 -111.7175788667141,39.81231317419279,0 -111.7128635055832,39.81232755387737,0 -111.7081481408591,39.81234183212346,0 -111.7034327743382,39.81235618972087,0 -111.6987175201068,39.81237044449976,0 -111.6939967430331,39.81239337027415,0 -111.6892759623661,39.81241628431023,0 -111.6845551763092,39.81243918660813,0 -111.6798343875573,39.81246207716774,0 -111.6751059056333,39.81249923558261,0 -111.6703774192178,39.81253647264138,0 -111.6656489256157,39.81257360686487,0 -111.6609204266238,39.81261081835206,0 -111.6561793440313,39.81267683044717,0 -111.6514381338781,39.81274273966398,0 -111.6466970315227,39.8128087254112,0 -111.6419558034032,39.81287478768854,0 -111.6363862450484,39.81295547372654,0 -111.6362195482744,39.81295782949161,0 -111.6316885879151,39.81302313052246,0 -111.6314278528022,39.81302680217259,0 -111.6269887137397,39.81309214039951,0 -111.6266363944853,39.81309728732876,0 -111.6222888296828,39.81316123025064,0 -111.6218450403729,39.81316748398067,0 -111.6175866270742,39.81310292141833,0 -111.6172073385983,39.81309719072465,0 -111.6128843166677,39.81303171794671,0 -111.6125696458068,39.81302698227046,0 -111.6081821329237,39.81296050336081,0 -111.6079319619985,39.81295667852028,0 -111.6034798404835,39.81288927904068,0 -111.6032942862751,39.81288645957212,0 -111.5987816515476,39.81293983831701,0 -111.5985855097952,39.81294211196899,0 -111.594083497646,39.81299543339816,0 -111.5938766102461,39.81299793406827,0 -111.5893852889471,39.813059127314,0 -111.5891938229257,39.81306172182584,0 -111.5846870721633,39.81312308200182,0 -111.5845110266222,39.81312550055382,0 -111.5799890727719,39.81297763268183,0 -111.5797705369178,39.81297052536658,0 -111.5752911407542,39.81282406344666,0 -111.5750299510937,39.81281553740939,0 -111.5705931036335,39.81282473691804,0 -111.5704214804985,39.81282513023631,0 -111.5658951392764,39.81283449949154,0 -111.5658128904273,39.81283462990759,0 -111.5611964526737,39.8129137227107,0 -111.5611115277434,39.81291521455817,0 -111.5564977651728,39.81299419755372,0 -111.5564102692641,39.81299569836984,0 -111.5517991091129,39.81305087593773,0 -111.5517553000732,39.81305135412838,0 -111.5471004404766,39.81310709333546,0 -111.5423957522296,39.81299303968267,0 -111.5376910792539,39.81287897549021,0 -111.5330007874076,39.8129156616984,0 -111.5283104892732,39.81295233960661,0 -111.5283680605031,39.81203323448462,0 -111.5221775722509,39.81203594082165,0 -111.5174588056067,39.81203951108868,0 -111.5127186213295,39.81203802819271,0 -111.5079784361541,39.81203662258122,0 -111.503272391451,39.81205487689738,0 -111.4985662272719,39.81207312154817,0 -111.4938601762806,39.81209135446345,0 -111.4891540049151,39.81210948731815,0 -111.4844346148401,39.81212559283324,0 -111.4797152211718,39.81214168592379,0 -111.474995825707,39.812157857675,0 -111.4702764266489,39.81217392798674,0 -111.4656113415295,39.81222328574282,0 -111.4609462501219,39.81227263587303,0 -111.4562811506294,39.81232197837737,0 -111.4516160439504,39.81237131463602,0 -111.4470174826711,39.81237803904291,0 -111.4424189186967,39.81238476137906,0 -111.437925957074,39.81238937151291,0 -111.4334329927563,39.81239398854677,0 -111.4290870736674,39.81239121943053,0 -111.4247412713596,39.81238846756509,0 -111.4203953513724,39.81238573433052,0 -111.4160494313852,39.81238292726191,0 -111.4148821676916,39.81238305215853,0 -111.4113523348007,39.81238336612518,0 -111.4101850702087,39.81238344409929,0 -111.4066553540988,39.81238379463787,0 -111.4054882071861,39.81238391470421,0 -111.4019586078572,39.81238439220949,0 -111.4007913432652,39.81238446535337,0 -111.3971213040197,39.81238347860113,0 -111.3960933025513,39.81238356830586,0 -111.3951289745685,39.81238370286299,0 -111.3913952726171,39.81238464407282,0 -111.3904297759262,39.81238474343807,0 -111.3866942099706,39.8123867107322,0 -111.3857288318573,39.81238722066917,0 -111.3819931491207,39.81238921763474,0 -111.3810278850934,39.81238914794105,0 -111.3772906716276,39.81238919624361,0 -111.3763516941021,39.81238918175285,0 -111.3725881932362,39.81238916450196,0 -111.3716756207901,39.81238920797421,0 -111.3678857148447,39.81238921211446,0 -111.3669995465799,39.81238922522517,0 -111.3631832364533,39.81238924937644,0 -111.3623233546903,39.81238923419563,0 -111.3584854230131,39.81238782031085,0 -111.3576098845131,39.8123875484365,0 -111.3537877254556,39.81238620079523,0 -111.3528962966565,39.81238585163676,0 -111.3490900269998,39.81238457092894,0 -111.3481827096983,39.81238423350107,0 -111.3443922117631,39.81238284169743,0 -111.3434691236384,39.81238287481917,0 -111.3396942815419,39.81238164310391,0 -111.3387853284082,39.81238132775721,0 -111.3349963495241,39.81238016504562,0 -111.3341014163971,39.81237986142952,0 -111.3302984175064,39.81237858624193,0 -111.3294176211669,39.81237829642655,0 -111.3256004854886,39.81237708748243,0 -111.3247337100541,39.81237708334224,0 -111.3209033718361,39.81237584679663,0 -111.3200368290652,39.81237562667494,0 -111.3162062572852,39.81237441566068,0 -111.3153399480763,39.81237416034713,0 -111.3115091454293,39.81237351516285,0 -111.3106427194394,39.81237340544708,0 -111.3068120344716,39.81237296589369,0 -111.3068120479464,39.81305935295374,0 -111.3038992830955,39.81305917975627,0 -111.2992011902793,39.81305859461101,0 -111.2945029806821,39.81305809019929,0 -111.2898043003677,39.8130570358338,0 -111.2851056200533,39.81305588210402,0 -111.2804052949236,39.81305255892049,0 -111.2757048530129,39.81304913637251,0 -111.2710044111023,39.81304570347388,0 -111.2663040859725,39.81304226022467,0 -111.26160481816,39.8130402460273,0 -111.2569055503474,39.81303822147943,0 -111.2522063984174,39.81303609618708,0 -111.2475072473858,39.8130340509382,0 -111.2428099666466,39.81303262326611,0 -111.2381128044851,39.8130312742574,0 -111.2334155237458,39.8130298265744,0 -111.228718243905,39.81302845824477,0 -111.224022961019,39.8130305000437,0 -111.219327678133,39.81303262257606,0 -111.2146342691327,39.81303671376393,0 -111.2099409769133,39.81304079529112,0 -111.205247784407,39.81303928067541,0 -111.2005545910023,39.81303775639923,0 -111.195861398496,39.81303622246259,0 -111.1911682050913,39.81303467886549,0 -111.187087701338,39.81303916682044,0 -111.1823986168275,39.81304510107777,0 -111.1777177249523,39.81305686953659,0 -111.1730369471632,39.81306862902306,0 -111.1683180305004,39.81305989255699,0 -111.1635991147359,39.81305105465545,0 -111.1588800830887,39.81304229472614,0 -111.1541611691209,39.81303352306526,0 -111.1494400318227,39.81302276066632,0 -111.1447188963212,39.81301189545126,0 -111.1400142386168,39.81300289124621,0 -111.1390819059295,39.81300112959878,0 -111.1362705384163,39.81299572528102,0 -111.1353095827092,39.8129938766896,0 -111.130787689046,39.81294184699711,0 -111.1262656857885,39.81288973170131,0 -111.121574356388,39.81288005538957,0 -111.1215438630757,39.81287999742696,0 -111.1168220412613,39.81287007063234,0 -111.1165896596737,39.81286985396238,0 -111.112096242605,39.81285671161831,0 -111.1119116451024,39.81285616925329,0 -111.1073703271679,39.81284280057611,0 -111.1072335128518,39.81284094508024,0 -111.102623892413,39.81277753732576,0 -111.1025555431962,39.81277660647178,0 -111.0978774657429,39.81271226021275,0 -111.0931757230717,39.81259359371491,0 -111.0884739965701,39.81247491666164,0 -111.083768781012,39.81235605171347,0 -111.0790634639443,39.81223726660419,0 -111.079062599765,39.81413389200307,0 -111.0751606595306,39.8141370253791,0 -111.0747025492784,39.8141375014922,0 -111.0704751062974,39.81414068661948,0 -111.0700042615278,39.81414124208468,0 -111.0657896698453,39.81414442859185,0 -111.0653083076003,39.81414325900987,0 -111.0609970814477,39.81413281074335,0 -111.0606123419947,39.8141319316592,0 -111.0562043771674,39.81412090515493,0 -111.0559133382868,39.81411807262651,0 -111.0514162039895,39.81407348012632,0 -111.051214545683,39.81407149701004,0 -111.0466279212171,39.81402603712439,0 -111.0465156434847,39.8140261723683,0 -111.041899028763,39.81403126540606,0 -111.041816660438,39.81403129507695,0 -111.03717025309,39.81403647988699,0 -111.0371265563396,39.81403658407997,0 -111.0324365681239,39.81404060275599,0 -111.0323917035637,39.81404070556896,0 -111.0277465799082,39.81404470216409,0 -111.0276131540374,39.81404482429761,0 -111.0230564668266,39.81403104252963,0 -111.0228098280772,39.81403037045013,0 -111.0183684593961,39.81401593109008,0 -111.0180044018559,39.81401490710017,0 -111.0136808041052,39.81400099146224,0 -111.0132813457562,39.8139998660391,0 -111.0089930338299,39.81398604148083,0 -111.0085584082342,39.81398481324445,0 -111.0043056165925,39.81396901108408,0 -111.0038593075083,39.81396758481142,0 -110.9995950677366,39.8139526017018,0 -110.9991628954399,39.81395124788102,0 -110.9948847560359,39.81392563913442,0 -110.994360986123,39.81392264168291,0 -110.9901744479285,39.81389767464545,0 -110.989559079501,39.81389419762787,0 -110.9854642601953,39.81386960940199,0 -110.9848840599128,39.81386629177801,0 -110.9807893609814,39.81384009717117,0 -110.98020553959,39.81383684578781,0 -110.9761143476814,39.81381616306691,0 -110.9754447695198,39.81381323047272,0 -110.9714394529591,39.81379303145042,0 -110.9706842357065,39.81378968967191,0 -110.9667649130714,39.81376917185225,0 -110.9665042561119,39.81376792498132,0 -110.961788709928,39.81374484372025,0 -110.9617064592823,39.81374427583143,0 -110.9570486388386,39.813711109874,0 -110.9570075130666,39.81371082420439,0 -110.9523085722407,39.81367727250761,0 -110.9476096341098,39.8136456928827,0 -110.9475555402584,39.81364530784939,0 -110.9429057938724,39.81361410082284,0 -110.9428016953007,39.81361341907897,0 -110.9382019599233,39.8135795250825,0 -110.9380504276095,39.81357845278437,0 -110.9334982481449,39.81354484858106,0 -110.933299047629,39.81354347267144,0 -110.9287944222806,39.81351214346424,0 -110.928559587394,39.81351055778629,0 -110.9240788006382,39.81347996068117,0 -110.9238203652125,39.81347825976822,0 -110.9193630658082,39.81344776684259,0 -110.9190718014503,39.81344585202081,0 -110.9146473354697,39.81341565165192,0 -110.9143232412815,39.81341352085108,0 -110.9099317273021,39.81338325491544,0 -110.9095723499844,39.81338090261509,0 -110.9052177585598,39.81335111830384,0 -110.9048226309888,39.81334854174362,0 -110.9005040287695,39.8133189699467,0 -110.9000683593314,39.81331616291621,0 -110.8957900690104,39.8132869009277,0 -110.8953137427209,39.81328376889295,0 -110.8910811479017,39.81324860784279,0 -110.8906326289619,39.81324512251205,0 -110.8863801750867,39.8132107625649,0 -110.8859499997449,39.81320745732963,0 -110.881679567886,39.81316804221389,0 -110.8812838591051,39.81316448442601,0 -110.8769787325133,39.81312477050302,0 -110.8766176061758,39.813121593609,0 -110.8722756621321,39.81309346939619,0 -110.8718975944666,39.81309107016391,0 -110.8675782035264,39.81306243462652,0 -110.8671765353219,39.81305990290745,0 -110.8628806110719,39.81304193108038,0 -110.8624837317861,39.81304038058315,0 -110.8581831371949,39.81302249983495,0 -110.8577908141642,39.81302093829676,0 -110.857790842012,39.8132907906124,0 -110.8577908752496,39.81616627002922,0 -110.8577908285373,39.81664254264478,0 -110.8577908887244,39.81978769277498,0 -110.857790842012,39.82026396513253,0 -110.8577909021991,39.82340911303873,0 -110.8577908545884,39.82388538513377,0 -110.8577909147755,39.82703053078622,0 -110.8577908671648,39.82750689298913,0 -110.8577904494482,39.83065672114633,0 -110.8577904135156,39.83112722691752,0 -110.8577899832226,39.83428299947378,0 -110.8577899598664,39.83474755837079,0 -110.857789400216,39.83790909532604,0 -110.8577893885378,39.83836779695407,0 -110.8577889321937,39.84153545910003,0 -110.8577889339903,39.84198812404902,0 -110.857787423024,39.84515668341252,0 -110.857787308938,39.8456085368481,0 -110.8577857952767,39.84877799605899,0 -110.8577858006666,39.84922894840525,0 -110.8577841675294,39.8523993059592,0 -110.8577841738176,39.85284935730689,0 -110.8577826556648,39.85602061376845,0 -110.8577826637496,39.85646976351879,0 -110.8577819630637,39.85964101957426,0 -110.8577819711485,39.86009016907543,0 -110.8577813872436,39.8632614233155,0 -110.8577813953284,39.86371057187371,0 -110.8577806937442,39.8668818242685,0 -110.8577807018291,39.86733088293608,0 -110.8577803038754,39.87007163574314,0 -110.8576579820798,39.89971332363758,0 -110.8916659978641,39.89966024940998,0 -110.8918042683493,39.89966010813228,0 -110.9596014622299,39.89965948582116,0 -110.96114267661,39.89966037276959,0 -110.9611568313639,39.89966037759368,0 -110.9658530035821,39.8996622155823,0 -110.965867158336,39.89966221971727,0 -110.9700258065359,39.89966354979522,0 -110.9704820294276,39.89966357667244,0 -110.9705760812412,39.89966351051313,0 -110.9747419833371,39.89966196955232,0 -110.9752781041868,39.8996619047713,0 -110.9794580442556,39.89966028800291,0 -110.9799801271324,39.89966028938125,0 -110.9841735194726,39.89965805443664,0 -110.9846813308144,39.89965803238353,0 -110.9888888770102,39.89965571887465,0 -110.9893825344965,39.89965576504836,0 -110.9937677728453,39.8996578855925,0 -110.9940817484102,39.89965790213235,0 -110.9986465518995,39.89966029834032,0 -110.9987804943016,39.89966020943871,0 -111.003476667418,39.89966106468577,0 -111.0036565837998,39.8996610591725,0 -111.0083070173969,39.89966190063637,0 -111.0085327891806,39.89966197437647,0 -111.0130064666692,39.89966516311773,0 -111.0131452051766,39.89966514726706,0 -111.0177056823795,39.8996685958214,0 -111.0177573876106,39.89966876811127,0 -111.0222981000806,39.89968546299842,0 -111.022370978603,39.89968571936567,0 -111.0268906372577,39.89970241907284,0 -111.0269846890713,39.89970311788021,0 -111.0314237571669,39.89973488673215,0 -111.0317858123624,39.89973749106336,0 -111.0359572319107,39.89976744741246,0 -111.0365874054724,39.89976670932371,0 -111.0406732964225,39.89976228492579,0 -111.0413905023621,39.89976149101512,0 -111.0453894759186,39.89975711141221,0 -111.0461936010486,39.89975949727931,0 -111.0500598134875,39.89977095729671,0 -111.0508827726957,39.89977330181384,0 -111.0547301519547,39.89978470462879,0 -111.0555721779048,39.89978565566734,0 -111.0594350072883,39.89980500447407,0 -111.0602640489893,39.89980592794595,0 -111.064139865317,39.899825473157,0 -111.064955814971,39.89983673192928,0 -111.0689402241418,39.89988831123797,0 -111.0696102990718,39.89989737158845,0 -111.0737404751687,39.89995077091436,0 -111.0743118171641,39.89995806494822,0 -111.0783627941924,39.9000025203588,0 -111.0790153232282,39.90001081710927,0 -111.0829829024622,39.90005778101204,0 -111.0831021071037,39.90005886712127,0 -111.0830593257366,39.9146189721188,0 -111.0830612660976,39.92368331883846,0 -111.0830681462944,39.92453475135888,0 -111.0830511322029,39.924980754656,0 -111.0830285431668,39.92565651465566,0 -111.0830118497739,39.92636831007892,0 -111.0830119854195,39.92648093400757,0 -111.0830425209526,39.92753957720518,0 -111.0830020940699,39.92798109219727,0 -111.0829616779669,39.92843161683074,0 -111.0829677963923,39.92884624859064,0 -111.0829746774874,39.92931133557078,0 -111.082987173053,39.93016150156161,0 -111.0829872709694,39.93024259050407,0 -111.0830099148027,39.93058044605709,0 -111.0830057565013,39.93101292515568,0 -111.0830006118497,39.93159857246412,0 -111.0829598130644,39.93173375064541,0 -111.0829367092936,39.93198514328756,0 -111.0829019364073,39.93226537639062,0 -111.0827911426917,39.93258891155265,0 -111.0825457948213,39.93294587867945,0 -111.0823588015118,39.93316765508569,0 -111.0822360952372,39.93332001005403,0 -111.0821601929856,39.9334642221482,0 -111.0821193915054,39.93359939940021,0 -111.0821194777437,39.93367147867145,0 -111.0821431061306,39.93385616483991,0 -111.0822311545031,39.93408134998898,0 -111.082295811644,39.93432006677743,0 -111.0823487179227,39.93451914799198,0 -111.0823548498228,39.93475250020587,0 -111.0823785922958,39.93503179071603,0 -111.0824375720841,39.93541466946821,0 -111.0824966282292,39.93586061772429,0 -111.0825322113959,39.93625252327377,0 -111.0825617587822,39.93649126417355,0 -111.0825620291751,39.93671651159757,0 -111.0825213938832,39.93699134248192,0 -111.0824632612063,39.93731574038723,0 -111.0824226259144,39.93759057162018,0 -111.0823703071339,39.93788343043843,0 -111.0823647465623,39.93812670121637,0 -111.0824236140612,39.93841407513366,0 -111.0824706821888,39.93862217073917,0 -111.0825177386383,39.93882035506427,0 -111.0825941870657,39.93912663673508,0 -111.082688052928,39.9393157782391,0 -111.0827525214227,39.93939231603147,0 -111.0828520772141,39.93944630445099,0 -111.0829750431017,39.93950027560891,0 -111.0830605151061,39.9395227394723,0 -111.0832712176509,39.93953610276414,0 -111.0839349352036,39.93958067368333,0 -111.0844792028747,39.9395757738591,0 -111.084818620525,39.93955750592816,0 -111.0852809717237,39.93956617670442,0 -111.0858135891438,39.93960542763974,0 -111.0864633378939,39.93970945959066,0 -111.0870019318056,39.93984420505542,0 -111.0874644797353,39.94000603549841,0 -111.0878334654332,39.94022649899505,0 -111.088038480744,39.94036599650594,0 -111.0882141876203,39.94046947699011,0 -111.0883898783269,39.94055944201511,0 -111.0886474756246,39.94062772033535,0 -111.08878796944,39.94065374189653,0 -111.0889109011917,39.94067617232135,0 -111.0893673783067,39.94066230646681,0 -111.0900462216922,39.94062664244567,0 -111.0904090458456,39.94060293437769,0 -111.0908128673119,39.94060261893126,0 -111.0911172282082,39.94062580630629,0 -111.0914098876497,39.94065170458242,0 -111.0916616225418,39.94071006968171,0 -111.0918958133363,39.94077745868079,0 -111.0921007594768,39.94085838489956,0 -111.0924403936211,39.94099776816834,0 -111.0926336427983,39.94108410902285,0 -111.0929674801141,39.9412631385313,0 -111.0931830021204,39.9413719856979,0 -111.0934476952105,39.94148799970723,0 -111.0937404408902,39.94157335780291,0 -111.0941151344834,39.94166765766447,0 -111.0944254018028,39.941725970242,0 -111.094677162746,39.94179784397585,0 -111.0948704289911,39.94189228953984,0 -111.0950988175673,39.94199121174255,0 -111.0954327096803,39.94220266987709,0 -111.0958370566611,39.94257174152999,0 -111.0963701986973,39.94296322984761,0 -111.0967274281431,39.94311610090121,0 -111.0968913994286,39.94318353780726,0 -111.0971665785529,39.94325538659353,0 -111.09740661738,39.94331014539814,0 -111.0976407641571,39.94333607709428,0 -111.0980212033749,39.94334476598715,0 -111.0987294216701,39.94337119492587,0 -111.0990396162259,39.94337093045745,0 -111.099414184055,39.94336610528636,0 -111.0998414003463,39.94334321292341,0 -111.1002042891783,39.94335641499734,0 -111.1004559953243,39.94338322685972,0 -111.1007381956809,39.94345055606235,0 -111.1010649443908,39.94356289568118,0 -111.1014514175923,39.94369320097809,0 -111.1018846220533,39.94376039557608,0 -111.1024114570179,39.94381849562318,0 -111.103026151709,39.94392066370634,0 -111.1037637386258,39.94401100574087,0 -111.104477900175,39.94409145361234,0 -111.1050176924394,39.94419908483619,0 -111.105648783181,39.94430212494714,0 -111.1056838983254,39.94430119174447,0 -111.1060526055456,39.94428824123219,0 -111.1062691040206,39.94425200402732,0 -111.1065206556564,39.94417518861028,0 -111.1067370409437,39.94406687139092,0 -111.106942841382,39.94392702811463,0 -111.1071342148769,39.94354393114327,0 -111.1072333152224,39.9432897606483,0 -111.1073032760168,39.94311580543929,0 -111.1073850801998,39.94303013521004,0 -111.1074727719412,39.94296698477023,0 -111.1075839159997,39.94293084259825,0 -111.1077828793604,39.94291263754823,0 -111.1082219013111,39.94295727858407,0 -111.1091819281603,39.94307350685312,0 -111.1095214284556,39.94310021620667,0 -111.1098714704808,39.9431314194624,0 -111.1100716178211,39.94312222019915,0 -111.1102483191324,39.94309051761533,0 -111.110633245435,39.94297752706566,0 -111.1111948847271,39.94284184146273,0 -111.1115400390188,39.94274690614778,0 -111.1118735682124,39.94270153561325,0 -111.1123651766415,39.94269205047068,0 -111.1130031987839,39.94274098448064,0 -111.1136413035712,39.94283946949337,0 -111.1145958165612,39.94315387593515,0 -111.1150467160366,39.9432975879577,0 -111.1152340785537,39.94334245119898,0 -111.1155443862973,39.94340971639084,0 -111.116030192508,39.94342725118479,0 -111.116205750264,39.94341265928881,0 -111.116738273361,39.94336797653813,0 -111.1174580736352,39.94331769515092,0 -111.1177272735731,39.94330300612194,0 -111.1179555462665,39.94331268471029,0 -111.1180902127108,39.94334408208813,0 -111.1181897478409,39.94336650543259,0 -111.1183479124163,39.94344833425477,0 -111.118425239396,39.94348943079527,0 -111.1185588889473,39.94360939582979,0 -111.1188168464694,39.94386140877118,0 -111.1189401914461,39.94411355921547,0 -111.1190343591424,39.94441529375115,0 -111.1190698677489,39.94464140559043,0 -111.1191111480312,39.94482065995089,0 -111.1191874679994,39.94495482854722,0 -111.1193281962752,39.94510424819573,0 -111.1194395343698,39.94518071753017,0 -111.1195625469699,39.94523915452336,0 -111.1198143465407,39.94531097360293,0 -111.1201421390929,39.94532865460276,0 -111.120499221215,39.94535981827495,0 -111.1208212726342,39.94544057240889,0 -111.1212018861251,39.94553928356081,0 -111.1218048631916,39.94561073111753,0 -111.1223082691954,39.94564173557227,0 -111.1229404001861,39.94565007706914,0 -111.1235257082892,39.94565846470767,0 -111.1242748403541,39.94563513923261,0 -111.1247430081442,39.94559859695951,0 -111.1253047785903,39.94553852599304,0 -111.1257435337413,39.94542182326559,0 -111.1258839952175,39.94541716628171,0 -111.1258900839985,39.94541842109165,0 -111.126094782204,39.94546198681124,0 -111.1263232022212,39.94554733168488,0 -111.1264110790155,39.94559228573645,0 -111.1265622996138,39.94570924918901,0 -111.1267219149684,39.94593432164478,0 -111.1268509786202,39.94609635875416,0 -111.1271676320629,39.94641676386329,0 -111.1274255123299,39.94660478675954,0 -111.1277711993226,39.94679811890295,0 -111.1280347695185,39.9468969369083,0 -111.1282806725477,39.9469372097774,0 -111.1285078034825,39.94695497781977,0 -111.1287724022494,39.94697720921545,0 -111.1291119555454,39.94701827677753,0 -111.1299373420015,39.94707501804217,0 -111.1301712111992,39.94712710308096,0 -111.1308437780557,39.94727672114586,0 -111.1310733119839,39.94732601618849,0 -111.1312431798108,39.94739339798275,0 -111.1313135798814,39.94747891192788,0 -111.131313744273,39.94756450565273,0 -111.131296312465,39.94763119853511,0 -111.1312555837483,39.94775828410046,0 -111.1309815877052,39.94833522656888,0 -111.1307661195978,39.94891210219169,0 -111.1306674207992,39.94933567745964,0 -111.1306503752666,39.94960599309656,0 -111.130633072816,39.94974116049989,0 -111.1306438570909,39.94987179215875,0 -111.1306287501228,39.9499303732054,0 -111.1305107195793,39.95003862467173,0 -111.1304230826351,39.95012431711429,0 -111.1303179024918,39.95021903904018,0 -111.1301776368484,39.95033181998775,0 -111.1301540309194,39.95035383060686,0 -111.1299556029546,39.95053929606316,0 -111.1298914632433,39.95067001158991,0 -111.1298448757143,39.95079620178038,0 -111.1297456999103,39.95097200575004,0 -111.1293834623568,39.95132830059291,0 -111.1291730867988,39.95151323728778,0 -111.1285591960999,39.95189683916294,0 -111.1283545437085,39.95201419468647,0 -111.1282141954201,39.95208642878489,0 -111.1279276112849,39.95221288355096,0 -111.127582465078,39.95232588777026,0 -111.1273835969387,39.95240719491359,0 -111.1271906325275,39.95251552509553,0 -111.1269041939193,39.95272306616432,0 -111.1265534233605,39.95296221166316,0 -111.1261967796163,39.95319235191916,0 -111.1258634983576,39.95339543625881,0 -111.1256939099067,39.95348571895526,0 -111.1254599966916,39.95361211053607,0 -111.1252553263339,39.95372495543922,0 -111.1246938388571,39.95397783733196,0 -111.1240036075288,39.95425337839079,0 -111.1237638022637,39.95436175316264,0 -111.1235357936749,39.95451966896334,0 -111.1234131260279,39.95466395757443,0 -111.1233547831452,39.95477213819769,0 -111.1233609446897,39.95494331899467,0 -111.1233380151921,39.9552136400146,0 -111.1232391322389,39.95556512976732,0 -111.1230523365587,39.95585814921461,0 -111.1227893116401,39.95607916965628,0 -111.122379857737,39.95625529470179,0 -111.1215785075029,39.95660752277441,0 -111.1208119858508,39.95679753176967,0 -111.1204960591451,39.95690147354057,0 -111.1203440399446,39.95700524507354,0 -111.1202329893108,39.95710446905674,0 -111.1201454646561,39.95726673723541,0 -111.1200989409075,39.95744247775016,0 -111.1201229088576,39.95775779829746,0 -111.1201271533973,39.9577747324194,0 -111.1202231356905,39.95816313845257,0 -111.1203759948158,39.95853688957303,0 -111.12064603917,39.95896908181746,0 -111.1207986728183,39.95921218948619,0 -111.1208810339568,39.95944185495109,0 -111.1208580775097,39.95970316496837,0 -111.1207751001269,39.9597888453024,0 -111.1206242379564,39.95988811069122,0 -111.1201329717854,39.96016342206092,0 -111.1194311629697,39.96056058110428,0 -111.1186007621177,39.96107859970665,0 -111.1182032270617,39.96139975675158,0 -111.1180923291416,39.96159358138203,0 -111.1180504263268,39.96173778208338,0 -111.1180506509057,39.96186842456748,0 -111.1180989272673,39.96202604831005,0 -111.1182752539812,39.96243041093044,0 -111.1185044303799,39.96292662017766,0 -111.1188379263358,39.96348489017741,0 -111.1189920233397,39.96389468067028,0 -111.1191157096762,39.96432252141156,0 -111.119198322343,39.96469634558398,0 -111.1191930546222,39.96503422104872,0 -111.1191000080234,39.96539561118706,0 -111.1190012202915,39.96582278020472,0 -111.1188968126993,39.96638600294807,0 -111.1188041128502,39.96694921416641,0 -111.1187871095385,39.96727358568439,0 -111.1188226046703,39.96748528098665,0 -111.11889321315,39.96768793044986,0 -111.1190106993144,39.96791305588417,0 -111.119163182944,39.96806156203714,0 -111.1194679696418,39.96825405900203,0 -111.1199015990059,39.968466243522,0 -111.1205344935646,39.96878994209715,0 -111.1212376139206,39.96909103903952,0 -111.1220988629195,39.9694144895652,0 -111.1228900864453,39.96986414588907,0 -111.1233824557475,39.97016995742448,0 -111.1236051894289,39.97030486801182,0 -111.1238337217355,39.97040823711501,0 -111.1240504798237,39.97047557964572,0 -111.124355040146,39.97052931221571,0 -111.1244662758327,39.97052378674508,0 -111.1247121644889,39.97051090866549,0 -111.1251746953506,39.9705014005298,0 -111.1256489034127,39.97047385784003,0 -111.1261525600464,39.97054088499776,0 -111.1264394567953,39.97054057244316,0 -111.1270365705579,39.9704858602223,0 -111.1277847683749,39.97044449350793,0 -111.1285516502515,39.97037607214876,0 -111.1290094541782,39.97034402902266,0 -111.1291734030058,39.97034835110041,0 -111.1292963832665,39.97036172902391,0 -111.1294252879165,39.97041113892141,0 -111.1295014875104,39.97045610348054,0 -111.1295601142608,39.97049658209168,0 -111.1296305197212,39.97057308706255,0 -111.1296715915943,39.97061899124319,0 -111.1297656029838,39.97079367716652,0 -111.1298716419165,39.97113593264444,0 -111.1298840171079,39.97148730268797,0 -111.1299549947951,39.97186563684667,0 -111.1300544284156,39.97211942234003,0 -111.1300962018729,39.97222587217375,0 -111.1301124856341,39.97229072424442,0 -111.1301434002563,39.97241412496039,0 -111.1301073975763,39.97257183729116,0 -111.1300560435865,39.97266289461913,0 -111.1300513795335,39.97267335110347,0 -111.1300093985653,39.97276655962065,0 -111.1300153732603,39.97282962196641,0 -111.1300500832645,39.97285436044881,0 -111.1300974577177,39.97288809385236,0 -111.1302263237401,39.97291497881439,0 -111.1302977838227,39.97292841337458,0 -111.1303442743336,39.97292836105448,0 -111.1304078624793,39.97292828945859,0 -111.1305132052177,39.97290114152443,0 -111.13073565054,39.97287296025691,0 -111.1309816496889,39.97291412792441,0 -111.1312453591237,39.97303095722371,0 -111.1314974030362,39.97317032450114,0 -111.1317963327184,39.97333216215372,0 -111.1321302823236,39.97343539519105,0 -111.1323938740791,39.97348915365932,0 -111.1326867437263,39.97354287766448,0 -111.1328917653253,39.97358769215409,0 -111.1330851744026,39.97368207317121,0 -111.1332493145713,39.97378099276896,0 -111.1333725041395,39.97389797960984,0 -111.1334782223737,39.9740636389728,0 -111.1336015457909,39.97424909933015,0 -111.1337893296179,39.9744606140078,0 -111.1340298490436,39.97469008712817,0 -111.1341824853868,39.97489263193523,0 -111.1345290671015,39.9754598497509,0 -111.1348931255401,39.97597839359998,0 -111.1350340011395,39.97615302039225,0 -111.1351398972402,39.97640517225597,0 -111.1351579165465,39.97663490181012,0 -111.1351114449002,39.97682416263609,0 -111.1350123005372,39.97702790096626,0 -111.1347785535104,39.97727053758927,0 -111.1345975070481,39.97751401316952,0 -111.1344984031093,39.97773937401855,0 -111.1343827782541,39.97790168546563,0 -111.1342003465896,39.97803704406523,0 -111.1340365280177,39.97810931193905,0 -111.133837567352,39.97817711566158,0 -111.1337674107249,39.97823485949694,0 -111.1337206812622,39.97829437858498,0 -111.1336973466243,39.97833945498041,0 -111.1337091720467,39.97839800475646,0 -111.133732752823,39.97847906612819,0 -111.1337681509367,39.9786141730193,0 -111.1338269016546,39.978713213514,0 -111.1339738049497,39.97897432872113,0 -111.1340855392013,39.97921746506519,0 -111.1342617329645,39.97948305128395,0 -111.1344553800954,39.97969005274553,0 -111.1346665767136,39.97988712272526,0 -111.1349187248307,39.98006342254585,0 -111.13507719663,39.98024793941586,0 -111.1352180928907,39.9804279718978,0 -111.1353471439661,39.98054044420412,0 -111.1357634645913,39.98081926211215,0 -111.1359687610747,39.98099020767684,0 -111.136097805862,39.98109817456164,0 -111.1362267706991,39.98116559673192,0 -111.1363850242077,39.98123748890593,0 -111.1366428478808,39.98131827432753,0 -111.1368420394136,39.98136308853678,0 -111.1370646832635,39.98142138929759,0 -111.1373284448006,39.98154270920928,0 -111.1377271755142,39.98180352175098,0 -111.1381319375166,39.98214991814981,0 -111.1384957938342,39.98253690679457,0 -111.1387186865175,39.98271593586459,0 -111.1389532141802,39.98285620780814,0 -111.139404544847,39.983058387005,0 -111.1399087207069,39.983328074433,0 -111.1404480368642,39.98359771674437,0 -111.1408467181704,39.98382247865858,0 -111.1412160829573,39.98402925566266,0 -111.141474107853,39.98420012780698,0 -111.1416852757252,39.98436655099621,0 -111.1421078090989,39.98479400067046,0 -111.1423017203344,39.98510910627498,0 -111.1425426511885,39.98550524281364,0 -111.1427380913567,39.98599063188514,0 -111.1428785438497,39.986504919307,0 -111.1429082574244,39.98671210873352,0 -111.1429671222283,39.98685619312521,0 -111.1430024017644,39.98692372317984,0 -111.1430434628578,39.98695520653109,0 -111.1431372218206,39.986982120373,0 -111.1432250779537,39.98698651710934,0 -111.1433351314575,39.98696385615635,0 -111.1434358056514,39.98693670209714,0 -111.1436582752281,39.98690038769018,0 -111.1439859887286,39.98678285321047,0 -111.1443955872605,39.98661566227575,0 -111.1450274505532,39.98631754917619,0 -111.1456181988538,39.98596542530228,0 -111.1460568569868,39.9856981827791,0 -111.1463376164457,39.98553655336821,0 -111.1466009189436,39.98542810274167,0 -111.1469170046511,39.98535562372993,0 -111.1475435319511,39.98530977900492,0 -111.1484336977189,39.98531314753258,0 -111.1487781917489,39.98527126049181,0 -111.1492943466432,39.98520842919415,0 -111.149821392712,39.98519873932746,0 -111.1502722373901,39.98515761141032,0 -111.150570779,39.98509865995297,0 -111.1508224402303,39.98502625423993,0 -111.1513141483724,39.98492650568569,0 -111.1515894047519,39.98493155162249,0 -111.1518752675399,39.98496631564576,0 -111.1521284082954,39.98503355779416,0 -111.1522185730988,39.98507668598527,0 -111.1524098091514,39.98516833510772,0 -111.1528380701833,39.98550563927189,0 -111.1531491603595,39.98582147393712,0 -111.1533019062971,39.98603660624016,0 -111.1534019983827,39.98627523394796,0 -111.1536897485311,39.98662623569837,0 -111.1540946695354,39.98699510134404,0 -111.1545245178904,39.9874042952511,0 -111.1545947122467,39.98747105458348,0 -111.1550866485609,39.98798485801855,0 -111.1553567216612,39.98828181994164,0 -111.1555445297427,39.98845725979366,0 -111.1557439692105,39.98859664447708,0 -111.1559141478545,39.98874507746837,0 -111.1560317103758,39.98893412511551,0 -111.1561026144011,39.98920882946405,0 -111.1562264660277,39.9895870744607,0 -111.156297156254,39.9897671752481,0 -111.1563970794563,39.98992471263313,0 -111.1565497544271,39.99010019781961,0 -111.1567725761434,39.99021702389044,0 -111.157024631734,39.99031128627343,0 -111.1573130717886,39.99043703233757,0 -111.1576520250099,39.99062577798082,0 -111.1577783919193,39.99071804664808,0 -111.1581506897056,39.99098999567929,0 -111.1583443278533,39.99114740291994,0 -111.1585262313085,39.99129581660368,0 -111.158813611351,39.99146660931985,0 -111.1591888340519,39.99163277599015,0 -111.1595581898557,39.99179354376353,0 -111.1599625557011,39.99189750045925,0 -111.1603083199489,39.99198712116369,0 -111.1606305321666,39.99202271366632,0 -111.1606568824488,39.99202042530211,0 -111.1609467391466,39.99199524572047,0 -111.1612626703438,39.99185064980055,0 -111.1616124428744,39.99165194673852,0 -111.1619469000277,39.99141722496923,0 -111.1623501456739,39.99104725861857,0 -111.1627945350584,39.99074120257875,0 -111.1632801607078,39.99053689810628,0 -111.1640174305193,39.99025204744644,0 -111.1646671684896,39.99010246491244,0 -111.1651706265956,39.99001165037428,0 -111.1654751509854,39.99000130528648,0 -111.1654839392038,39.99000255377232,0 -111.1657387912499,39.99003786856792,0 -111.1662195201827,39.99023539598045,0 -111.1667528526618,39.990387796592,0 -111.167069214152,39.99042788555034,0 -111.1673681052066,39.99050854241501,0 -111.1674842160503,39.99056865027233,0 -111.1675850797888,39.99062085153082,0 -111.1677200822029,39.99074228862581,0 -111.1678140109473,39.99083225083744,0 -111.1678786887495,39.99093576989861,0 -111.1679142817976,39.99112041983052,0 -111.1678971194842,39.99128712623271,0 -111.1678273994383,39.99151697712252,0 -111.1677109355567,39.99179194500028,0 -111.1676062063676,39.99207590555192,0 -111.1675376765895,39.99221817960245,0 -111.1674302201152,39.99244105701053,0 -111.1674199191339,39.99254018000773,0 -111.1674026238697,39.99265282783006,0 -111.1674028762963,39.99275643979497,0 -111.1674207994828,39.99290057131282,0 -111.1674856219138,39.99306265404213,0 -111.1675150938416,39.99313919500143,0 -111.1676269152299,39.99335977351438,0 -111.1677916267271,39.9936523536151,0 -111.167973823033,39.9939088695371,0 -111.1681912512644,39.99420137295909,0 -111.1684076751792,39.99456145062416,0 -111.168602806327,39.99483596579632,0 -111.1687617129108,39.99514657312492,0 -111.1689560194051,39.99556074133054,0 -111.1689607391536,39.99557442882298,0 -111.1690504116802,39.99583540251174,0 -111.169181352811,39.9962046134473,0 -111.1692396759308,39.99657843528368,0 -111.1692695521005,39.99681715141394,0 -111.1693112644724,39.99710540388808,0 -111.1693002619068,39.99739373359752,0 -111.1692601620108,39.99775868939867,0 -111.1692608070012,39.99801997267461,0 -111.1692907828839,39.99829923261671,0 -111.1693206267143,39.99852443406774,0 -111.1694029869545,39.99866847014508,0 -111.1694217806086,39.9986888046661,0 -111.1695028302068,39.99877644212278,0 -111.1696084756774,39.99886188010477,0 -111.1697316158383,39.99891575895315,0 -111.1699075733445,39.99901010429677,0 -111.1699709683525,39.99906406973619,0 -111.1700250918483,39.99915859310785,0 -111.1700781436541,39.99929366254459,0 -111.1701135902768,39.99941524249481,0 -111.1701444743563,39.99958638375696,0 -111.1701496073298,39.99976657172233,0 -111.1701263903713,39.99985219908326,0 -111.1700389178188,40.00000999878866,0 -111.1699863124758,40.00005512485426,0 -111.1699513230955,40.00011824528073,0 -111.1698871025358,40.00020393206948,0 -111.1697819565285,40.00032121361431,0 -111.1696534686968,40.0004745681978,0 -111.1693953315117,40.00078578365854,0 -111.1691628879403,40.00106542728116,0 -111.1691437116039,40.00108023120727,0 -111.1691044228867,40.00111056159504,0 -111.1689933947108,40.00121884074927,0 -111.1688708393532,40.00140372024212,0 -111.1688174255264,40.00159750849716,0 -111.1687370882923,40.00180034581735,0 -111.1686310996651,40.00205277461529,0 -111.1685214261487,40.0022367338888,0 -111.1683404695179,40.00249467707786,0 -111.1682062360616,40.00269669080298,0 -111.1680719514014,40.0028779825631,0 -111.1679786245282,40.00304029415201,0 -111.1679614038242,40.00318447621804,0 -111.1679910239741,40.00331957966616,0 -111.1680557143526,40.00342309837887,0 -111.1681026656993,40.00345906957747,0 -111.168178961413,40.00351752282082,0 -111.1682610593451,40.00355344304928,0 -111.1685776040917,40.00364308079906,0 -111.1687652882057,40.0037374106655,0 -111.1689295415621,40.003831774119,0 -111.1690645394847,40.00393969458126,0 -111.169216039459,40.0040881348261,0 -111.1693466527047,40.0043176935386,0 -111.169400489638,40.00476900557882,0 -111.1693957088041,40.00520508636327,0 -111.1693325734093,40.00573225124437,0 -111.1693155449447,40.00595301615085,0 -111.1693103652588,40.00622782200333,0 -111.1693695031506,40.00645298010245,0 -111.1695048073987,40.0066825322393,0 -111.1698218821513,40.00697939084585,0 -111.1702737194678,40.00728506103952,0 -111.170567221529,40.00752338813397,0 -111.1707492291887,40.00768529647774,0 -111.1708608834903,40.00782478366177,0 -111.1709551428148,40.00803637466623,0 -111.1709970941386,40.00841472387187,0 -111.1711037466207,40.00889658965048,0 -111.1712457190631,40.00944597701456,0 -111.1713873133148,40.0098430987408,0 -111.1714193445429,40.00995450223754,0 -111.1714996009287,40.01023395693572,0 -111.1715881316966,40.01049510990718,0 -111.1716646969049,40.01065717220425,0 -111.1717822279851,40.01080115447705,0 -111.1719726097399,40.01098061723791,0 -111.1720112507718,40.01101704956834,0 -111.172246258135,40.01128248944651,0 -111.1722990745821,40.01131844962357,0 -111.172439962758,40.01143086281079,0 -111.1726569885441,40.01153415180546,0 -111.1728563148242,40.01158791332065,0 -111.1730321636344,40.01162459095446,0 -111.1734540789671,40.01166360374884,0 -111.1737471543286,40.01172172796856,0 -111.1740462367243,40.01183840627837,0 -111.1744274440016,40.01199550470053,0 -111.1746609592631,40.01213029967609,0 -111.1748851482153,40.01228312753949,0 -111.1750731754857,40.01249907848933,0 -111.1752603520516,40.01284026571312,0 -111.1753621841739,40.01325546250978,0 -111.1754157767654,40.01359324785923,0 -111.1755456381212,40.0139714616866,0 -111.1757870935915,40.01445762403691,0 -111.1760330559095,40.01487169987519,0 -111.1763634221351,40.01529916227751,0 -111.1767747966363,40.01578506267743,0 -111.176784431966,40.01579531923641,0 -111.1768159224083,40.01582914839515,0 -111.1769568644831,40.01595597095567,0 -111.1770977571506,40.01606387293858,0 -111.1773324869343,40.01620767043319,0 -111.177848588828,40.01640599519951,0 -111.1783647248576,40.01661603090712,0 -111.1789747743603,40.01688988845127,0 -111.179536500789,40.01705570017731,0 -111.1802121183243,40.01730602377654,0 -111.1809101883518,40.01762568441535,0 -111.1814439340559,40.01784108390802,0 -111.1819953082992,40.01807447375449,0 -111.1823354607714,40.01819647156464,0 -111.1827225762684,40.01835173086985,0 -111.1830228785763,40.01846928531771,0 -111.1833034143547,40.01864453203849,0 -111.18369069604,40.01886015327781,0 -111.1840016065531,40.01899931148365,0 -111.1845236534973,40.0192147155838,0 -111.1848051738292,40.01931787928583,0 -111.1851733986541,40.01941639914443,0 -111.1853406029763,40.01945298176135,0 -111.1855615094844,40.01950137100657,0 -111.1858840217394,40.01959545675037,0 -111.1859476278514,40.01962932186263,0 -111.1860952596801,40.01970774004081,0 -111.1862771775083,40.01981105984993,0 -111.1864317353479,40.01993703777705,0 -111.186440192088,40.01994396197803,0 -111.1864592175074,40.01995942843209,0 -111.1866295533566,40.02011231994125,0 -111.1868939571891,40.0203821871381,0 -111.187146631719,40.02064756720255,0 -111.1875578804561,40.0210478364192,0 -111.1877663623655,40.02126373349343,0 -111.1878575593331,40.02135818829159,0 -111.1880279131487,40.02151558262488,0 -111.1881455340604,40.02167306258649,0 -111.1883278336726,40.02191242636883,0 -111.1885218607908,40.02215447291125,0 -111.1889272057998,40.0225322230981,0 -111.1892561544838,40.02282810746821,0 -111.1894664994992,40.02303588905361,0 -111.1896265514351,40.02327889056363,0 -111.1897031992883,40.02344995067557,0 -111.1897688526609,40.0238823115977,0 -111.1898295069089,40.02420205906071,0 -111.1899345415252,40.02446677351175,0 -111.1900818598419,40.02476475515341,0 -111.1902244646983,40.0250528332186,0 -111.1902942970335,40.02530048665363,0 -111.1903234743139,40.02555199138406,0 -111.1903303185781,40.02561126424752,0 -111.1903602558332,40.02584096382007,0 -111.1904017373381,40.02600757650809,0 -111.1905430135862,40.02623799358607,0 -111.1906548484492,40.02641710414201,0 -111.1907901383243,40.02660158107751,0 -111.1909727343805,40.02693914628015,0 -111.1910672964372,40.02722730252364,0 -111.1911973446425,40.02763252639394,0 -111.1912568247924,40.02794777000714,0 -111.1912284182665,40.02826766281538,0 -111.1911940882496,40.02856504110916,0 -111.191142190779,40.02886695384511,0 -111.1911486900901,40.02909579088947,0 -111.1912092068959,40.02936237932415,0 -111.1912964360049,40.0295415291384,0 -111.1914023096477,40.02968190644064,0 -111.1917015546385,40.02981745888238,0 -111.1921708031018,40.0299743528949,0 -111.1927644008584,40.03017068003982,0 -111.1930921314269,40.03030663252325,0 -111.1934027311229,40.03043540434707,0 -111.1938486629148,40.03063287335609,0 -111.1941600046192,40.03089813994937,0 -111.1942891841537,40.03098802036165,0 -111.1944887880132,40.0311138222,0 -111.1947762578873,40.03122596134838,0 -111.1951842951472,40.03128383779345,0 -111.1955674751249,40.03125616278482,0 -111.1956001450552,40.0312455660083,0 -111.1958883183101,40.03115200876752,0 -111.1961178181023,40.03107503788149,0 -111.1964340493368,40.03099791902373,0 -111.1966918451621,40.03097946229275,0 -111.1969321903147,40.03100608364765,0 -111.197172665723,40.03107775277079,0 -111.197458941736,40.03118087721231,0 -111.1977300470006,40.03130655144573,0 -111.1979238109124,40.03143686212661,0 -111.1980766457833,40.03159877633113,0 -111.198206145118,40.03179676884893,0 -111.1982234888912,40.03183638227819,0 -111.1983359319136,40.03209386900753,0 -111.1985187750065,40.03249899380982,0 -111.1987423827487,40.03281395149797,0 -111.1989777772858,40.03315141304933,0 -111.199213214942,40.03350238843172,0 -111.1995780558132,40.03401531587106,0 -111.1998314094694,40.03447888143569,0 -111.2000083416477,40.03486149007627,0 -111.2001839227599,40.03518193371018,0 -111.2003971792151,40.03555907321989,0 -111.2006443928863,40.03592353954052,0 -111.2008627284161,40.03643221134475,0 -111.2009629938766,40.03664827156834,0 -111.2010514330163,40.0368283128638,0 -111.2011574818306,40.03701733329093,0 -111.2012402597874,40.03726495704333,0 -111.201211578377,40.03747673600152,0 -111.2010891110543,40.0376841724133,0 -111.2006975632697,40.03806776445777,0 -111.2001594643297,40.03844259982431,0 -111.1998144519717,40.03870898184934,0 -111.1995805432482,40.03888957960186,0 -111.1993355286528,40.03928192478091,0 -111.1991262005303,40.03985440279529,0 -111.1989401297906,40.0403637722216,0 -111.1987720451194,40.04101276144641,0 -111.198696832774,40.04135075530849,0 -111.1986494906602,40.04159860403,0 -111.1986746300134,40.04177875535854,0 -111.1987100981958,40.0418823065154,0 -111.1987747795912,40.04195427368595,0 -111.1989274042563,40.04203509937476,0 -111.199079911242,40.04207538082775,0 -111.1992440487158,40.04208410874782,0 -111.199496077357,40.0420836747933,0 -111.1998113536823,40.04206511240183,0 -111.1998480372853,40.04206252655459,0 -111.1999243338973,40.04205707908196,0 -111.2000703631316,40.04204664628688,0 -111.2003634196284,40.04204613943321,0 -111.2006155794236,40.04209075217216,0 -111.2007798372716,40.0421400207774,0 -111.2007831251056,40.04214199729775,0 -111.2010381900524,40.04229724337074,0 -111.2014493588394,40.0425983553324,0 -111.2016608519017,40.04276466712937,0 -111.2017845606961,40.04297618074106,0 -111.201871544565,40.04329524382745,0 -111.2018852905855,40.04334540352522,0 -111.2019449800429,40.0437101934027,0 -111.2019862612235,40.04379571405472,0 -111.2020864611069,40.04398474336391,0 -111.2022571041799,40.04420968885867,0 -111.2023984819377,40.04444819989565,0 -111.202447589241,40.04452379610425,0 -111.202550397832,40.04468218710256,0 -111.2028457585075,40.04506007867267,0 -111.2031929447884,40.04551896644341,0 -111.2034876371174,40.04574819736256,0 -111.2035454472992,40.04579314464603,0 -111.2037148066797,40.04597754579281,0 -111.203839566503,40.04614400682621,0 -111.2039398553196,40.04636006309632,0 -111.2039462674941,40.04654475153527,0 -111.2039175232017,40.04673400634501,0 -111.2038189914897,40.04710808301433,0 -111.2038110854169,40.04748461330281,0 -111.2038035934674,40.04784240189969,0 -111.2037996768128,40.04849561368818,0 -111.2037598257502,40.04889211135986,0 -111.203742843998,40.0490948596852,0 -111.2037958940071,40.04919387359529,0 -111.2038605610295,40.0492568275476,0 -111.2039192192209,40.04927023883822,0 -111.2039305667396,40.04926211078364,0 -111.2039952607114,40.04921604697567,0 -111.2040244487716,40.04917545204582,0 -111.204053529034,40.04909881782386,0 -111.2041348804661,40.04885991734037,0 -111.2042632066011,40.04864796262698,0 -111.2043142623502,40.04858921933929,0 -111.2044746727139,40.04840432739034,0 -111.2045156736201,40.04835470160197,0 -111.2045903164337,40.0482644727408,0 -111.2049234324023,40.04793052431049,0 -111.2053798151942,40.04765491953932,0 -111.2058526470372,40.04739279889468,0 -111.2064978044979,40.04713036916409,0 -111.2069368632795,40.0469448866705,0 -111.2074636784813,40.04670518643248,0 -111.2083359066895,40.04632971843408,0 -111.2087220124801,40.04608215717159,0 -111.2089361259281,40.04598392545412,0 -111.2091083302731,40.04590486973817,0 -111.209471409548,40.04579609757697,0 -111.2100045381096,40.04570954033687,0 -111.2105318869106,40.045650020179,0 -111.2108013320885,40.04559096691046,0 -111.2108071891041,40.04558924424762,0 -111.2109711612879,40.04554110457159,0 -111.2110648052664,40.04549588548412,0 -111.2114272251778,40.0451753795994,0 -111.2118131009997,40.04485933398695,0 -111.2121229847384,40.04461099991207,0 -111.2127960312954,40.0442854159953,0 -111.2132185718556,40.04407741511641,0 -111.2135861130625,40.04390104881059,0 -111.213902030785,40.04371126210204,0 -111.2142047001537,40.04340887728709,0 -111.2146265822488,40.04299364872838,0 -111.2148830180247,40.04252917273488,0 -111.21501074678,40.042141517266,0 -111.2150861378902,40.04188550169574,0 -111.2151441951087,40.04178394426764,0 -111.2152260361227,40.04164107822281,0 -111.2153894693173,40.04142544164377,0 -111.2157402785037,40.04115359655226,0 -111.2162960526953,40.04082821001093,0 -111.2168812152713,40.04053069605673,0 -111.217349273467,40.04030808981709,0 -111.2176607076979,40.04015442996819,0 -111.2180529759313,40.04002305136864,0 -111.2185029097178,40.03996364041216,0 -111.2188074907014,40.03990450243948,0 -111.2192058324445,40.03984068154128,0 -111.2195513388758,40.03974992972634,0 -111.2201014976985,40.03951012853825,0 -111.2208213716346,40.03919341842786,0 -111.221435962121,40.03894447774649,0 -111.2216365361611,40.03884048196284,0 -111.2218981956404,40.03870483534921,0 -111.2220640785408,40.03860288803786,0 -111.2221637493165,40.03854161063657,0 -111.22241292401,40.03838850802094,0 -111.2225040464175,40.0383303102297,0 -111.2227240743733,40.03818969625458,0 -111.223085668733,40.03800430154215,0 -111.2235011808744,40.0378188010972,0 -111.223940324996,40.03769181697091,0 -111.2244734014553,40.03761420283487,0 -111.2250473243105,40.03748244863215,0 -111.2256219864792,40.03722004884281,0 -111.2259133289905,40.0370618103895,0 -111.2264110109292,40.0369166833557,0 -111.2268326810219,40.03682576120689,0 -111.2272369929684,40.03680244483548,0 -111.227729423356,40.03684202234397,0 -111.2282395424699,40.03691309659724,0 -111.2283673924977,40.03693897283696,0 -111.2286031301912,40.03697995264267,0 -111.2288551839852,40.03699296950146,0 -111.2292125805176,40.0369607292839,0 -111.2296359672908,40.03682339318662,0 -111.2297687427814,40.03678033413204,0 -111.2303658304928,40.03657102351949,0 -111.2308105414743,40.03636291450893,0 -111.2311451396631,40.03614105879231,0 -111.231147829219,40.03613934139296,0 -111.2312958895442,40.03604120058104,0 -111.231834030705,40.03573469490679,0 -111.231867227048,40.03574219662279,0 -111.2325495711681,40.03589543654728,0 -111.232901421502,40.0359577982153,0 -111.2330779997442,40.03600870818369,0 -111.233335535058,40.03608306060416,0 -111.2335468852882,40.03619075193296,0 -111.2337524252151,40.0363128700364,0 -111.2339827128297,40.0364736790923,0 -111.2341461927367,40.03663552425355,0 -111.2344457494429,40.03682862786619,0 -111.2347520623784,40.03694062969174,0 -111.2350618464041,40.03703910828283,0 -111.2353901842337,40.03707898552413,0 -111.235689125594,40.03709189300771,0 -111.2357840029593,40.03710656600813,0 -111.2359764544325,40.03713635630218,0 -111.236393123604,40.0372976826851,0 -111.2367219150829,40.03746819594108,0 -111.2370626478668,40.03770175248732,0 -111.2373018943798,40.0378735288498,0 -111.2374741625052,40.0379971501481,0 -111.2376208133736,40.0381024436555,0 -111.2379834731353,40.03843749181687,0 -111.2380382721642,40.03848810419661,0 -111.2380841113966,40.03852404866087,0 -111.2381678523473,40.03867253748138,0 -111.2382205924377,40.03880505210852,0 -111.2382269776627,40.0388210761849,0 -111.2382391228854,40.03894268270124,0 -111.2381928318004,40.03911396281735,0 -111.2382169183281,40.0392986124271,0 -111.2382749971062,40.03948319276165,0 -111.2384942623924,40.03983862586321,0 -111.2388123234951,40.04028845681379,0 -111.2390715593198,40.04067534085887,0 -111.2392897385428,40.04105329865323,0 -111.239496356448,40.04147632896143,0 -111.2397736564947,40.04199831979884,0 -111.2399036400214,40.04229447047165,0 -111.2401395735476,40.04271833966087,0 -111.240381653347,40.04322238266922,0 -111.2405583798111,40.04347518917363,0 -111.2406819852993,40.04362269203975,0 -111.2408232893952,40.04380259250838,0 -111.2410701437403,40.04399578792059,0 -111.2413933719526,40.04423837778715,0 -111.2416460446858,40.04441804556341,0 -111.2418574335435,40.04452572097795,0 -111.2421626370596,40.04464220977742,0 -111.2424618200667,40.04471366238697,0 -111.2427725185774,40.04472652647573,0 -111.2429835588888,40.04473509382274,0 -111.2432358049222,40.04479312728913,0 -111.2435588040641,40.04496813858913,0 -111.2438172817107,40.04512976965886,0 -111.2441934512359,40.04542089277117,0 -111.2442355651548,40.04546197819762,0 -111.2445122525505,40.04573195691693,0 -111.2445612017503,40.04578293867198,0 -111.2447111090116,40.04593876029988,0 -111.2449638769663,40.04614094456855,0 -111.2452633600107,40.04629347619201,0 -111.2455511577698,40.04645594309041,0 -111.2457510275306,40.0466167928673,0 -111.2459100643702,40.04683268878558,0 -111.2460221786093,40.04703967450159,0 -111.246064278155,40.047336905614,0 -111.2460600767345,40.0474074607387,0 -111.2460421760058,40.04771085588231,0 -111.2460145357428,40.04817491492,0 -111.2460046102572,40.04867497455127,0 -111.2460355868632,40.04913890943669,0 -111.2460417564925,40.04922448860557,0 -111.2460423880082,40.04940017686818,0 -111.2460372226953,40.04959389622204,0 -111.2459675619383,40.04978324846414,0 -111.2458976739075,40.04990953273969,0 -111.2458452733804,40.05000875038463,0 -111.2458221013376,40.05008538220832,0 -111.2458227490229,40.05026557506169,0 -111.2458349741956,40.0504051993715,0 -111.2459178491705,40.05063026670956,0 -111.246018391312,40.05087782039411,0 -111.2461003706665,40.05117947138126,0 -111.2461083764523,40.05144974582959,0 -111.2461502370463,40.05167940445114,0 -111.2462568050867,40.05197199311461,0 -111.2464518077754,40.05240404464694,0 -111.2465465899193,40.05267863935823,0 -111.2466531453833,40.05296672328983,0 -111.2467770931296,40.05320071151215,0 -111.2468119989666,40.05325685783921,0 -111.2468832281821,40.05337166976226,0 -111.2469600530035,40.05354269015605,0 -111.2470897346963,40.05374062721037,0 -111.2472837698993,40.05390238806549,0 -111.2476774943018,40.05416733379295,0 -111.2480945398674,40.05439618907823,0 -111.2485020426298,40.05461163885879,0 -111.2487053843792,40.05471922872453,0 -111.2488275795123,40.05479104413649,0 -111.2490520900614,40.05494823136466,0 -111.2491579699924,40.05504711025434,0 -111.2492064017626,40.05514611276735,0 -111.24923498346,40.0552676826014,0 -111.2492296762133,40.05541995795835,0 -111.2491962121723,40.05553535412632,0 -111.2491602014075,40.05565976506796,0 -111.2490436117617,40.05584020996736,0 -111.2489387954361,40.05603414410847,0 -111.2487226760501,40.05625084079801,0 -111.2485064901887,40.05644951807408,0 -111.2482902216824,40.05662567108068,0 -111.2480622589077,40.05681085838847,0 -111.2478988634423,40.05701843124592,0 -111.2477822360673,40.05718986465799,0 -111.247724068356,40.05731612489664,0 -111.2476951803331,40.05743331309974,0 -111.2476956249992,40.05755611441518,0 -111.2476956860846,40.05757296191716,0 -111.2477257158663,40.05777111141264,0 -111.2477499811587,40.0579963022528,0 -111.2477097438206,40.05821712564033,0 -111.2476165310334,40.05837949948744,0 -111.2474823281198,40.05855547492774,0 -111.2471961266669,40.05884980246523,0 -111.2468575911622,40.05926406949848,0 -111.2465653224879,40.05950344848819,0 -111.2463032776313,40.05967068504538,0 -111.2459217801981,40.05987871878505,0 -111.2458026016077,40.0599305074501,0 -111.2454944704821,40.0600643235294,0 -111.2450026204062,40.06023654888992,0 -111.2445400976293,40.06041321532497,0 -111.2442416000368,40.06055349538383,0 -111.2440660566539,40.06064846711334,0 -111.2438964232872,40.06075694055824,0 -111.2436334998783,40.06100976522347,0 -111.2434354015952,40.06135705504417,0 -111.2432957369247,40.06165016318146,0 -111.2431618214721,40.06191172572671,0 -111.2429516722894,40.06216894281331,0 -111.2426590901031,40.06232722543193,0 -111.2422614211982,40.06261186261169,0 -111.2421210154176,40.06269774868355,0 -111.241928018667,40.062833297368,0 -111.2417411097991,40.0630328010939,0 -111.2416420256232,40.06319878665413,0 -111.2415898487766,40.06336557482211,0 -111.2415729433813,40.06355931841869,0 -111.2415852583855,40.06372597164026,0 -111.2416334224577,40.0640826547224,0 -111.2416406512009,40.06446915553727,0 -111.2415778445894,40.06494680017303,0 -111.2414210355717,40.06537058212551,0 -111.2413048546594,40.0656771539317,0 -111.2410714085682,40.0659839691026,0 -111.2408727757876,40.06618710038175,0 -111.2406506403841,40.06637676538526,0 -111.2404168089157,40.06657546401001,0 -111.2400600708483,40.06683748475402,0 -111.2394689883745,40.06715404649254,0 -111.2389529502613,40.067470451392,0 -111.23859956291,40.06778850061485,0 -111.238591730499,40.06779554438886,0 -111.23829372159,40.06808897268245,0 -111.2379249263349,40.06826091446037,0 -111.2373978964359,40.0684557035095,0 -111.2367188679974,40.06878144213741,0 -111.2362744319005,40.06912471680538,0 -111.2360756814405,40.06930081091988,0 -111.2359239784469,40.06951735267607,0 -111.2358833377652,40.06963456114068,0 -111.2358779092459,40.0697607075754,0 -111.2358958414156,40.06985977739068,0 -111.2360076367527,40.06997217109771,0 -111.2362602501971,40.0701113061314,0 -111.2365656675122,40.07025934255293,0 -111.2367889653357,40.07039853680723,0 -111.2368889577083,40.07048842907843,0 -111.2371067210112,40.07072223545779,0 -111.2373718165465,40.07107757441177,0 -111.2377136560549,40.07158051473139,0 -111.2379556675823,40.07204041249261,0 -111.2381323787751,40.07226979618017,0 -111.2383207204559,40.07247122591426,0 -111.238508912118,40.07262940898043,0 -111.2386910024227,40.07271913057784,0 -111.2389317149863,40.07280422644065,0 -111.2392603375818,40.07287562546583,0 -111.2396185174451,40.07291470771496,0 -111.2396650941943,40.07291983719836,0 -111.2398762845243,40.07294642911594,0 -111.2401991228678,40.07304036207393,0 -111.2404047193885,40.07314354677747,0 -111.2405635163779,40.0732783618328,0 -111.2406578448727,40.07342232122274,0 -111.2407054690575,40.0736249395117,0 -111.2407300496586,40.07394473212399,0 -111.2407279116682,40.07397023410704,0 -111.240707530691,40.07421056434271,0 -111.240679178064,40.07448541831301,0 -111.2405572093063,40.0748190297086,0 -111.2402597798107,40.07528364515654,0 -111.2399682738061,40.07576626693086,0 -111.2396240663387,40.07627152071722,0 -111.2392971460506,40.07669114645212,0 -111.2390460929798,40.07700700320478,0 -111.2387847506058,40.07739946234848,0 -111.2386321636699,40.07770160080884,0 -111.2385453801253,40.07803964230845,0 -111.238470307917,40.07837315449665,0 -111.2384005501419,40.07854898687389,0 -111.238278327161,40.07881502313524,0 -111.2381443748774,40.07908108378917,0 -111.2380346169194,40.07955882185664,0 -111.237989176539,40.07998236924467,0 -111.2379899760396,40.08021211452929,0 -111.2380202860956,40.08049585629552,0 -111.2381503549622,40.08079741327842,0 -111.2382105861037,40.08088252035432,0 -111.2384627099663,40.08123824412536,0 -111.2388687906955,40.08164734722428,0 -111.2390512672759,40.08184067866416,0 -111.2391514213452,40.08197111200346,0 -111.2392222535053,40.0821016055772,0 -111.2393052713123,40.082362714317,0 -111.2393521220477,40.08257821862119,0 -111.2393708384466,40.08266440255661,0 -111.2394951158746,40.08298398845127,0 -111.2396780721552,40.08331246318936,0 -111.2399081055466,40.08368588749948,0 -111.2401895620982,40.08400514762906,0 -111.240502562991,40.08428830244244,0 -111.2408083225642,40.08451290871146,0 -111.2412490054999,40.08474624288155,0 -111.2414900818811,40.08492142855331,0 -111.2416960503044,40.08511921190097,0 -111.2418962668149,40.0853485398501,0 -111.2421730143978,40.08565879493005,0 -111.2422732600953,40.08581174943557,0 -111.2423441659173,40.08596026031719,0 -111.2423918197465,40.0861673828479,0 -111.2424043799908,40.08640160755761,0 -111.242358579386,40.08671704126427,0 -111.2422427488167,40.08713172781616,0 -111.242134131719,40.08759595204324,0 -111.2420988378098,40.08789784938705,0 -111.2420242515901,40.08836650670209,0 -111.2419901775931,40.08868191618415,0 -111.2419809033861,40.08884537062504,0 -111.2419680889185,40.08906937700806,0 -111.2419409005082,40.08967308031573,0 -111.2418900432866,40.09021827085841,0 -111.2417864612462,40.09078158969707,0 -111.2417933306632,40.09106537950164,0 -111.2418235823287,40.09132659611753,0 -111.2418127603245,40.09158339355772,0 -111.2417664746294,40.09176368351289,0 -111.2416556539644,40.09193960225888,0 -111.241480217481,40.09208862755656,0 -111.2411346993716,40.0922425111659,0 -111.2411257916772,40.09224469239874,0 -111.24081823727,40.09231975177996,0 -111.2404960196624,40.09242853695044,0 -111.2401975795621,40.09262736847994,0 -111.2399696814661,40.09287110122573,0 -111.2396662099019,40.09330869685722,0 -111.2394326317583,40.0936064985472,0 -111.2391344979836,40.09389542303065,0 -111.2387192553367,40.09424315059463,0 -111.2385965185195,40.09436953869149,0 -111.2384854184784,40.0944688736967,0 -111.2383448321364,40.09452322060553,0 -111.2380974666499,40.09453670338758,0 -111.2380867928677,40.0945372655137,0 -111.2378417135935,40.0945338948185,0 -111.2377993616212,40.09453335124659,0 -111.2374886568223,40.09458354194697,0 -111.2373189605735,40.09470101513043,0 -111.2371904332159,40.09484993748741,0 -111.2370869940076,40.09512944769024,0 -111.2370105204275,40.09540439863387,0 -111.2368473746938,40.09572006961677,0 -111.2364853374646,40.09619381591977,0 -111.236215844676,40.09662980143855,0 -111.2361703459052,40.09670350293812,0 -111.2359478287177,40.09715443868464,0 -111.2357890146603,40.09743622287635,0 -111.2355816906793,40.0978038779373,0 -111.2353145999857,40.0982253506617,0 -111.2352958135182,40.09825494038772,0 -111.2351034195372,40.09859859833453,0 -111.2350516765768,40.09890413000837,0 -111.2350347918427,40.09911138631274,0 -111.2350532387471,40.09935821273545,0 -111.2349955893637,40.09965204374546,0 -111.2349267577517,40.10010626921629,0 -111.2348227508081,40.10056687238947,0 -111.2346833727002,40.1009770927261,0 -111.2345797744901,40.10121605781762,0 -111.2345263310189,40.10136932985883,0 -111.2345150167378,40.10149098279382,0 -111.2345449351284,40.10166210569439,0 -111.2346576629168,40.10203127226113,0 -111.2347407660637,40.10231490727713,0 -111.2347940271769,40.10244994353931,0 -111.2348354008839,40.10253995634236,0 -111.2349002673323,40.10263802956043,0 -111.2350061742127,40.1027288116812,0 -111.2351471674915,40.10278708846047,0 -111.2353527523342,40.1028632527703,0 -111.2355596361407,40.10297545251643,0 -111.2356612562606,40.10304786362168,0 -111.2357172419641,40.1030877523955,0 -111.2358996439842,40.10324504942052,0 -111.2360174382707,40.10337995397343,0 -111.2360411834387,40.10346099194705,0 -111.2360356444266,40.10355560495258,0 -111.2360241450927,40.10362320021576,0 -111.2359832672557,40.10367734124049,0 -111.2358486978295,40.10378122639263,0 -111.2357551616488,40.10387601759918,0 -111.2356323116438,40.10397627455781,0 -111.2354858341502,40.10402972957588,0 -111.235344466274,40.10406776672792,0 -111.2352162272756,40.10410235393399,0 -111.2347825134699,40.10422035898878,0 -111.2344836340934,40.10431106066907,0 -111.2342611384655,40.10443674503185,0 -111.2338922641587,40.10464561289522,0 -111.2333478042482,40.10497556203229,0 -111.2327741302262,40.10534160636228,0 -111.2323525823044,40.10559021790169,0 -111.2320245445121,40.10573502897236,0 -111.2317023107349,40.10586180934747,0 -111.2313919158548,40.10602009828548,0 -111.2310816108062,40.10620541513148,0 -111.230724385852,40.10639532938539,0 -111.2303378416835,40.10658980528079,0 -111.2301622066724,40.10669827013622,0 -111.2300627461025,40.10677955425129,0 -111.2299750193268,40.10686081490882,0 -111.2298815163838,40.1069691164965,0 -111.2297764467333,40.10712699336502,0 -111.2296014881536,40.10743727146539,0 -111.2294091597496,40.10781695721358,0 -111.2292116866939,40.10841198365406,0 -111.2291767880434,40.10850214865236,0 -111.2291187541811,40.10869146562867,0 -111.229101758056,40.10887169170716,0 -111.2291198582106,40.10902031441337,0 -111.2292025077084,40.10917331466442,0 -111.2292217568083,40.1092099459894,0 -111.229273364123,40.10930831876288,0 -111.229291297191,40.10940738943237,0 -111.2292864588649,40.1097137258739,0 -111.229182154579,40.11010134589065,0 -111.2291005309573,40.11025467073966,0 -111.2288613751741,40.11066958624131,0 -111.2287270860223,40.11086445938702,0 -111.2285866658687,40.11098096048318,0 -111.228450094996,40.11105519880849,0 -111.2283654108142,40.11110131492254,0 -111.2283289841294,40.11112111782806,0 -111.2281065181459,40.11126571032925,0 -111.2279719370417,40.11137409078177,0 -111.2278433872262,40.11153201170126,0 -111.2277266322904,40.11170792880647,0 -111.2276219255592,40.11197842338879,0 -111.2274767335548,40.11242468443798,0 -111.2273079652657,40.11283945823065,0 -111.2270863454952,40.11324082049536,0 -111.2270110783525,40.11354369159942,0 -111.2269765309433,40.11374106956278,0 -111.2269537209216,40.11393932562601,0 -111.2269603963025,40.11418257258168,0 -111.2269670725817,40.11442581866733,0 -111.2269567446509,40.1146018869828,0 -111.2269559667098,40.11461504221239,0 -111.226909821152,40.1148538879508,0 -111.22677620394,40.11525507688516,0 -111.2266668834615,40.11555260802707,0 -111.2266299070078,40.11565511962699,0 -111.2264389727891,40.116183727218,0 -111.2262646385385,40.11669401122105,0 -111.2261065754727,40.11715741413761,0 -111.2260556275214,40.11736473436494,0 -111.2260384723944,40.1174999124926,0 -111.2260447426351,40.11762152971122,0 -111.2260937071063,40.11787820799144,0 -111.2261096495076,40.11808539756005,0 -111.2261103358205,40.11829261741033,0 -111.2260714199041,40.11859001023652,0 -111.2259966315634,40.1190406367347,0 -111.2258863076667,40.11939222693508,0 -111.2258108015722,40.11962662374265,0 -111.2257175429709,40.11981600729884,0 -111.2256123250983,40.1199378415694,0 -111.2254131919561,40.12005084984212,0 -111.2250087138213,40.12017326552738,0 -111.2245450959981,40.12029858810355,0 -111.2245221143982,40.12030484952079,0 -111.2240122782536,40.12050855237747,0 -111.2236842835805,40.12069388332888,0 -111.2234677779189,40.12087899807917,0 -111.2233215699199,40.1210288399469,0 -111.2231976419365,40.12117323209499,0 -111.2230585566794,40.12134828621205,0 -111.2229303742749,40.12162783111681,0 -111.2228607826881,40.12188023399848,0 -111.222857157986,40.12192015363059,0 -111.2228381199901,40.12212804115506,0 -111.2228976827851,40.12239821471665,0 -111.2230989467312,40.12293389862901,0 -111.2231700564708,40.1231454875421,0 -111.2232118541826,40.12336614156362,0 -111.2232182088649,40.12351478823383,0 -111.2231425419719,40.12370413554444,0 -111.2230083112106,40.12392963382442,0 -111.2228620484144,40.12406505923465,0 -111.2226686644899,40.12414651767275,0 -111.2221643979001,40.12426911556685,0 -111.2216602912104,40.12444126439511,0 -111.2216167166309,40.12446756554953,0 -111.2215255861386,40.12452260835822,0 -111.2214343155091,40.12496875755149,0 -111.2216150772055,40.12515527084026,0 -111.2217393142093,40.12528351036412,0 -111.2219746898818,40.12548127050241,0 -111.2219768099058,40.1254836086527,0 -111.2222161839796,40.12575560010247,0 -111.2223283593041,40.12596350612142,0 -111.222340841395,40.12619232619508,0 -111.2223061601368,40.12635456542566,0 -111.2222656829484,40.12653933987235,0 -111.2221790799651,40.12697647167692,0 -111.2220236094372,40.12753085987261,0 -111.2219529811946,40.12782831119794,0 -111.2219010873173,40.12811221297654,0 -111.2219251325225,40.12828785434555,0 -111.2220019510557,40.12844987977135,0 -111.2221609295048,40.12861174752193,0 -111.2223964201616,40.12884104016243,0 -111.2226028341492,40.12915147401539,0 -111.2228353513824,40.12947555264509,0 -111.2228740247538,40.12952935576952,0 -111.2229922071125,40.12977689190257,0 -111.2230340533334,40.13001106059259,0 -111.2229821037605,40.13027694307672,0 -111.222894750684,40.13048433181866,0 -111.2228545079559,40.13074118269751,0 -111.2228730267255,40.13102044446813,0 -111.2229034445793,40.13134923610098,0 -111.2229927425084,40.13173647592193,0 -111.2231110470381,40.13202005024877,0 -111.2234703147612,40.13240676976413,0 -111.2237646594422,40.13268099380488,0 -111.2239942715238,40.13290128445948,0 -111.2240826603578,40.13300922864562,0 -111.224124245169,40.13316231159757,0 -111.2240841389848,40.13345970531211,0 -111.2240030687253,40.1337932165043,0 -111.2240633411893,40.13427511294232,0 -111.2241467506617,40.13465335355991,0 -111.2241595839939,40.13498668376349,0 -111.224143087332,40.13532457463648,0 -111.2242046102509,40.13582899205215,0 -111.2241984406215,40.13609478653222,0 -111.2241528340529,40.13650481112901,0 -111.2240031828114,40.13704567541028,0 -111.2239266256879,40.13732512005139,0 -111.223810539997,40.13772176601852,0 -111.2236943051858,40.13807336399003,0 -111.2236540615593,40.13833021434425,0 -111.2237196619313,40.13864632411005,0 -111.2238217213273,40.13898308494303,0 -111.2239270550826,40.13924415876853,0 -111.2240877079914,40.13951350476484,0 -111.2241336262754,40.13959062783801,0 -111.2245944449482,40.14014382398127,0 -111.2250765348286,40.14073751959612,0 -111.2253123273193,40.14104248564926,0 -111.2254421168099,40.14124134470448,0 -111.2254661907612,40.14142148931639,0 -111.2254256839284,40.14159725492213,0 -111.225291470235,40.1418362695681,0 -111.2251223048906,40.14215643867404,0 -111.2249822341817,40.14239996923256,0 -111.2249534503633,40.14257120688499,0 -111.2249598553513,40.14273336650239,0 -111.225012325947,40.14298102759171,0 -111.2251906352427,40.14329601630817,0 -111.2253502505973,40.14363806915109,0 -111.2254087282274,40.14392626129173,0 -111.225582344724,40.1442412586728,0 -111.2258874943412,40.14456951252367,0 -111.2262700257353,40.14486608173161,0 -111.2266231804229,40.14515369734136,0 -111.2272056579346,40.14555798636692,0 -111.2273652930522,40.14565461594738,0 -111.2276879750888,40.14584984958005,0 -111.2279703092944,40.14602047563569,0 -111.2283114193707,40.14621350948784,0 -111.2286348011949,40.14637053921112,0 -111.2287341701366,40.14641926475689,0 -111.2287956723943,40.14644941512572,0 -111.2289640696791,40.14653206076954,0 -111.2293520745082,40.14670337521368,0 -111.2295755034857,40.14677654041129,0 -111.2297046722404,40.1468188995714,0 -111.2300279229105,40.14693538231889,0 -111.2303101753694,40.14707897440256,0 -111.2304340332842,40.14714756120542,0 -111.2306101156563,40.1472450544071,0 -111.230962965815,40.14743355212816,0 -111.2312392453756,40.14754561997007,0 -111.2314100151111,40.14770294599713,0 -111.2314754430065,40.14795508313332,0 -111.2314528342074,40.14821190093701,0 -111.2313894850136,40.14846889011906,0 -111.2311673002028,40.14883413108704,0 -111.2310621236527,40.14897849369319,0 -111.2309510155268,40.1491048494315,0 -111.2308867770008,40.14920408252497,0 -111.2308753567186,40.14929870535602,0 -111.2308581728456,40.14942487373226,0 -111.2308704779683,40.14959152615152,0 -111.2309125011573,40.14986623358336,0 -111.2309128937211,40.14998209587965,0 -111.2309131569275,40.15005993764841,0 -111.2308317794442,40.15029885317027,0 -111.2306856747515,40.15049284987934,0 -111.2304807887981,40.15066443928492,0 -111.2302758399626,40.15081800979087,0 -111.2300885178697,40.15097604919516,0 -111.2299483106168,40.15117904285758,0 -111.2298374540191,40.15138197823716,0 -111.2296678170592,40.15156250587061,0 -111.2294512745667,40.15176114531161,0 -111.2291703821572,40.15202748305934,0 -111.2288657930887,40.15223080040696,0 -111.228519957874,40.15238915099173,0 -111.2282444921871,40.15252483759304,0 -111.2281038995569,40.1526152098083,0 -111.2279577068292,40.15278667918848,0 -111.227887575355,40.15288141787117,0 -111.2278703393796,40.15299407132451,0 -111.2278944995692,40.15319673831176,0 -111.2278891411186,40.15334991172891,0 -111.2278135146497,40.15355728017381,0 -111.2277258759089,40.15368358619797,0 -111.2276323208636,40.15379638937207,0 -111.2275829243028,40.15391261984519,0 -111.2274983461222,40.15411198706789,0 -111.227463647796,40.15426972219932,0 -111.2274441741173,40.15441562494725,0 -111.2274407362647,40.1544409484687,0 -111.2272605441002,40.15498187593747,0 -111.2270853950777,40.15527502993989,0 -111.2269395239469,40.15554560177348,0 -111.226800291366,40.15569453233473,0 -111.2267290594556,40.15581269707834,0 -111.2267180937209,40.15604606612717,0 -111.2267956596524,40.15641981003142,0 -111.2270029719554,40.15696898660647,0 -111.2270682399507,40.15717517684335,0 -111.2271688009568,40.15740111949069,0 -111.2272631878421,40.15753607725062,0 -111.2273750828922,40.15763946749288,0 -111.2275676340784,40.1577741426043,0 -111.2275869370772,40.15778770896487,0 -111.2280103004942,40.15798058098873,0 -111.2283794263293,40.15810598763955,0 -111.2286978656228,40.15817293068467,0 -111.2289459587446,40.15827154499003,0 -111.2290565476443,40.15833439328126,0 -111.2291215227889,40.15845138904242,0 -111.2291044547984,40.15861359450864,0 -111.2290286747177,40.15877591630025,0 -111.2288179488167,40.15896553335483,0 -111.2284961677903,40.15930402652623,0 -111.2279918347252,40.15983207840827,0 -111.227988910709,40.1598355982781,0 -111.2276128983889,40.1602878063218,0 -111.2275224910404,40.16039672924087,0 -111.227466702068,40.16046377918573,0 -111.2273615901966,40.16063516696078,0 -111.2273152056869,40.16081094463758,0 -111.2273097547098,40.16093708888068,0 -111.2273747909397,40.16107210414572,0 -111.2274986901769,40.16125205131023,0 -111.2275083695241,40.16126716851446,0 -111.2275990292992,40.16140952133603,0 -111.2276523685659,40.16155807380819,0 -111.2276351604383,40.16167973645145,0 -111.2275897245495,40.16178794041455,0 -111.2274718287533,40.16199989577995,0 -111.2272789730382,40.16227056095659,0 -111.2268752979973,40.1627083148576,0 -111.2264319012512,40.16320921246243,0 -111.2260271608084,40.16368300416066,0 -111.2257171315425,40.16403498057348,0 -111.2255302954382,40.16435428235266,0 -111.2254081416275,40.16470228807842,0 -111.2253569951485,40.16521593129106,0 -111.2253230361358,40.16538726862677,0 -111.2252588137795,40.16571164671777,0 -111.2252130311411,40.16607211732536,0 -111.2252373368577,40.16631983198185,0 -111.2253144895642,40.16656744413715,0 -111.2253444888031,40.1667610902666,0 -111.2254334309994,40.16702219393559,0 -111.2255813152547,40.16735075367909,0 -111.2256815852067,40.16748570127234,0 -111.2258654901083,40.16769706634395,0 -111.2260115462921,40.16782741949117,0 -111.2263705867415,40.16808349010736,0 -111.2268300049407,40.16836395824332,0 -111.2268707219793,40.16838883517565,0 -111.2271767546404,40.16859545408393,0 -111.2275593812559,40.16887850319511,0 -111.2278656304109,40.1691481867926,0 -111.2283070742197,40.16945814543056,0 -111.2286954311883,40.16969613191272,0 -111.2290541428543,40.16984858442111,0 -111.2295894138979,40.17011781043267,0 -111.2301497173951,40.17049509778523,0 -111.2304723679906,40.17074762393192,0 -111.2306432985245,40.17093558278508,0 -111.2307379854471,40.17115162262706,0 -111.2308159565188,40.17163347645442,0 -111.2309171741934,40.17204320828509,0 -111.2309439430906,40.17214460231573,0 -111.231036147968,40.17249344670455,0 -111.2311721124778,40.17275895632282,0 -111.2313845110419,40.17305134167557,0 -111.2316850442168,40.17335706456552,0 -111.2322439966479,40.17367127748385,0 -111.2326044043331,40.1738648896185,0 -111.2328205560584,40.17398094845863,0 -111.2333912171309,40.17428161807725,0 -111.2335257614043,40.17436864950803,0 -111.2337384662939,40.17450615572886,0 -111.2339741698514,40.17473992726478,0 -111.2342336293566,40.175050231012,0 -111.2344873737799,40.17540559341579,0 -111.234828976133,40.17569320529225,0 -111.2350643931279,40.17584138469221,0 -111.2352528300301,40.17598965917441,0 -111.2353709980159,40.17619663793825,0 -111.2354188045587,40.17643529265047,0 -111.2354085062723,40.17685425591162,0 -111.2354403991598,40.17724610537704,0 -111.2354229296225,40.17762904505219,0 -111.2353126227938,40.17799865978411,0 -111.2351138498759,40.17826033930954,0 -111.2350284596183,40.17843079264566,0 -111.2349738654052,40.17853991843832,0 -111.2348798288629,40.17885994676964,0 -111.2348766057077,40.17928790532175,0 -111.2349664704738,40.17980126520107,0 -111.2349697771723,40.17980621366912,0 -111.2351849057166,40.18012966836766,0 -111.2353209483798,40.18040868661364,0 -111.235480485581,40.18068765704205,0 -111.2354988938578,40.18071212589816,0 -111.2356869920952,40.18096202727806,0 -111.2359051344872,40.18120393828885,0 -111.2361833930363,40.18140464398831,0 -111.2362054134389,40.18142045537579,0 -111.2364204925758,40.18152326567927,0 -111.2365995681344,40.18160885067698,0 -111.2373172483846,40.18194073362012,0 -111.2373526644647,40.18195795868581,0 -111.2379820457123,40.18226371076607,0 -111.2385054823502,40.18246985231376,0 -111.2386878313698,40.18254966153716,0 -111.2389055219092,40.18265822754328,0 -111.2390175238588,40.1827751196154,0 -111.2390418547283,40.18301382119226,0 -111.2390779984437,40.183271418486,0 -111.2391789160811,40.18357663208126,0 -111.2393507611,40.18400873353428,0 -111.2394797582765,40.18424802921464,0 -111.2395399427055,40.18435971305396,0 -111.2398288624605,40.18467895215814,0 -111.2402708910725,40.18511049138914,0 -111.2404949389892,40.18535328320019,0 -111.2406834297903,40.18550605259448,0 -111.2408541734746,40.18562282103403,0 -111.2412603512219,40.18587874626893,0 -111.241448813277,40.18602250511372,0 -111.2415605861562,40.18610515955177,0 -111.241666707734,40.186184221955,0 -111.2418260634755,40.18640101755602,0 -111.2419115336832,40.18651958453086,0 -111.2419972401478,40.1866385109013,0 -111.2422331916404,40.18692181690762,0 -111.2425341802611,40.18725886266049,0 -111.2425404298406,40.18726533613721,0 -111.2428287504192,40.18757375784974,0 -111.2429175722412,40.18770898433795,0 -111.2430590757631,40.18792464480903,0 -111.2433011663423,40.18828001115428,0 -111.2435901525726,40.18860825044037,0 -111.2439616167223,40.18900388595023,0 -111.2441799136246,40.18927371053679,0 -111.2444334110112,40.18953084692767,0 -111.2444913559403,40.18957171842032,0 -111.2446866281235,40.18970960145376,0 -111.2449985708009,40.1898846265241,0 -111.245398964296,40.19015406331845,0 -111.2458818554737,40.19049539976358,0 -111.2462527887191,40.19073786761726,0 -111.2465946650584,40.19106598658606,0 -111.2468543913632,40.19141680264059,0 -111.2471676563606,40.191952198992,0 -111.2475221100122,40.19250552578576,0 -111.2476998560642,40.19292408650811,0 -111.2477361165606,40.19320330327985,0 -111.2477464867123,40.19340572396444,0 -111.2477487666365,40.19345103692692,0 -111.2478140534964,40.1936355918123,0 -111.2480027482151,40.1938333965652,0 -111.24829133739,40.19403999632456,0 -111.2485619638525,40.19415293486314,0 -111.2489677571208,40.19428179962769,0 -111.2494498694591,40.19439788530038,0 -111.2497299587748,40.19446332068396,0 -111.2499848853811,40.19452286373347,0 -111.2507066700337,40.19463842612141,0 -111.2511015218219,40.19498443552965,0 -111.2512972790954,40.1951822198799,0 -111.2515330320603,40.19539343075167,0 -111.2517255167711,40.19556356176685,0 -111.251858358737,40.19568102651234,0 -111.252126274084,40.19597856709311,0 -111.252158008868,40.1960137250799,0 -111.2525940133777,40.1963641443243,0 -111.2530249046767,40.19660195478568,0 -111.2532407994839,40.19668328919055,0 -111.253453163912,40.19676318873231,0 -111.2538002576665,40.19689757076077,0 -111.2544589500435,40.19709883796344,0 -111.2549414091315,40.19729958857867,0 -111.255517954169,40.19752445556914,0 -111.2561038955844,40.19768515143668,0 -111.2562706696136,40.19773091096958,0 -111.2566177534865,40.19785987871898,0 -111.2566647829866,40.19786878359005,0 -111.256817639417,40.19789997807545,0 -111.2568539358461,40.19789773504814,0 -111.2570643140991,40.19788501518119,0 -111.2574635451743,40.19782196267349,0 -111.2578159973794,40.19781667381607,0 -111.2578211689805,40.19781720283908,0 -111.2580334390855,40.19783871300643,0 -111.2581746488583,40.19789695969761,0 -111.2582573190172,40.19800939366781,0 -111.2582694444769,40.19810847088063,0 -111.25817622091,40.19831139221953,0 -111.2580244047287,40.1985549862234,0 -111.2579017559463,40.19874445920958,0 -111.2577089352655,40.19901967720991,0 -111.2575276579361,40.19924081277033,0 -111.2572818609081,40.19948911992606,0 -111.2571987936938,40.19958273335122,0 -111.2569776715899,40.19983215627659,0 -111.2567556071534,40.20014347530928,0 -111.256581099528,40.20047892529824,0 -111.2565468036471,40.20054486048717,0 -111.2564171659718,40.20075236537716,0 -111.2563650052948,40.20094167990409,0 -111.2563652765861,40.20101375541179,0 -111.2564069090079,40.20114880484241,0 -111.2564423107149,40.20118926932673,0 -111.2564953706055,40.20123870408258,0 -111.256560146324,40.20127910264601,0 -111.2567014297586,40.20135536996347,0 -111.2569193583516,40.20150354339783,0 -111.2571142280895,40.2017679892226,0 -111.2572326817395,40.20202089228799,0 -111.2572927871169,40.20213103467985,0 -111.2573628314545,40.20225935392207,0 -111.2575045101479,40.20243922824009,0 -111.2578107548114,40.20263675482624,0 -111.2579816395313,40.20277151629171,0 -111.2581523886055,40.20287024006492,0 -111.2582289160846,40.20291061158441,0 -111.2583583866732,40.20296888479295,0 -111.2585526536416,40.20307205968628,0 -111.2587176139722,40.20319331926459,0 -111.2588413829537,40.2032966516185,0 -111.2589711805291,40.20344051282076,0 -111.2590288892013,40.20350651305278,0 -111.2591127972387,40.20360236582788,0 -111.2592776749243,40.20370110142692,0 -111.2595250395125,40.20386181627375,0 -111.2596844248984,40.20406056818567,0 -111.2597773960387,40.20419099692446,0 -111.2597966523252,40.20421798210213,0 -111.2598958856213,40.20435740649236,0 -111.2600445397329,40.20451473807552,0 -111.260244809244,40.20464942994393,0 -111.2606392505021,40.204860264855,0 -111.2612346403977,40.20507515040282,0 -111.2614217118607,40.20513779412376,0 -111.2616569240397,40.20519131982262,0 -111.2618156222144,40.20520897944509,0 -111.2619390165985,40.20521320567887,0 -111.2619508797501,40.20521191722644,0 -111.2621504351006,40.20519020288909,0 -111.2621687769021,40.20519313449654,0 -111.2624796505842,40.20524351380465,0 -111.2627560981298,40.20532487283312,0 -111.2630677901772,40.20540434917434,0 -111.2633927907655,40.20546109029341,0 -111.2635263657567,40.20548439143354,0 -111.2636617041407,40.20553813983268,0 -111.2637369146896,40.20557058287321,0 -111.263786466659,40.2055919128878,0 -111.2638972343234,40.20567274528076,0 -111.26398582977,40.20579327022757,0 -111.2640508803729,40.205902136575,0 -111.2641163289296,40.20611370922921,0 -111.2641653275368,40.20632532032885,0 -111.2642413519593,40.2065368690221,0 -111.2643301459336,40.20670784611913,0 -111.2644547162123,40.20701388385786,0 -111.2644851610156,40.2072886024572,0 -111.2646867088294,40.20774762442785,0 -111.2647370360448,40.20787715557969,0 -111.2648232087351,40.20809868142432,0 -111.2649480269489,40.20846688290136,0 -111.265019605609,40.20874240857055,0 -111.2650283992174,40.20882788855997,0 -111.2650440370898,40.20898110313941,0 -111.2649862826036,40.20923800564157,0 -111.2648930114259,40.20942741721387,0 -111.2647351612609,40.20963049127509,0 -111.2644484522598,40.2099374687124,0 -111.2642671327096,40.21014960503375,0 -111.2641095942599,40.21043376227789,0 -111.2639754524318,40.21069083763953,0 -111.2639294613842,40.21095221748021,0 -111.2639482586315,40.21125399099,0 -111.2639723209047,40.21139808775795,0 -111.264108229719,40.21159598544015,0 -111.2642673806447,40.21172625973349,0 -111.2644792734572,40.21182037488428,0 -111.2648615793742,40.21191860458668,0 -111.2653145539579,40.21205721393888,0 -111.2657971540813,40.21225881961464,0 -111.2661244310006,40.21243780646446,0 -111.2662976675099,40.21253245776736,0 -111.2667334097115,40.21277020534193,0 -111.2671105027048,40.21303511485348,0 -111.267364189636,40.21329580308785,0 -111.2675236163444,40.21349364240714,0 -111.2676363378446,40.21376817079133,0 -111.2677029631942,40.21397523390151,0 -111.2678850220579,40.2142496011861,0 -111.2681745571588,40.21465886091068,0 -111.2684991391322,40.2150139815124,0 -111.268706114567,40.2153468513659,0 -111.2690129673899,40.21567498295472,0 -111.269402265793,40.21604796973767,0 -111.2697855670433,40.21638943649803,0 -111.270174533968,40.21667683138116,0 -111.270433656605,40.21682037745454,0 -111.2706345558352,40.21709920085495,0 -111.2707770358257,40.21746375080993,0 -111.2710316857509,40.21795867429759,0 -111.2714347274795,40.21852982981714,0 -111.2715773619804,40.21869580907952,0 -111.2718172921113,40.21897489913768,0 -111.2719475613022,40.21922235341364,0 -111.2720725142633,40.21960946594388,0 -111.2720913690028,40.21991574243231,0 -111.2721286481888,40.22012719657528,0 -111.2721514986346,40.22025705868973,0 -111.272182074592,40.22055519927896,0 -111.2722357731847,40.22075778591678,0 -111.2723602617168,40.22102777634055,0 -111.2725196848319,40.22121659937028,0 -111.27275561207,40.22143226987426,0 -111.2732154650538,40.22180057244493,0 -111.2733745845384,40.22191281518309,0 -111.273457236731,40.22200721867134,0 -111.2734987901011,40.22211072948636,0 -111.2735111769706,40.22226836555448,0 -111.2734944889675,40.22250265014734,0 -111.2734367910752,40.22276856486378,0 -111.2733437067471,40.22300303017535,0 -111.2732797691567,40.22317886508002,0 -111.2732846703649,40.22331633750837,0 -111.2732863879438,40.22336354274933,0 -111.2733222855208,40.22352202435025,0 -111.2733525344914,40.22373727872497,0 -111.2733533492634,40.22393998890962,0 -111.2733074210978,40.22421038024011,0 -111.2732385292987,40.22461596795574,0 -111.2731926550321,40.22489987317929,0 -111.2730938699952,40.22517939858858,0 -111.2729697695354,40.22556484470852,0 -111.2729545619559,40.2256121800698,0 -111.2728613087446,40.2258061027853,0 -111.2727444208581,40.22596854846894,0 -111.2725517825353,40.22629334196068,0 -111.2724642785418,40.22645571788964,0 -111.2723652859942,40.22668479055769,0 -111.2721785792472,40.22702398428051,0 -111.2721247791448,40.22712069197795,0 -111.272038536386,40.22727567653795,0 -111.2719042508274,40.22749762386768,0 -111.2718400356576,40.22760588815156,0 -111.2717705509704,40.22786642362333,0 -111.2717476942363,40.2280295481543,0 -111.2718089144229,40.22864204556129,0 -111.2719401573876,40.22912824655845,0 -111.2720241498667,40.22955599693356,0 -111.2720968433361,40.23009729262803,0 -111.2721634731774,40.230591754168,0 -111.2722890783153,40.23096003437288,0 -111.2723537848636,40.23114989067267,0 -111.2724905353993,40.23154147854029,0 -111.2726211019326,40.23185650136169,0 -111.2727454134965,40.2320769393118,0 -111.2729459516039,40.23225215058486,0 -111.2731307530242,40.23234288982479,0 -111.2734571298315,40.23250320756541,0 -111.2736704572536,40.23264234950798,0 -111.273823943403,40.23280866109604,0 -111.27388937579,40.23300220865165,0 -111.2738784558694,40.23320945095077,0 -111.2738153626955,40.23359700544007,0 -111.2738240494043,40.23400240870843,0 -111.2738259358664,40.23447089454413,0 -111.2738099153116,40.23478364958826,0 -111.2738030458946,40.23491691523005,0 -111.2738015043856,40.23526378129762,0 -111.2737999619782,40.23561064764571,0 -111.2737306659372,40.23591803267835,0 -111.2736550673162,40.23612002270295,0 -111.2735978976332,40.23619844936945,0 -111.2735498476469,40.23626442181317,0 -111.2733974592388,40.2363728949557,0 -111.2731920432794,40.2364499600945,0 -111.2726515763803,40.23652421078705,0 -111.2707198930922,40.23676659355707,0 -111.2702016451233,40.23681285199466,0 -111.2699841791627,40.23681696310755,0 -111.26976565858,40.23682206719608,0 -111.2697255748537,40.23682297170942,0 -111.2691904223878,40.23675664733052,0 -111.2688668016117,40.23667180946986,0 -111.2685923752756,40.23663037319204,0 -111.2685727318153,40.2366274456876,0 -111.2682084658659,40.2366688325926,0 -111.2678388890765,40.23685438142365,0 -111.2674871743883,40.23709844928107,0 -111.2671355459383,40.23736503908055,0 -111.2666726584454,40.2377399972921,0 -111.266280424348,40.2381463241406,0 -111.2658940113336,40.23853912234076,0 -111.2657010586004,40.23880083842242,0 -111.2655900268313,40.23896776713329,0 -111.2655201594618,40.23913910675582,0 -111.2654750496615,40.23932840731194,0 -111.2654613153191,40.23936384590592,0 -111.2652864986732,40.23981534829019,0 -111.2651005599858,40.24036985331287,0 -111.2650528504611,40.24049600390511,0 -111.2649795407474,40.24068996423365,0 -111.2648230757844,40.24126692533144,0 -111.2647606788048,40.24184817471748,0 -111.2647793143554,40.2421049004874,0 -111.2648387468946,40.24227143843053,0 -111.2649686325049,40.24241529163296,0 -111.2651337177013,40.24254104550843,0 -111.2653283008766,40.24269375940613,0 -111.2655042511964,40.24289156293231,0 -111.265659056971,40.24309391957025,0 -111.265801019532,40.24331882867202,0 -111.2658955249948,40.24343375176928,0 -111.2660892619572,40.24366953337561,0 -111.2663801418361,40.24409230640856,0 -111.2668290290852,40.24463183685546,0 -111.2674904568323,40.24540061372118,0 -111.267750091509,40.24564777192932,0 -111.2679920383577,40.24588145660258,0 -111.2681748275517,40.24602067870367,0 -111.2685521289542,40.24629008640709,0 -111.2687937784606,40.24644718966675,0 -111.2688452267735,40.24649418954412,0 -111.2689412809319,40.24658198811017,0 -111.2690289807582,40.24675746765339,0 -111.2690605673202,40.24701416246399,0 -111.2690617441132,40.24731146945693,0 -111.2691157948455,40.24759964505975,0 -111.2692403741075,40.24788315088012,0 -111.2694710587775,40.24823848538408,0 -111.2698020628068,40.24868818432178,0 -111.2701686670709,40.24921888354512,0 -111.2702750168208,40.2493222437568,0 -111.2706172057737,40.24965479144171,0 -111.2709123787014,40.24996132150316,0 -111.2713076167651,40.2502973469428,0 -111.2714964650958,40.25047709168559,0 -111.2716499871778,40.25064340540339,0 -111.271903489056,40.25081849321518,0 -111.2723498987517,40.25101114598512,0 -111.2729106190672,40.25126659262153,0 -111.2735935381091,40.25149922468464,0 -111.2740663277313,40.25158324454679,0 -111.274293663482,40.25162369879662,0 -111.2748871004401,40.25182500229453,0 -111.2754180200444,40.25197689926191,0 -111.2758416861936,40.25206598444787,0 -111.2761122928932,40.25210588101462,0 -111.2763478266691,40.25219541304276,0 -111.2765777890937,40.25236063654832,0 -111.2767136565854,40.25251887683653,0 -111.2768084216614,40.25268982907963,0 -111.2769626767687,40.25303181659821,0 -111.2770396219644,40.25321551405125,0 -111.2771229784362,40.25341433235398,0 -111.2773893307146,40.25385064926017,0 -111.2776968599689,40.25429137231784,0 -111.2780153271102,40.25481765638109,0 -111.2783066642316,40.25532238273601,0 -111.2786010646081,40.2557126817958,0 -111.2787116714741,40.25590206352068,0 -111.2787929097185,40.25604106276889,0 -111.2789399792018,40.25634702779761,0 -111.2789788358294,40.25647405629356,0 -111.2790651333855,40.25675665291378,0 -111.2791434934278,40.25722495181701,0 -111.2791104363236,40.25776559442304,0 -111.2790644910901,40.25803148241987,0 -111.2790051663487,40.25818928921118,0 -111.2788837563431,40.25840580721074,0 -111.2788546904538,40.25848696186355,0 -111.2788552815453,40.25863111034671,0 -111.2788793222589,40.25875808519614,0 -111.2789443288444,40.25883811172324,0 -111.2790151484282,40.25890190747346,0 -111.2794099597922,40.25911177422694,0 -111.2798811037008,40.2592953283521,0 -111.2802405888163,40.25949266450549,0 -111.280948702907,40.25981979044877,0 -111.2818134140129,40.26019157714768,0 -111.2822436181008,40.26042477218786,0 -111.2825502535315,40.26063574475295,0 -111.2829054060723,40.26091867223202,0 -111.2829729009912,40.2609733740725,0 -111.283205120882,40.2611611925055,0 -111.2833410180182,40.26131852379466,0 -111.2834654562446,40.26154795837552,0 -111.2835800974446,40.261740477774,0 -111.2836608694633,40.26187632199682,0 -111.2838912442146,40.2621280190609,0 -111.2842275563889,40.26240197947342,0 -111.2846638519528,40.26268019775653,0 -111.2851355824613,40.26299436483378,0 -111.2855364529619,40.26323662951923,0 -111.2860906470168,40.26358212140536,0 -111.2863029970719,40.26373926061277,0 -111.2864435537695,40.26388306270436,0 -111.2865751201277,40.26412598980856,0 -111.2866702687843,40.26437801644315,0 -111.2868005469583,40.26459391895897,0 -111.2869421870241,40.26471519455198,0 -111.2872485511636,40.26485407972852,0 -111.2880910163898,40.26522587440598,0 -111.2886861331976,40.26550818633289,0 -111.2890691981909,40.26570543581783,0 -111.2894761709472,40.2659927187656,0 -111.2898945810537,40.26620339155776,0 -111.290147003157,40.26626609459635,0 -111.2903431485027,40.26631488414991,0 -111.2907008504623,40.26635452829243,0 -111.2910125308316,40.26635824895664,0 -111.2910193499429,40.26635769167957,0 -111.2912241478614,40.26633969841369,0 -111.2914122631667,40.26632571027415,0 -111.2920116766165,40.26623410560755,0 -111.2927986582975,40.26600237828631,0 -111.2934852209062,40.2656672924625,0 -111.2937610315462,40.26553595662203,0 -111.293960787221,40.26549490747908,0 -111.2939918491669,40.26549798179582,0 -111.2941372747333,40.2655124773516,0 -111.2942316337707,40.26557530304351,0 -111.2943025099484,40.26564719806319,0 -111.2944450052103,40.26596216363328,0 -111.2946178572406,40.2664968798827,0 -111.2946484556558,40.26677248893963,0 -111.2946501956925,40.26717340125088,0 -111.2946097140126,40.26760180987597,0 -111.2945939701389,40.26776816238669,0 -111.294454791457,40.26821898520963,0 -111.2943742799497,40.26863812562123,0 -111.2943700785291,40.26902553897197,0 -111.2944245083505,40.2693722611065,0 -111.2944314667006,40.26962090138885,0 -111.2944268224106,40.26966181574094,0 -111.2944031338366,40.26986782994364,0 -111.2942582050385,40.27035019949898,0 -111.2942119400048,40.27053050442086,0 -111.2942242289579,40.27065209973966,0 -111.2942561532864,40.27069093940595,0 -111.2942833488834,40.27072402431924,0 -111.2943542106879,40.27079141413191,0 -111.2944190367121,40.27082278203797,0 -111.2944897035822,40.27084512579335,0 -111.2945898333971,40.27088090841214,0 -111.2948135183944,40.27092988997914,0 -111.2951841453143,40.27096047782328,0 -111.295672487469,40.27101328735022,0 -111.2960302756669,40.27106642925981,0 -111.2961904497737,40.27111557039284,0 -111.2963143005019,40.27119633762214,0 -111.2963852045273,40.27127273596549,0 -111.2964739877217,40.27140314427829,0 -111.2966103690498,40.27165956122723,0 -111.2967586503605,40.27194748029789,0 -111.297042568296,40.2723206403641,0 -111.2973972582044,40.27273866489662,0 -111.2975389539658,40.27286443165166,0 -111.2977040948577,40.2729721189414,0 -111.2979104037425,40.27307970050968,0 -111.2984813738354,40.27319535029905,0 -111.299329829028,40.2732877570363,0 -111.2998462803663,40.27330894372906,0 -111.3003756297155,40.27332108467699,0 -111.3003810357768,40.27331998942841,0 -111.3009103420068,40.27321608809152,0 -111.3012151278064,40.27316970717407,0 -111.3016332235025,40.27310609348467,0 -111.3020784896428,40.27298979242174,0 -111.3021384063739,40.27297413947292,0 -111.3023558813177,40.27294654358545,0 -111.3024025766445,40.27294642158585,0 -111.3025381917096,40.27294606723879,0 -111.3026794958055,40.27298173497115,0 -111.3027561490487,40.27302658142919,0 -111.3028800914051,40.27312535977416,0 -111.3029213995351,40.27315678417034,0 -111.3032578626265,40.27343519330602,0 -111.3036235730668,40.27367748707911,0 -111.3038729552712,40.27378791734512,0 -111.3043012441509,40.27397751988327,0 -111.3049256675964,40.27420561479228,0 -111.3052674181715,40.27434886346568,0 -111.3054239082873,40.27441250682789,0 -111.3055973675788,40.27448313273427,0 -111.3059446975901,40.27455879469917,0 -111.3060397438388,40.27456034501635,0 -111.3064211074229,40.27456654354328,0 -111.3072735619152,40.27449671275926,0 -111.3076145435324,40.27446877891763,0 -111.3078323274966,40.27450874177785,0 -111.3079680216136,40.27460297872533,0 -111.3081100066324,40.27478729270246,0 -111.3083537042976,40.275119719347,0 -111.3083703923007,40.27514246810628,0 -111.3086209566879,40.27543235236987,0 -111.3087783433224,40.27561437154434,0 -111.3089558863551,40.27585715028419,0 -111.3090051562535,40.27606044941088,0 -111.3090158264424,40.27610474759616,0 -111.3089816868684,40.27635710037444,0 -111.3087076036887,40.27687136512493,0 -111.3084333112015,40.27734058227586,0 -111.3083750626419,40.27743930017694,0 -111.3080072429572,40.27806246538024,0 -111.3076809676595,40.27874353885625,0 -111.3075158474288,40.27914038953921,0 -111.3073714396536,40.27948763274702,0 -111.3071975563573,40.27979441211832,0 -111.3070986698108,40.28003792695917,0 -111.3070408120183,40.28024980053633,0 -111.3070129328035,40.28058772463728,0 -111.3070202603613,40.28090753704456,0 -111.306957579514,40.28135366565366,0 -111.306930004828,40.28175915911633,0 -111.3069847292968,40.28215452419099,0 -111.307109941871,40.28252898070011,0 -111.3072465486763,40.28282142163903,0 -111.3073475390772,40.28304188206781,0 -111.3074074387403,40.28328047102479,0 -111.3074491627903,40.28340198585327,0 -111.3076562532094,40.28367171550942,0 -111.3079102581442,40.28390978759839,0 -111.3081875878353,40.28410274976748,0 -111.3085180205362,40.28433160749548,0 -111.3088013374987,40.28454707558039,0 -111.3092146972767,40.28490184063492,0 -111.3094684408017,40.28510639538663,0 -111.3095098854757,40.28513979874882,0 -111.3098817655454,40.28542620149334,0 -111.3101827011656,40.28563351078324,0 -111.3105069561522,40.28579480899734,0 -111.310912596707,40.28600183551551,0 -111.3110969408847,40.2861038663248,0 -111.3114858000117,40.28631922460172,0 -111.3122816480646,40.28669997606031,0 -111.312854784894,40.28700024025341,0 -111.3131543272271,40.28715709343623,0 -111.3134312481848,40.28725544615791,0 -111.314002321584,40.28736201002486,0 -111.3144615304758,40.28744635126769,0 -111.3147089390814,40.28752225843328,0 -111.3149268946239,40.28758923474935,0 -111.31499519084,40.28760256339899,0 -111.3152505010269,40.28760637266095,0 -111.3155386212812,40.2875821630468,0 -111.3155738981224,40.28757846273706,0 -111.3159972085388,40.2875322609266,0 -111.3168432176189,40.28730921874803,0 -111.317160561866,40.28724528396133,0 -111.3176075671447,40.28723504844194,0 -111.3180489004606,40.28726987332225,0 -111.3183606778479,40.287273520885,0 -111.318690102639,40.28727711842459,0 -111.3194078790089,40.2873066716912,0 -111.3199196519212,40.28730976283276,0 -111.3205607687597,40.28729897912682,0 -111.3209549620828,40.28731590468603,0 -111.3209902721617,40.28731941040053,0 -111.3213315717825,40.28734639260975,0 -111.3216726117903,40.28731841679498,0 -111.3219957905952,40.28724544293838,0 -111.3222011113332,40.28712775047509,0 -111.3224064527324,40.28701456125872,0 -111.3224999907097,40.28694240663192,0 -111.3225119463878,40.28693318386484,0 -111.322693115021,40.2866849217691,0 -111.3230503390769,40.28635057982261,0 -111.3233600952548,40.28593078033398,0 -111.3235120632515,40.28572764588267,0 -111.3238864082983,40.28528514104319,0 -111.3242250902285,40.28476615572762,0 -111.3245931767127,40.28424708693544,0 -111.3248928654713,40.28362036729689,0 -111.3249425989004,40.28351634952785,0 -111.3251700927545,40.28311929975683,0 -111.3253278872241,40.28290713707138,0 -111.3254919303747,40.28277153519227,0 -111.3256795641831,40.2826493812232,0 -111.3260259626415,40.28251777066398,0 -111.3265075746181,40.28237226274567,0 -111.327048220282,40.28227163321731,0 -111.3274303438409,40.28223091152458,0 -111.3277655340195,40.28221554785437,0 -111.3277898891435,40.28221646957878,0 -111.3281302724827,40.28222892896096,0 -111.3285187040116,40.28227647689182,0 -111.3288190665066,40.2823567079102,0 -111.329060895676,40.28249566513603,0 -111.3292203816733,40.28263485644636,0 -111.3292975002438,40.28276977673478,0 -111.329457949235,40.28310717016218,0 -111.3296892438611,40.28349841770569,0 -111.3299672032712,40.28380844766674,0 -111.3302036623119,40.28405102497929,0 -111.3304339562147,40.28423505896406,0 -111.3308413242298,40.28454471686965,0 -111.3311882392195,40.28475994854195,0 -111.3319088003668,40.28512276163138,0 -111.3326104367059,40.2854631015998,0 -111.3331588590852,40.28574531808476,0 -111.3336543033206,40.28601867505699,0 -111.3340613425522,40.28625624823696,0 -111.3343918273554,40.28647602180364,0 -111.3346813849142,40.28674546440818,0 -111.334930013432,40.28706457614177,0 -111.3351371128342,40.2873117335982,0 -111.3354147560374,40.28754967637605,0 -111.33582207734,40.28784129797558,0 -111.3362526191945,40.28806978535212,0 -111.3366650707757,40.28820823061168,0 -111.3371894650178,40.28838238521818,0 -111.3379490202349,40.28852882308004,0 -111.3387143938401,40.28866172524654,0 -111.3394087080114,40.28870023250956,0 -111.3394279939422,40.28869855437838,0 -111.340002573466,40.28864893745354,0 -111.3404609190767,40.28855299192636,0 -111.3409955289602,40.28841627758902,0 -111.3414306935451,40.28834355023181,0 -111.341571516144,40.28831998089125,0 -111.3426649598808,40.28818611255467,0 -111.3429353393066,40.28814476948882,0 -111.3431173020506,40.28806765083703,0 -111.3432168219094,40.28797275769637,0 -111.3433216310485,40.28776072742011,0 -111.3434149031244,40.28759377790664,0 -111.3435026343917,40.28749441494327,0 -111.3436023806259,40.28744456757781,0 -111.3437904285576,40.28740797143096,0 -111.3441901662826,40.28735723181303,0 -111.3451836841222,40.28724165558397,0 -111.3460658045784,40.2871984789063,0 -111.3460840457686,40.28719977539249,0 -111.3462541031401,40.28721142937708,0 -111.3463966630807,40.28725244546632,0 -111.3464780396657,40.28729184298086,0 -111.3466611693212,40.28744445314203,0 -111.3467974275801,40.28763324032025,0 -111.3469687021688,40.28776786694278,0 -111.3471810153929,40.28787534205571,0 -111.3475464752033,40.28802289863945,0 -111.3482590593109,40.2881829241496,0 -111.3485005561037,40.28824526213518,0 -111.3488481654911,40.28835232671866,0 -111.3492550394327,40.28854479996916,0 -111.3494320416796,40.28864787260346,0 -111.3497152050303,40.28880468016376,0 -111.3500806747221,40.28895222923674,0 -111.3505403812806,40.28912201428995,0 -111.3510652372567,40.28937718888552,0 -111.3514836087356,40.28951556294476,0 -111.3519194416671,40.28961784540826,0 -111.3523314656503,40.2896661425706,0 -111.3523685184608,40.28966485915094,0 -111.3527608091521,40.28965132054492,0 -111.3530723179432,40.28960081901266,0 -111.3534070975917,40.28950069429087,0 -111.3537543045338,40.28934737613886,0 -111.353900088528,40.28928296430763,0 -111.3543636183163,40.28905631196044,0 -111.3550803391657,40.28887753242179,0 -111.3556436996299,40.28861993707083,0 -111.3560072918428,40.28840709956325,0 -111.3563418954215,40.28827543443141,0 -111.3565581495548,40.28823422641165,0 -111.3567828280888,40.28822902889701,0 -111.3567880086731,40.28822982377076,0 -111.3574009866836,40.28832622406747,0 -111.3579958564547,40.28846853420431,0 -111.3583197386404,40.28853510118383,0 -111.3586317612679,40.28858368623227,0 -111.3589493148225,40.28856558376101,0 -111.3593078908429,40.28851852334309,0 -111.3595900732332,40.28848611386851,0 -111.35988312973,40.28850772612531,0 -111.36020821476,40.28857878887633,0 -111.360394386111,40.28863298594264,0 -111.3608209304625,40.28875706624596,0 -111.3611479657349,40.28888478900069,0 -111.3616332158884,40.28907436153776,0 -111.3623242844466,40.28938302082951,0 -111.3632738764655,40.28985303302271,0 -111.3632847353006,40.28985957549818,0 -111.3641756313988,40.29039526217174,0 -111.3648440435472,40.29086164119796,0 -111.3652100180923,40.29109472843622,0 -111.3655580317215,40.29126931139538,0 -111.365945952109,40.29142574834531,0 -111.3665480955389,40.29159952396687,0 -111.367189926538,40.29171460967745,0 -111.3674312337863,40.29173636684957,0 -111.3676902369473,40.29176707683973,0 -111.3679788979875,40.29184273864782,0 -111.3682205717484,40.29193206254398,0 -111.3687575504892,40.29223666955823,0 -111.3693009324214,40.29263585084903,0 -111.3697439707398,40.29297228510138,0 -111.3700041345242,40.29321470482313,0 -111.370294401752,40.2935831581673,0 -111.3706673265624,40.29400540211674,0 -111.3711526692424,40.29454440504889,0 -111.3716438042594,40.29506536872746,0 -111.3720820500657,40.29559550955138,0 -111.3724551204032,40.29604026957,0 -111.3726383569582,40.29619734294732,0 -111.3727800670926,40.29629148388826,0 -111.3729275372246,40.2963630831518,0 -111.3733591858035,40.2965463820182,0 -111.3737004872209,40.29677501741821,0 -111.3738660054053,40.29691863209965,0 -111.3740549516523,40.29704325010392,0 -111.3743544104421,40.29715129421064,0 -111.3745793656572,40.29719110800414,0 -111.3746260771537,40.29719095727222,0 -111.374885283334,40.29719011728434,0 -111.3757035973539,40.29729106991526,0 -111.3757191067672,40.29728705565592,0 -111.3758445906327,40.29725457502046,0 -111.3758669802428,40.29726071871055,0 -111.3760390300776,40.29730799913838,0 -111.3762334946754,40.29736592734642,0 -111.3765574118954,40.29742793895547,0 -111.3769342219195,40.29747986658582,0 -111.3772638281703,40.29750672141309,0 -111.3772884087714,40.29750474888953,0 -111.3775578548476,40.29748323885553,0 -111.3780867271913,40.29737340020429,0 -111.3785446739501,40.29720523021349,0 -111.3791547701652,40.29689241148583,0 -111.3793623474712,40.29674884333879,0 -111.3794360713082,40.29669778939817,0 -111.3798113703659,40.29648033473826,0 -111.3800987018995,40.29631271886978,0 -111.3803624490635,40.29613617020991,0 -111.3805085878923,40.29596901733925,0 -111.3805825749357,40.29573453205789,0 -111.3805812607004,40.29550029467669,0 -111.3805862750964,40.29547135821341,0 -111.3806223029291,40.29526591739512,0 -111.3807504871303,40.29504476781852,0 -111.3808556241545,40.29491018309799,0 -111.3810898948991,40.29472381982334,0 -111.3813009918044,40.29460149834683,0 -111.381512468697,40.29454674559619,0 -111.3815547137699,40.29454777746509,0 -111.3818419554719,40.29455466755339,0 -111.3823657011302,40.29458447046611,0 -111.3830140547967,40.29480305421975,0 -111.3833503130722,40.29490545749254,0 -111.3838331925717,40.29505260064563,0 -111.3846772999183,40.29534710455788,0 -111.3848707179787,40.29542754479547,0 -111.3852125125713,40.29553001426771,0 -111.3856249794239,40.29564576131644,0 -111.3859428860164,40.29568524300915,0 -111.3859895957162,40.29568508747776,0 -111.3861782006034,40.29568445781538,0 -111.3864602976538,40.29563396490244,0 -111.3868197127006,40.29552465219012,0 -111.3870769461805,40.2954472130812,0 -111.3876762769853,40.29531907587138,0 -111.3879466564111,40.29527762754265,0 -111.3879753800423,40.29528023390834,0 -111.3882821592034,40.29530803513649,0 -111.3888946988361,40.29543210798079,0 -111.3896606150237,40.29562863640599,0 -111.3907032015391,40.2958539566881,0 -111.391074344092,40.29594279635692,0 -111.3914688365541,40.29600002276418,0 -111.3917208849582,40.29604421607286,0 -111.391904796148,40.29610665848778,0 -111.3921465426724,40.29620043710803,0 -111.3923044916522,40.29624945240424,0 -111.3923367043399,40.29624483857268,0 -111.3925290372355,40.2962171583173,0 -111.3926523435847,40.29617619837004,0 -111.3929692907765,40.29604899161509,0 -111.393479876116,40.29583553756531,0 -111.3939730979194,40.29567169190601,0 -111.3941841741634,40.29554934747951,0 -111.3942777507682,40.2954544305856,0 -111.3946160482194,40.29495326098113,0 -111.3950944514138,40.2942669208071,0 -111.3954431100335,40.29352696639401,0 -111.3956532053172,40.2932379497345,0 -111.3959283763567,40.29301177589325,0 -111.3962328010334,40.29275847325613,0 -111.3963850124735,40.29263182123892,0 -111.396578427839,40.29250953297598,0 -111.3969368969599,40.29244523858575,0 -111.3971782895481,40.29247954620167,0 -111.3975143951099,40.29261443245111,0 -111.3980867261505,40.292905267527,0 -111.3982910955726,40.29298591828326,0 -111.3986527824588,40.29312855160899,0 -111.3994017887595,40.29345030336366,0 -111.3996672265529,40.2935710126357,0 -111.3997915596765,40.2937057226707,0 -111.3998869571664,40.29392161651637,0 -111.3999292462567,40.29410976483231,0 -111.3999952625486,40.29433116550197,0 -111.4001492508563,40.29450631427462,0 -111.4003740991719,40.29472626451027,0 -111.4007170840322,40.29502688907196,0 -111.4012663436413,40.29538986219124,0 -111.4018037374039,40.29573485545336,0 -111.4022108583822,40.29593615032635,0 -111.4024995481684,40.29600722102511,0 -111.4026643225477,40.29601565667883,0 -111.40296424397,40.29599659423758,0 -111.4031227067861,40.2959329766752,0 -111.4034452486855,40.29576067569802,0 -111.4037330536312,40.29568309297587,0 -111.4041269109843,40.2956321663551,0 -111.4050095560566,40.29566511710544,0 -111.4057687753038,40.2957174140215,0 -111.4063927055743,40.29577288387073,0 -111.4064751143235,40.29578070291032,0 -111.4067399843817,40.29580319600457,0 -111.4068999446894,40.29579362433024,0 -111.4070456505301,40.29576157942351,0 -111.4071512986958,40.29572066579101,0 -111.4074805096878,40.29548526427084,0 -111.40772560064,40.29534926145349,0 -111.4081660545053,40.2952215783224,0 -111.4087891457493,40.29513829440108,0 -111.4092478758391,40.29511505082857,0 -111.4096773702579,40.29512163938595,0 -111.4100658547873,40.29515629987382,0 -111.410265897923,40.29516009569186,0 -111.4103164353442,40.2951509069341,0 -111.4105126489619,40.29510516456543,0 -111.4106233043369,40.29492008103745,0 -111.4108443464906,40.29450576956265,0 -111.4111766009749,40.29399916700206,0 -111.4113282680359,40.29378690896727,0 -111.4114797428574,40.29354311887855,0 -111.41160727578,40.29323184473422,0 -111.4116404676314,40.29288486809017,0 -111.4116510668535,40.29282843180879,0 -111.4117031538686,40.29255130024655,0 -111.4117614886665,40.29227630878202,0 -111.411853092571,40.29205525494175,0 -111.4120279280814,40.29178435278762,0 -111.4123842924496,40.29137676381038,0 -111.4126763131889,40.29102976462256,0 -111.4128505944389,40.290668770956,0 -111.4128780325809,40.29034433773277,0 -111.4128058268967,40.29007882069483,0 -111.4127452436156,40.2898865073576,0 -111.4126978556877,40.28973595083504,0 -111.412679940586,40.28969186920314,0 -111.4126793926137,40.2896017776383,0 -111.4126966016396,40.28952964221877,0 -111.4127315667654,40.28947546163162,0 -111.4128723309738,40.28940738945581,0 -111.4129781579041,40.2893980025713,0 -111.4131841218359,40.28941078131467,0 -111.4133372818969,40.28944627111133,0 -111.4135140532768,40.2894951905789,0 -111.4137316997988,40.28949441285064,0 -111.4139209236251,40.2894631043129,0 -111.4139561896866,40.28945847357259,0 -111.4139961566319,40.28945292463243,0 -111.4143422514597,40.28929402315757,0 -111.4146823787791,40.28912162782197,0 -111.4148749326602,40.28905787222365,0 -111.4151583762852,40.28904334128632,0 -111.4156702462156,40.28905952225161,0 -111.4162305497128,40.28910796028446,0 -111.4166122699282,40.28919577824195,0 -111.4169831591562,40.28924399347885,0 -111.4172208470921,40.28925016393581,0 -111.4172890947992,40.28925190029749,0 -111.4174830500522,40.28922507370997,0 -111.4176299910765,40.28920562357083,0 -111.4178531855937,40.28915076160862,0 -111.4180500343202,40.28907815632699,0 -111.4180996869009,40.28905977852671,0 -111.418298961977,40.28894193710185,0 -111.4185327530213,40.28869783968222,0 -111.418661072868,40.28852079352008,0 -111.4189014440718,40.28839018935246,0 -111.4192893375097,40.28833472851831,0 -111.4197480667012,40.28831955124886,0 -111.420059518,40.28826886918978,0 -111.4203412503344,40.28816874386531,0 -111.4207931747875,40.28800493375084,0 -111.4212337804681,40.28791323716298,0 -111.4215572449373,40.28790304971142,0 -111.4218811289197,40.28796042956815,0 -111.4224993980073,40.28806088000391,0 -111.4228535067057,40.28805958627517,0 -111.423240392234,40.28803204451117,0 -111.4240041488717,40.28788059510192,0 -111.4245208409585,40.28770968587559,0 -111.4247613990118,40.2876300614825,0 -111.4253367609681,40.28739775991975,0 -111.4255945747597,40.28729365476985,0 -111.4261343733123,40.28707544485588,0 -111.4264398741707,40.28701575838745,0 -111.4264817608158,40.28701650530809,0 -111.426645777017,40.28701950395443,0 -111.42692857116,40.28709053537823,0 -111.4272470562676,40.28722449976345,0 -111.427872151653,40.28747445037341,0 -111.4282910630194,40.2876756101909,0 -111.4286156342131,40.28784108075454,0 -111.4290410880097,40.28814582064207,0 -111.4295088614394,40.28863058763103,0 -111.4296632827351,40.28886425678616,0 -111.4299296116572,40.2891200326137,0 -111.4301894313869,40.28927673012771,0 -111.4305725529741,40.28939693019552,0 -111.4311328313185,40.28962458113911,0 -111.4314677987149,40.2898865847874,0 -111.4317280406527,40.29009012540747,0 -111.4319250268214,40.2902441702587,0 -111.4324813525786,40.29077274003214,0 -111.4330495729284,40.29132018237659,0 -111.4333343200088,40.29169300255735,0 -111.4335177425151,40.29185898746278,0 -111.4336593259871,40.29192152213578,0 -111.4338005636076,40.29193000215227,0 -111.4338472715108,40.29192982674147,0 -111.4339240972305,40.29192953895814,0 -111.4339710934929,40.29191945215096,0 -111.4340063370965,40.29191121195269,0 -111.4340592164257,40.29190110321641,0 -111.4343233588485,40.29181092003902,0 -111.4348342424286,40.29166935695709,0 -111.4356220640345,40.29159882369063,0 -111.4363227643291,40.29151960403765,0 -111.4368915227698,40.29141385115488,0 -111.4373498333463,40.29133103533183,0 -111.4376981173685,40.29124503114667,0 -111.4378314399331,40.29121209331552,0 -111.4383825276138,40.29092170867224,0 -111.4391036475132,40.2905450881595,0 -111.4395958721866,40.29025041668328,0 -111.440000733902,40.29009121490266,0 -111.4405239423678,40.29003967285355,0 -111.4410354143445,40.28999267718727,0 -111.4414526737092,40.28993162491327,0 -111.4418113566291,40.28990863308083,0 -111.4418299553487,40.28991027418018,0 -111.4422057080557,40.28994316399532,0 -111.4425414722577,40.290013954576,0 -111.4428481481126,40.29013440686288,0 -111.4431311785125,40.29023693027091,0 -111.4431595571906,40.29024078597907,0 -111.443462772735,40.29028142747289,0 -111.4434903267597,40.2902851057078,0 -111.4435370328663,40.29028492686665,0 -111.44370797418,40.29028427111574,0 -111.4440375939055,40.290314539117,0 -111.444255743484,40.29039028066568,0 -111.4445039246409,40.29056050475349,0 -111.4447702275119,40.29080273236023,0 -111.4451671571034,40.29122914808387,0 -111.4452563696925,40.29137745792204,0 -111.4453571103618,40.29148968671478,0 -111.445433943268,40.29154434738443,0 -111.4455814430444,40.29161044813821,0 -111.4457228010392,40.29163693186341,0 -111.4457638531494,40.29163569233403,0 -111.4457695080441,40.29163675165545,0 -111.4459047808511,40.29163262674274,0 -111.4460400725228,40.29163120426451,0 -111.4462305225496,40.29162668604582,0 -111.4464523183898,40.29164763333827,0 -111.4468295685884,40.29176329796109,0 -111.4472187349391,40.29190143827859,0 -111.4478391563901,40.29213868586884,0 -111.4482034942047,40.29225799968568,0 -111.4484336874963,40.29237422923408,0 -111.4486585358119,40.2925715620605,0 -111.448788697205,40.29268367307292,0 -111.4489008833092,40.29274630359461,0 -111.4489893601782,40.29278199719666,0 -111.4491718403518,40.29279930782974,0 -111.4492121899794,40.29279852054685,0 -111.4492185473566,40.29279912625454,0 -111.4494724139509,40.29279417644442,0 -111.4497719239447,40.29280598568759,0 -111.4499849333632,40.29281416685048,0 -111.4503667523932,40.29290727855538,0 -111.4509031166864,40.29306285248927,0 -111.4511211629587,40.29312056302152,0 -111.4513628591775,40.29319619933275,0 -111.4515929114336,40.29328989908485,0 -111.4517408172484,40.29341545220495,0 -111.4518658223118,40.29363569171184,0 -111.4519559233348,40.29391462838305,0 -111.4520287964673,40.29425669662867,0 -111.4522557028232,40.29476033047359,0 -111.4524407117543,40.2951560162152,0 -111.4525907870006,40.29560589454009,0 -111.4526055885415,40.29606080577075,0 -111.4523329381747,40.29663846702078,0 -111.4521109482983,40.29687357607597,0 -111.4520349804697,40.29695045241437,0 -111.4519813375725,40.29702273612648,0 -111.4519476965634,40.29709494165454,0 -111.451971708531,40.29716692237776,0 -111.4520777223109,40.29718452718512,0 -111.4521244329091,40.29718434425138,0 -111.4522106774645,40.29718400715996,0 -111.4522541514327,40.29717482826948,0 -111.4523893092554,40.29715177655306,0 -111.4525893604759,40.29715549894843,0 -111.4527250231518,40.29720812289545,0 -111.4528608484228,40.29728507079335,0 -111.4532210944113,40.29749087407907,0 -111.4535519574052,40.29770129595148,0 -111.4539356494226,40.29789349113053,0 -111.4543783248215,40.29810797665986,0 -111.4546796278527,40.29829598793977,0 -111.455040579917,40.2986053895884,0 -111.455354379412,40.29890146134608,0 -111.4555561293467,40.29915743212769,0 -111.4557753191744,40.29938180065376,0 -111.4560709915653,40.29960586766677,0 -111.4566142441401,40.29990103137006,0 -111.4570039018693,40.30010220215757,0 -111.4572226434376,40.30025900026796,0 -111.4573413099884,40.30040718478073,0 -111.4573721841864,40.30062328535658,0 -111.4572965217849,40.30074521021536,0 -111.4571498044411,40.30079984558553,0 -111.4567446777228,40.30092307114439,0 -111.4566272238977,40.30095506701589,0 -111.4563162585873,40.30108242416389,0 -111.4560527521718,40.30126815330733,0 -111.4557076643554,40.30157132405659,0 -111.4556445460286,40.30161688940252,0 -111.4550870219188,40.30201972713112,0 -111.454355854363,40.30265775551921,0 -111.4538000316624,40.30312391495231,0 -111.4531441824533,40.30359046371956,0 -111.4527051137902,40.30392102164609,0 -111.4523593962548,40.30413409185785,0 -111.4523079964508,40.30417294243248,0 -111.4520303909769,40.30438313317646,0 -111.4517151137532,40.30457355967804,0 -111.4510816020519,40.30486432820793,0 -111.4509349907093,40.3049369740741,0 -111.450624025399,40.30506882048357,0 -111.4503955505846,40.30521836320337,0 -111.4502205363094,40.30544427628074,0 -111.4501167225036,40.30576000527321,0 -111.4499784133908,40.30619749298588,0 -111.4499631833535,40.30656242836192,0 -111.4498595761602,40.30690968825287,0 -111.4496262845793,40.30722141522271,0 -111.4492924275005,40.3074524491332,0 -111.4489345422846,40.30778718196134,0 -111.4487962349685,40.30804898708534,0 -111.4486919944629,40.30830165149247,0 -111.4485527762552,40.30860400220724,0 -111.4483898065913,40.30887401146947,0 -111.4481918116144,40.30918649933984,0 -111.4480166904397,40.30939889532191,0 -111.4477355959092,40.30960269227521,0 -111.4469734292895,40.30998862415616,0 -111.4469556004261,40.30999761224152,0 -111.4466164307108,40.31031875140999,0 -111.4463358024059,40.31059461681065,0 -111.445996300314,40.31086620458964,0 -111.4456099888092,40.31117851336163,0 -111.4452125265168,40.31158546091886,0 -111.4451132042874,40.31169395441706,0 -111.4449726628612,40.3117981014354,0 -111.4448143797081,40.31188880319213,0 -111.4445911330886,40.31194371656245,0 -111.4443325799836,40.3119987655171,0 -111.4441624974593,40.31208500700824,0 -111.4440969177486,40.31213480948237,0 -111.4440398127443,40.31222061719937,0 -111.4440287230421,40.31232426610158,0 -111.4440885688063,40.3124771937335,0 -111.4441656550375,40.31256699107747,0 -111.4442313263763,40.31271088728248,0 -111.4442148548673,40.312891135391,0 -111.444151330502,40.31307516892515,0 -111.4440408323321,40.31327469762196,0 -111.443853535392,40.31342857385442,0 -111.4437032265837,40.31349780136537,0 -111.4436071284079,40.31354213529328,0 -111.4431901547075,40.31366896182612,0 -111.4430433448373,40.31371547181525,0 -111.4428967056469,40.31378810747659,0 -111.4427914922659,40.31389662141024,0 -111.442738414409,40.314058991274,0 -111.4427289704204,40.31423470811779,0 -111.4426298754648,40.31437923573703,0 -111.4424835875157,40.31450592507372,0 -111.4423374747381,40.31465964164293,0 -111.4422795405888,40.31479950647075,0 -111.4422748612645,40.31498421428898,0 -111.4424009353231,40.31536662622641,0 -111.442669269285,40.31590615602028,0 -111.4427886095721,40.31615795881474,0 -111.4428670513611,40.31645496394238,0 -111.4428922976138,40.3167161361368,0 -111.4428412481529,40.31700913257128,0 -111.4427075186515,40.31725739900889,0 -111.4424799493388,40.31755467464576,0 -111.4423404266022,40.31781737752783,0 -111.4421133881939,40.3181966350612,0 -111.4418460944811,40.31872019303968,0 -111.4418334551851,40.31874943187113,0 -111.4415968021083,40.31929773792336,0 -111.4414248816309,40.31966534149581,0 -111.4413646334214,40.31979413319501,0 -111.4412481955909,40.31998827642283,0 -111.4411018636244,40.32011045946916,0 -111.4409316975568,40.32018768743466,0 -111.440679083214,40.32025621899533,0 -111.4402380607152,40.32031195361812,0 -111.4396144861776,40.3203503620236,0 -111.4393555764413,40.32035585020885,0 -111.4387671646589,40.32037159766124,0 -111.4385022532782,40.32035908846397,0 -111.4383022802111,40.32037786458736,0 -111.4382318055805,40.32040065496135,0 -111.4381497651405,40.32045502101639,0 -111.4381147461158,40.32050020034811,0 -111.4380393181746,40.32066715690762,0 -111.4379536341679,40.32106839340897,0 -111.4379009821125,40.32129922995553,0 -111.4378680355011,40.3214831433182,0 -111.4378877409452,40.32161820794914,0 -111.4380233766716,40.32184292581823,0 -111.4383787861306,40.32219744506477,0 -111.4387044227262,40.32249802065927,0 -111.4392128539056,40.32285195705305,0 -111.4396739744123,40.32317003393953,0 -111.4398679161906,40.32330894011301,0 -111.440028667914,40.32341193505707,0 -111.4402880286046,40.32347401315918,0 -111.4406471759535,40.32349516905323,0 -111.4409301075387,40.32356166043037,0 -111.4411368305468,40.32367438845414,0 -111.4413087591091,40.32386653096292,0 -111.4417234304274,40.32427937412402,0 -111.4420081891859,40.32462514235988,0 -111.442226180661,40.32484053126675,0 -111.4424223987702,40.32496591069183,0 -111.442652575892,40.32506413167171,0 -111.4430713516129,40.32520217239247,0 -111.4433841333167,40.32533160756979,0 -111.4437682484406,40.32556888020947,0 -111.4438237122229,40.32560812799804,0 -111.4440037040631,40.3257354585206,0 -111.4442117233402,40.32588250164572,0 -111.4445500558257,40.32613796543111,0 -111.4447033209895,40.32635359879589,0 -111.444793317808,40.32661452108092,0 -111.4447657530035,40.32689841818495,0 -111.4446213039058,40.32730889448787,0 -111.4444589954019,40.32768880750596,0 -111.4444187418941,40.32783310977798,0 -111.4443845385396,40.32800261495434,0 -111.4443972317346,40.32814311094886,0 -111.4444579497629,40.32842666879689,0 -111.4445773187962,40.32867846872328,0 -111.4446847393379,40.32890328704212,0 -111.4448807427497,40.32917281109149,0 -111.4451947596371,40.3294869266561,0 -111.4455202839432,40.32976045522584,0 -111.4457580194899,40.3299307150194,0 -111.4460106140697,40.33003334786637,0 -111.446476662734,40.33019371625655,0 -111.4471851038115,40.33051531201131,0 -111.447632715453,40.33073502789401,0 -111.4478405784232,40.33083710893558,0 -111.4484487926678,40.33113205808442,0 -111.4491101350749,40.33144932007752,0 -111.4494348482023,40.33159671164213,0 -111.4496122340299,40.3317176472097,0 -111.4498788072938,40.33197337378309,0 -111.4502652382745,40.33237278180555,0 -111.4506021047095,40.33275346135355,0 -111.4510357520398,40.33334728182581,0 -111.451534093342,40.33393183895042,0 -111.4517939831402,40.33427740982852,0 -111.451908250641,40.3344294899814,0 -111.4523045514117,40.33471623638614,0 -111.4525837918195,40.33510254103254,0 -111.4529520831197,40.33560111195808,0 -111.4530492035783,40.3357762317779,0 -111.4531665810466,40.33598766900518,0 -111.4532581436285,40.33622929821829,0 -111.4533882951402,40.33657240046335,0 -111.4535269456127,40.33705925625707,0 -111.4536458448271,40.33723356909376,0 -111.4538469794158,40.33738143281865,0 -111.4541539508164,40.33751086175713,0 -111.4550742128412,40.33780094546668,0 -111.4558002815595,40.33809989586915,0 -111.4561133282663,40.33825632364977,0 -111.4564384168896,40.33845234333661,0 -111.4567464617769,40.33873942253948,0 -111.4571210853015,40.33929651479595,0 -111.4574127844439,40.33977735558566,0 -111.4576388517734,40.34012782095746,0 -111.4579175055813,40.34041951822405,0 -111.4582251632947,40.34064713415821,0 -111.4583694920182,40.34074890715227,0 -111.4585504944631,40.34087648093565,0 -111.4588227810122,40.34109612679347,0 -111.4591496375199,40.34154979564689,0 -111.4595778284833,40.34218775043531,0 -111.4597331804335,40.3425249785922,0 -111.4599367305921,40.34302418140489,0 -111.4601325606291,40.34325313736632,0 -111.4604048004658,40.34346377063228,0 -111.460653278965,40.34364296576356,0 -111.4611613705813,40.34390671325325,0 -111.4620692214821,40.34425895442568,0 -111.4629025346723,40.34455743117995,0 -111.4635404966275,40.34487019892148,0 -111.4642081784456,40.34522338536777,0 -111.4648755575314,40.3455315231253,0 -111.4651489678729,40.34570340067065,0 -111.46550232019,40.34592540791948,0 -111.4662356499907,40.34640444671406,0 -111.4671867880102,40.34687809740514,0 -111.4673263089502,40.34692753531434,0 -111.4679540319078,40.34714977678817,0 -111.4687622129312,40.34738074389951,0 -111.4694756387602,40.34753100693653,0 -111.4698290036536,40.34754759083311,0 -111.4699768268235,40.3475714051454,0 -111.4701885435663,40.34760559028027,0 -111.4704656891028,40.34771888061887,0 -111.4707317368523,40.34782771039402,0 -111.4711744481839,40.34799257832677,0 -111.4715625275732,40.34822550606327,0 -111.4716888136341,40.34830129974341,0 -111.4720733779157,40.34857000691876,0 -111.4724109405449,40.34885241845208,0 -111.472653615029,40.34903611638491,0 -111.473262226329,40.34934894962062,0 -111.4736515507832,40.34955564922971,0 -111.4739359214696,40.34970655917216,0 -111.4741372321281,40.34986790019035,0 -111.4743505083462,40.35005621920496,0 -111.4744936405137,40.35031689922838,0 -111.4750297469905,40.35120210485594,0 -111.4753776896528,40.35195294420225,0 -111.4754665042883,40.35219132331973,0 -111.4756334813367,40.35249244511819,0 -111.4759433174647,40.35301370385867,0 -111.4762007701336,40.35362076568791,0 -111.4765648761828,40.35432198341022,0 -111.4768513668932,40.35487036396752,0 -111.4770057863923,40.35505892024565,0 -111.4772246896573,40.35520666891354,0 -111.4775494881247,40.35534136690064,0 -111.4783357367805,40.35561650203886,0 -111.4788424575677,40.35583062623635,0 -111.479274198673,40.35609911379235,0 -111.4795946106669,40.35644463957772,0 -111.4800167541717,40.35701947738678,0 -111.4801964342965,40.35744666816991,0 -111.4805478660155,40.3580127875027,0 -111.4807388918623,40.35847794935304,0 -111.480793539076,40.3586108781612,0 -111.4810017478976,40.35890821670659,0 -111.4811382864309,40.35906350716601,0 -111.4812757349575,40.35918095585863,0 -111.4820375521326,40.35965527046468,0 -111.4828298707047,40.36011143409546,0 -111.4835167234693,40.36064010663934,0 -111.4837362052494,40.36086441871072,0 -111.4838905942057,40.36104395708887,0 -111.4839734835536,40.36110667411549,0 -111.484097374706,40.36113858876011,0 -111.4841441293216,40.36113839299419,0 -111.4842681408483,40.36113787414603,0 -111.4844033112474,40.36110036990184,0 -111.4847142720661,40.36094140632515,0 -111.4853595175617,40.36059184654249,0 -111.4863443091666,40.35996607621012,0 -111.4876160208767,40.35911836230707,0 -111.4885082563629,40.35856503639841,0 -111.4894041075682,40.35802520210087,0 -111.4897854998985,40.35783817856551,0 -111.4904602658309,40.35750720419789,0 -111.4915645594198,40.35713313935933,0 -111.4926564751224,40.35667803373019,0 -111.4931200264702,40.35645533283706,0 -111.4934190055597,40.35627387372598,0 -111.4936822595487,40.35603851146805,0 -111.493968670309,40.35574899426862,0 -111.4940612327159,40.35560382139083,0 -111.4942364607902,40.35532892305695,0 -111.4943930667886,40.35500392283644,0 -111.4946251555254,40.35453355145187,0 -111.4948577482171,40.35413254814058,0 -111.4950692763137,40.35375010322743,0 -111.4951424979925,40.35361780491148,0 -111.495374121402,40.35308527104991,0 -111.4956982398447,40.35248026568283,0 -111.4958915024966,40.3521776295231,0 -111.4961140466335,40.35201450930742,0 -111.4962619210074,40.35194630573758,0 -111.4963842194468,40.35192325834144,0 -111.4967433353547,40.35191721204411,0 -111.497226191498,40.35192414625443,0 -111.4980215580539,40.35199279756793,0 -111.4988466974733,40.3521063612181,0 -111.499730782545,40.35222867369564,0 -111.5001966766991,40.35233026560014,0 -111.5004801194258,40.35244165444163,0 -111.5006453088267,40.3524859853831,0 -111.5007217833052,40.35247664560182,0 -111.5009340075961,40.35251176339186,0 -111.5011351349983,40.35247935997803,0 -111.5013752205378,40.35246030115255,0 -111.5015225469394,40.35247768069306,0 -111.5016649541664,40.35262571432649,0 -111.5017722022315,40.35279642438208,0 -111.5019797094689,40.35298922126523,0 -111.5021872185029,40.35318201828174,0 -111.5025837402592,40.35345507633305,0 -111.5029319236701,40.3535616733583,0 -111.5033626056617,40.35367691909818,0 -111.5039175030975,40.35386820056414,0 -111.5041654632688,40.35395721241091,0 -111.5045731016767,40.35414012287808,0 -111.5048389625766,40.35426058676123,0 -111.5052700218607,40.35442537461923,0 -111.5058535629776,40.35450841154463,0 -111.5061306644967,40.35455674992884,0 -111.5064614313708,40.35469494390158,0 -111.5068765132192,40.35508412498061,0 -111.5070547443615,40.35529596034583,0 -111.5073748212837,40.35557834645184,0 -111.5076005912708,40.35584763114395,0 -111.5077016005363,40.3559688121219,0 -111.5079662909314,40.35593161304937,0 -111.5083405982491,40.35587591331944,0 -111.5083721246239,40.35587127001887,0 -111.5087666215776,40.35586953536988,0 -111.5095027586136,40.35588431342791,0 -111.5100505135446,40.35590442206892,0 -111.5107626700541,40.35601839875976,0 -111.511130196888,40.35618795018847,0 -111.5112954096451,40.35623316652336,0 -111.5116388158153,40.35648300414486,0 -111.5117399005393,40.35661319050304,0 -111.5121302176319,40.35683669247103,0 -111.5124256861053,40.35697592706138,0 -111.5128573885831,40.35722086544475,0 -111.5133057404363,40.35733149116566,0 -111.5136480722214,40.35743808137835,0 -111.5141379109694,40.35758365555011,0 -111.5146273194244,40.35767247219248,0 -111.514945685056,40.35772420905803,0 -111.5150812911381,40.35774702926092,0 -111.51532250047,40.35771892721737,0 -111.5156809920487,40.3576272376559,0 -111.5160462299752,40.35764813161953,0 -111.5163529983566,40.3577233403883,0 -111.5167245721008,40.3578027637252,0 -111.5170664987457,40.35785529043793,0 -111.5175677173518,40.35794764505109,0 -111.5178857829461,40.35795973519477,0 -111.5180079870624,40.35776999457656,0 -111.5180687985155,40.35766791868924,0 -111.5181533290855,40.35752609593995,0 -111.5181942356686,40.35748537101092,0 -111.5183058001386,40.35744432980267,0 -111.5185819215957,40.35736200977781,0 -111.5188698532039,40.357284139817,0 -111.519340143713,40.3571829284482,0 -111.5197875711998,40.35717190878032,0 -111.5201823520211,40.35720617119306,0 -111.5206946531428,40.35720836992323,0 -111.5209533769277,40.35716125807589,0 -111.5211062387481,40.35713083931527,0 -111.5213414437406,40.35708833708856,0 -111.5217470986684,40.35700542518804,0 -111.5220644653734,40.35692741516942,0 -111.5221404547616,40.35685499843494,0 -111.5221870449855,40.35678812023935,0 -111.5222571001029,40.3565571689165,0 -111.5222890962967,40.35627773935504,0 -111.5222942885591,40.35618762434433,0 -111.5223113269051,40.35610646446194,0 -111.5224229219179,40.35606992400022,0 -111.5225694613952,40.35598367435769,0 -111.5229099570239,40.35585150227383,0 -111.5233501288182,40.35566482319945,0 -111.5237963606474,40.35550063735479,0 -111.524119501723,40.35540908168761,0 -111.5244138643703,40.35540324312283,0 -111.5246555156733,40.35543367909212,0 -111.5251966239695,40.35550780120656,0 -111.5254158317635,40.35552932903863,0 -111.5256805455148,40.35549659369727,0 -111.5260811716736,40.35552630468259,0 -111.5266348509939,40.35555081236791,0 -111.5271002115487,40.35557571982308,0 -111.5272190038636,40.35558689035341,0 -111.5272828785719,40.35559290551689,0 -111.5277422455671,40.35560432453687,0 -111.5281249638108,40.35560257755901,0 -111.5282605636046,40.35562448118004,0 -111.5285671244751,40.355672631197,0 -111.5288908934732,40.35566214180997,0 -111.5293613681369,40.35558791581322,0 -111.5297553683222,40.3555230475783,0 -111.5301792312025,40.35551209609451,0 -111.5308267656054,40.35549110768515,0 -111.532074659384,40.35544032748176,0 -111.5324625195844,40.3553439463042,0 -111.5326853044698,40.3552212965145,0 -111.533060926921,40.35506640930938,0 -111.5333489735135,40.35500652210513,0 -111.5337733655015,40.35506312411599,0 -111.5343452042652,40.35515057496453,0 -111.535022957096,40.35522852474424,0 -111.5354622754907,40.35523640193242,0 -111.5355588659433,40.35523955842084,0 -111.5357587707385,40.35520259580247,0 -111.535999711474,40.35514291956275,0 -111.5361116182023,40.35514690573869,0 -111.5364901943141,40.35536587533774,0 -111.5369226944959,40.35570171231743,0 -111.5371075803578,40.35599815735034,0 -111.5372044340167,40.35633104695264,0 -111.5373074977293,40.35670444949796,0 -111.5374561302813,40.35688394282211,0 -111.5376046173061,40.35691163106748,0 -111.5376684228441,40.35692349686814,0 -111.5380048023922,40.35701742993338,0 -111.53842439019,40.35720827408812,0 -111.5387150149474,40.35747179055282,0 -111.5393423579176,40.35787067660738,0 -111.5397271719308,40.35813014766812,0 -111.5401285742341,40.35825440217067,0 -111.5405116661769,40.35829765800899,0 -111.5406156524592,40.35834149771906,0 -111.5409134313995,40.35846695453967,0 -111.5411025384449,40.35855165672285,0 -111.5414333241836,40.35868074179935,0 -111.5418821269912,40.35884080525332,0 -111.5420891895625,40.3589614585643,0 -111.5424730450733,40.35909930125099,0 -111.5425910998713,40.35913478454639,0 -111.542650126372,40.35915252584486,0 -111.5426790539208,40.35914698468436,0 -111.5427030416338,40.35914236762071,0 -111.5427383058986,40.35913409386919,0 -111.5428319399956,40.35906158093432,0 -111.5431007015555,40.35890148720114,0 -111.5432128696935,40.35883456243458,0 -111.5436241058542,40.3587155113598,0 -111.5438944933648,40.35865568010479,0 -111.54416523571,40.35863999224044,0 -111.5445589565192,40.35853993906566,0 -111.5449639736431,40.35838037049294,0 -111.545485409733,40.35805358193497,0 -111.5457515670769,40.35795160368008,0 -111.5459021983804,40.35789395471072,0 -111.5462192866077,40.35778434780927,0 -111.5466367265337,40.3577057972278,0 -111.5469900510029,40.35770863187098,0 -111.5471556105098,40.3577934356328,0 -111.5473438488843,40.35777002195772,0 -111.5474717734724,40.35771536149554,0 -111.5478140621383,40.35766419004621,0 -111.5481316201845,40.35761313561301,0 -111.5485960411016,40.35760669895799,0 -111.5490021496786,40.35749639131207,0 -111.5493375895888,40.35747227588705,0 -111.549549817473,40.35750279991174,0 -111.5497892553272,40.35754850959748,0 -111.5499090295006,40.35750559691416,0 -111.5501318619968,40.35739192256332,0 -111.5504368346458,40.35724182045796,0 -111.5507068807966,40.3571414338925,0 -111.5513059978023,40.35695839602811,0 -111.5513353403728,40.35694618385696,0 -111.5517872037405,40.35675789914268,0 -111.552362688766,40.35656595912944,0 -111.5528087076945,40.35638364463544,0 -111.5532908622535,40.35615610986957,0 -111.5538002815798,40.35595096524975,0 -111.5542705451395,40.35585411588539,0 -111.5547528416323,40.35578873928551,0 -111.5557118399105,40.35569404397178,0 -111.5559180670486,40.35571107150405,0 -111.5561183680008,40.35572362206716,0 -111.5561774627734,40.35574946455514,0 -111.5561720630003,40.35580895132216,0 -111.5561837985911,40.35652061979997,0 -111.5561711027012,40.3568816783656,0 -111.5561456139034,40.35760640940091,0 -111.5560958445417,40.35871567769838,0 -111.5561653049744,40.36000275488446,0 -111.5561123070676,40.36071923905001,0 -111.5561171552752,40.36130931627991,0 -111.5561735937295,40.36172797166882,0 -111.5561619021561,40.36206803378271,0 -111.5561402617409,40.36270220302863,0 -111.5561357180622,40.36285159686221,0 -111.556145863635,40.36336957560628,0 -111.5561774169594,40.36362618494914,0 -111.5561816372445,40.36413968681105,0 -111.5561936719744,40.36488738964324,0 -111.556177153753,40.36502711136749,0 -111.55613782012,40.36525703437246,0 -111.5560159914994,40.36548104703368,0 -111.5559292510739,40.365675161489,0 -111.5557903975821,40.36597763576859,0 -111.5556868254231,40.36627363385008,0 -111.555635319618,40.36645586615982,0 -111.5556727021102,40.36670524086175,0 -111.5558090942181,40.36681990221159,0 -111.5559577240752,40.36699036210108,0 -111.5561739350893,40.36714319940695,0 -111.5562361335413,40.36718722500663,0 -111.5565222406711,40.36746062810038,0 -111.5568121809122,40.36777004885,0 -111.5574931272537,40.36821722583279,0 -111.5577475813461,40.36836464999415,0 -111.558115638186,40.36871873660055,0 -111.5584846652064,40.36918993571686,0 -111.558866257861,40.36975566898383,0 -111.5591694347778,40.37009655158097,0 -111.5594672918716,40.37050592872129,0 -111.5597414316451,40.37089559958351,0 -111.5599385516629,40.37122978578158,0 -111.5602725902013,40.3717398878473,0 -111.5604460306281,40.37205887239937,0 -111.5606471759966,40.37228096397513,0 -111.5606897345815,40.37232796602065,0 -111.5609163705446,40.37266921475264,0 -111.5612136446317,40.37300561569226,0 -111.5614153065315,40.37317581082471,0 -111.5616587562617,40.37341337099407,0 -111.5617609728629,40.37366513098488,0 -111.5618799601122,40.37380869913636,0 -111.5620233671641,40.37405575400926,0 -111.5620833854049,40.37419059911377,0 -111.5622496033769,40.37434745166856,0 -111.5624570495288,40.3745041026562,0 -111.5626647579888,40.37469228442527,0 -111.5627476248788,40.37474143162029,0 -111.5627836374402,40.37482233843954,0 -111.5627962632616,40.37492408039086,0 -111.5628498845992,40.37499769449904,0 -111.5627483929384,40.37525855320145,0 -111.5626783441092,40.37561745767584,0 -111.5626588389894,40.37610494796203,0 -111.5626161726067,40.37664029876375,0 -111.5625600341896,40.37694399943368,0 -111.5625203547052,40.37715879017865,0 -111.5624461879987,40.37747627297864,0 -111.5624066028374,40.37764583750187,0 -111.5623682582495,40.37799287606649,0 -111.5623918525004,40.37870538472679,0 -111.5624306758904,40.37912412093401,0 -111.5624566632532,40.37941589040231,0 -111.5624801919272,40.37955361598637,0 -111.5624938840487,40.37964183912687,0 -111.5625665056529,40.37987482244358,0 -111.5628582137785,40.3802454805387,0 -111.5635470940407,40.38091781093608,0 -111.5639032140671,40.38124130463616,0 -111.5643501941929,40.3818643585919,0 -111.5644811703579,40.3820303880083,0 -111.5647849581291,40.38243431626076,0 -111.5648331186081,40.38251606371704,0 -111.5649160528718,40.38265665145551,0 -111.5649821365374,40.38276849244797,0 -111.5650734718455,40.38312480800095,0 -111.5651244647127,40.38358762810633,0 -111.5652037877489,40.38391607401216,0 -111.565324555459,40.38426954244202,0 -111.5654323910224,40.38448523495051,0 -111.5657844506637,40.38502406085893,0 -111.566321604576,40.3858583791766,0 -111.5668838223831,40.38687005271269,0 -111.5674359548045,40.38777303214703,0 -111.5674631926223,40.38781767375585,0 -111.5680299271586,40.38866174929556,0 -111.5681730853772,40.38887276071179,0 -111.5683456616247,40.38907912224334,0 -111.5686080442479,40.38931657433869,0 -111.5689324564397,40.38950417010462,0 -111.5692458867272,40.38964677329922,0 -111.5694059647142,40.38976760888264,0 -111.5695609878811,40.38998756894973,0 -111.5696271389203,40.39014760526413,0 -111.5697489441846,40.39061998392311,0 -111.5697807445456,40.39089820924347,0 -111.5699013972715,40.39123365503306,0 -111.5699430907788,40.39128750423057,0 -111.5700179357133,40.39138839755303,0 -111.5700563117422,40.39144010101175,0 -111.5702470671961,40.3917049293243,0 -111.5702649679248,40.39173186844999,0 -111.5707041776234,40.39211709389523,0 -111.5712136679166,40.39245242003979,0 -111.5713915819535,40.39259118286489,0 -111.5715272868503,40.39275447787585,0 -111.5716358239979,40.39290979913283,0 -111.5716491639798,40.39294063414319,0 -111.5717199539192,40.39310488135777,0 -111.5717651894836,40.39343799477288,0 -111.5716978499733,40.3939743702249,0 -111.5716061032367,40.39427212471128,0 -111.5715621495681,40.39464802221127,0 -111.5716237138095,40.39496123488748,0 -111.5717390098813,40.39535796702808,0 -111.5717954923531,40.39576670083191,0 -111.5717992491076,40.39621083162003,0 -111.5718279368062,40.39681610261172,0 -111.5718652671961,40.39705015465822,0 -111.5718844893466,40.39723294476244,0 -111.5719418719303,40.39732995906126,0 -111.5719990479015,40.3974026497416,0 -111.5720990636303,40.39752467889167,0 -111.572170182353,40.39757387715785,0 -111.5726680897689,40.39792727254112,0 -111.5726900598658,40.39794734400999,0 -111.5728937277037,40.39813336414775,0 -111.5729234152272,40.39816024460384,0 -111.5731018448971,40.39835756031385,0 -111.5731857331716,40.39852291216162,0 -111.5732137498287,40.3987696232785,0 -111.5733022293926,40.39905927789272,0 -111.5733698276178,40.39938777490845,0 -111.5734553696907,40.39974771517196,0 -111.5734866247743,40.3999592740216,0 -111.57348178016,40.40008272283532,0 -111.5734357010775,40.40020727692738,0 -111.5733658471827,40.40030762465643,0 -111.5732960166441,40.40041067442041,0 -111.573085247624,40.40056937865654,0 -111.572845400138,40.4007732723916,0 -111.5727118574862,40.40100636868794,0 -111.5726034910185,40.40142943197787,0 -111.5725070532795,40.40186955431294,0 -111.5724929030172,40.40228584459223,0 -111.5725619133939,40.4027810039358,0 -111.5725634737676,40.4029652321323,0 -111.5725652712965,40.40317738764007,0 -111.5725258666965,40.40339470171271,0 -111.572404616591,40.40382773935996,0 -111.5723016139639,40.40404987259055,0 -111.5721105216418,40.40444631791274,0 -111.5720259290881,40.40489448891412,0 -111.5720655528769,40.40539880213488,0 -111.5721209097597,40.40567330607055,0 -111.5721332283572,40.40573630853164,0 -111.5721502065161,40.40582072967116,0 -111.5722009047358,40.4060738146041,0 -111.5724660820177,40.4067707073016,0 -111.5729146952807,40.40755678145602,0 -111.573156484026,40.40787072070302,0 -111.5733675288289,40.40814463245744,0 -111.5739210419609,40.40879054072226,0 -111.5740700778564,40.40899250527173,0 -111.574112504389,40.40913103496161,0 -111.5740517890556,40.40961422381751,0 -111.5740590977487,40.40978085514389,0 -111.5741075789263,40.40993827393961,0 -111.5741679978157,40.41011365143986,0 -111.5744061178413,40.41039625449351,0 -111.5744953897193,40.41049941603613,0 -111.5746802854626,40.41075976036888,0 -111.5748114969863,40.41094379436188,0 -111.575053378258,40.4111137643644,0 -111.5754214422844,40.41129211482774,0 -111.5760126406409,40.41151439852401,0 -111.5763090092262,40.41171562645793,0 -111.5766661928579,40.41213727226641,0 -111.5770069274384,40.41266116260849,0 -111.5770662845191,40.41275239836601,0 -111.5771920756083,40.41299051181801,0 -111.5773296534924,40.41322856560625,0 -111.5777574509937,40.41363634211185,0 -111.5783330420204,40.41409743207925,0 -111.5786407132086,40.41424003790262,0 -111.5789419910869,40.41432411597296,0 -111.5791678392274,40.4144085714814,0 -111.579338370011,40.41450231224549,0 -111.5795585003748,40.4147444541362,0 -111.5797865736423,40.41522529641922,0 -111.5802348644101,40.41595728782943,0 -111.5804370904519,40.4161724903612,0 -111.5806688306424,40.41639295029632,0 -111.5809891096855,40.41662918099425,0 -111.581492167143,40.41687440180716,0 -111.581927061335,40.41703302550526,0 -111.5821011135145,40.41709656447429,0 -111.5826149552469,40.41722460793659,0 -111.583299860464,40.41736980467935,0 -111.5837676770128,40.41740906538053,0 -111.5842612087349,40.41745053650163,0 -111.5845503701367,40.41749412023751,0 -111.5847686562591,40.41752004367652,0 -111.5852116307971,40.41763041583427,0 -111.5854070862366,40.41774204007066,0 -111.5855560592501,40.41793047582233,0 -111.585682710027,40.41826317026215,0 -111.5857048040914,40.41877207083033,0 -111.5857447351041,40.41929889954993,0 -111.5857816980831,40.41948339849626,0 -111.5858196375308,40.41978050534483,0 -111.5859222889167,40.42006377084738,0 -111.5860995750313,40.42025404524674,0 -111.5863149380358,40.42048520704882,0 -111.5866424808564,40.42065751032442,0 -111.587025447035,40.42085908158379,0 -111.5877460027924,40.42103199871689,0 -111.5880303105967,40.42105758021668,0 -111.5882479490338,40.42114296009449,0 -111.5883492313872,40.42126767080529,0 -111.5883976757338,40.4214160737605,0 -111.5883941363716,40.42168636394055,0 -111.5884739723458,40.42205532976742,0 -111.5886625278257,40.42272554536382,0 -111.5887896744727,40.42311228739227,0 -111.5889823226769,40.4235752730531,0 -111.5891735973571,40.42388060711595,0 -111.589436623174,40.42430269231889,0 -111.5898055468881,40.42470171407305,0 -111.5903109803895,40.42520814649175,0 -111.5907150417059,40.42557995898135,0 -111.5908567778915,40.42567860441307,0 -111.5908692312363,40.42568727961307,0 -111.5911538004503,40.42587501542619,0 -111.5913618673381,40.42607665516329,0 -111.5915112302204,40.42630562236447,0 -111.591788866237,40.42691231315838,0 -111.5921841267587,40.42775714036268,0 -111.5923650627282,40.42822468450002,0 -111.5924567169384,40.42859358642676,0 -111.5924453586399,40.42931436912861,0 -111.5924182582644,40.42958478005899,0 -111.5924130426459,40.42979651932147,0 -111.5924516827795,40.43003506136621,0 -111.5924944461803,40.43020601430253,0 -111.5925709017941,40.43030697442815,0 -111.5928820916833,40.43071754258531,0 -111.5930487983388,40.43090587771476,0 -111.5933456205732,40.43114309475205,0 -111.5941340269824,40.43164355303374,0 -111.5945256053097,40.43192982916585,0 -111.5949001381044,40.43228826476479,0 -111.5950725104344,40.43244954070776,0 -111.5952858683992,40.43257907360108,0 -111.5957352892477,40.43273892113751,0 -111.5961792959499,40.4329528494622,0 -111.5965529672603,40.43321218451459,0 -111.5969028242325,40.43344461392332,0 -111.5975425998863,40.43379716591625,0 -111.5982887279849,40.43417619170831,0 -111.598904779132,40.43451084132605,0 -111.5992421010128,40.43465774226679,0 -111.5996321171698,40.43476382860622,0 -111.5999742162912,40.43478457625596,0 -111.6001625696501,40.43475206745379,0 -111.600475830156,40.43463242234544,0 -111.6005092007722,40.43461963622941,0 -111.6012271361439,40.43434563328087,0 -111.6023247399788,40.43394352141101,0 -111.6033892292175,40.43366319503652,0 -111.6038773611664,40.4335345196161,0 -111.6040210790355,40.43348169635242,0 -111.6043121565437,40.43337458918439,0 -111.6047111298025,40.43316439418752,0 -111.6050926757447,40.43298311774861,0 -111.6054437687987,40.43269298964245,0 -111.6063990875775,40.43207536751051,0 -111.6070501020538,40.43170708435701,0 -111.6071225907073,40.43167886615097,0 -111.6074965458854,40.43153356763901,0 -111.6079375387398,40.43140962743819,0 -111.6088498048603,40.43125167287452,0 -111.6090751131133,40.43120057574063,0 -111.6095204331525,40.43109948977251,0 -111.6099789404601,40.43095743115835,0 -111.610296874002,40.43091521209518,0 -111.6103344918529,40.43091618512446,0 -111.6105869633635,40.43092268999222,0 -111.6108457105047,40.43098438602959,0 -111.6116446047447,40.43132701076747,0 -111.6122554950705,40.43173819356837,0 -111.6124632744974,40.43189925544072,0 -111.612558936092,40.43204739766963,0 -111.6125661378857,40.43219150462033,0 -111.6125565357936,40.43223768193272,0 -111.6125265931485,40.43238090435801,0 -111.6125519283345,40.4325744643051,0 -111.6125115652322,40.43267377777714,0 -111.6125477915926,40.43276818096174,0 -111.6126725595007,40.43287562824426,0 -111.6129925052689,40.43305411315848,0 -111.6135491391482,40.43333044069296,0 -111.6139171070549,40.43360326282243,0 -111.6142200719693,40.43385841145544,0 -111.6145418305378,40.43423508137148,0 -111.6147569024882,40.4346258310004,0 -111.6150213709994,40.43510640810508,0 -111.6155401471777,40.43588292898539,0 -111.6157505236341,40.43619712511143,0 -111.6159225159767,40.43643945283382,0 -111.6163100321222,40.43678423565414,0 -111.6167551590236,40.43711069153143,0 -111.6169024566791,40.43725630276067,0 -111.6171358973804,40.43748703965654,0 -111.6174234319331,40.43798550555338,0 -111.6177776313615,40.43868181339339,0 -111.6179359773966,40.43923502273004,0 -111.6179860261343,40.43955007148953,0 -111.6178892299675,40.43992446426408,0 -111.6176170188769,40.44045745144435,0 -111.6172346869088,40.4411982339191,0 -111.6169266393265,40.44168186179019,0 -111.61669378792,40.44200742903783,0 -111.6163484270158,40.44227954185898,0 -111.6162534445476,40.44235031893318,0 -111.6161961733549,40.44239296631466,0 -111.6160508430099,40.44261896690319,0 -111.615952758659,40.44285372380836,0 -111.6158036275421,40.44330947442756,0 -111.6157418593831,40.44364764181019,0 -111.6157673733339,40.44385921851761,0 -111.6158524186384,40.44413354092887,0 -111.616049646454,40.44442528298865,0 -111.6164134848053,40.4448837048928,0 -111.616766953005,40.4454971355657,0 -111.6169727965625,40.44595639854973,0 -111.6171031367203,40.44615390157352,0 -111.6172645891296,40.44640078739894,0 -111.6172957157543,40.44658080191647,0 -111.6172679263709,40.44676563483217,0 -111.6172280151212,40.44691449697641,0 -111.617223809209,40.44709920455509,0 -111.617266399235,40.44724312132859,0 -111.6173688134656,40.44748131367521,0 -111.6174504469687,40.44758772432314,0 -111.617750727717,40.44797927410636,0 -111.6181454303849,40.44858527305768,0 -111.6183243747895,40.44880954107855,0 -111.6184909493926,40.44897081225527,0 -111.6187577571168,40.44913154710102,0 -111.61880944528,40.44914838763406,0 -111.618975392859,40.44920245436414,0 -111.6194845408941,40.44929882566823,0 -111.6202466221738,40.44945690189782,0 -111.620766842843,40.44960275777314,0 -111.620849760937,40.44964285347149,0 -111.6209150738481,40.44969205191475,0 -111.6209632702597,40.44980350536205,0 -111.6209547623156,40.45016030759229,0 -111.6208514542613,40.45078789022206,0 -111.6208486631957,40.45080502223083,0 -111.6208149521181,40.45098628479566,0 -111.6207471930945,40.45118394598456,0 -111.6206361406641,40.45141877687935,0 -111.6201581983054,40.45202494578655,0 -111.6196918334341,40.45260852828971,0 -111.6195809606668,40.45273524843508,0 -111.6194591230631,40.45295211807484,0 -111.6194260201449,40.45320004323098,0 -111.6194873005186,40.45345196697067,0 -111.6197463494937,40.4540496777217,0 -111.6200085264027,40.45434556894407,0 -111.6202164774078,40.4545156247724,0 -111.6203890500621,40.45468586951248,0 -111.6204551139647,40.45481614563842,0 -111.620473631836,40.45490613621863,0 -111.6204285723413,40.45513610780089,0 -111.6203300298496,40.45532132184231,0 -111.6201375891562,40.45549172380514,0 -111.6200843612807,40.45553885573581,0 -111.6194802801847,40.45589795084302,0 -111.618652615601,40.45631229301511,0 -111.618552744501,40.45635336830766,0 -111.6183589383683,40.45643999045543,0 -111.6182201863862,40.45645965144188,0 -111.6181940382249,40.45646339512164,0 -111.6178810193658,40.45641101502859,0 -111.6177213141797,40.45635781397706,0 -111.6175984399202,40.4563340565733,0 -111.6175854430946,40.45633151316284,0 -111.6174675922142,40.45634115160113,0 -111.6173145677988,40.45637350095398,0 -111.6170152473495,40.45652915247698,0 -111.616393525138,40.45689643363171,0 -111.6162117968543,40.45701451964596,0 -111.6159536569743,40.45716003991348,0 -111.6157010013091,40.45726048451709,0 -111.6152598961652,40.4573889593658,0 -111.6151072373641,40.45746184421711,0 -111.6149475851786,40.45754377464631,0 -111.6148025360063,40.45767517644848,0 -111.614715602443,40.45784230593119,0 -111.6147010326674,40.45818472544162,0 -111.6146954379598,40.45886493464576,0 -111.6146910595711,40.45903162509498,0 -111.6146748467769,40.45919387306662,0 -111.6145993775132,40.45932490528637,0 -111.6144651844811,40.45948327575668,0 -111.6141012149758,40.45966539046838,0 -111.6139519311452,40.45974690401297,0 -111.6134850659123,40.46000199511108,0 -111.612746956176,40.46054645054318,0 -111.6121026566064,40.46103184541862,0 -111.61194437525,40.4611362873753,0 -111.6117687698833,40.46128136060543,0 -111.6116582780016,40.46145311645589,0 -111.6115844742145,40.46176882246226,0 -111.6115390535971,40.46196275571894,0 -111.6114461695934,40.46212540942729,0 -111.6112661696683,40.46230654166772,0 -111.61080762014,40.46259725345345,0 -111.6101741443713,40.46297897714292,0 -111.609975145078,40.46314669419205,0 -111.609835239659,40.46332761180674,0 -111.6097488576613,40.46355779718956,0 -111.6097604728779,40.46365521341044,0 -111.6097871339772,40.46387741495194,0 -111.6099106110063,40.46435784375299,0 -111.609937184969,40.46481806314599,0 -111.6099320232494,40.46502980215533,0 -111.6099339384576,40.46524150359156,0 -111.6098896497174,40.46543092571186,0 -111.6097922849171,40.46575125900015,0 -111.6097180607184,40.46602192044189,0 -111.6096014953271,40.46617568795119,0 -111.6094494626518,40.46632063343178,0 -111.6090328518708,40.46655706326101,0 -111.6086920130857,40.46669399409718,0 -111.6081215325746,40.46687267215313,0 -111.6072511216582,40.46714751774915,0 -111.6068862798887,40.4672395242963,0 -111.6068037947827,40.46724896571212,0 -111.6065740299875,40.46727719905714,0 -111.606279099605,40.4672733411659,0 -111.6060537778772,40.46727091913449,0 -111.6054470961585,40.46722905365183,0 -111.6047507311334,40.46718314982424,0 -111.604149264135,40.46709107007399,0 -111.6041246952119,40.46708732425284,0 -111.6031847573874,40.46684448579415,0 -111.6029601246675,40.46678709952539,0 -111.6027356940685,40.46675223404053,0 -111.6024884372781,40.46680307247121,0 -111.6020301141252,40.46699464911217,0 -111.6017305017234,40.46712684022965,0 -111.6013469812843,40.46724144811733,0 -111.6010248346436,40.46736024105244,0 -111.6006893911401,40.46744306561887,0 -111.6000926456867,40.46732454346334,0 -111.5989223906032,40.46704683027917,0 -111.5980296313991,40.46693433588017,0 -111.5977650191574,40.46689065912123,0 -111.5974818513152,40.4668296008659,0 -111.5970863150108,40.46684011326141,0 -111.5967978902276,40.46690466583975,0 -111.5965509478475,40.4669915258815,0 -111.5965480139498,40.46699316267308,0 -111.5961459639612,40.46721433624627,0 -111.5960228696145,40.4673005562091,0 -111.5958645487322,40.46740497611753,0 -111.5956354954027,40.46751426451209,0 -111.5954409122274,40.46751977146972,0 -111.5953584639523,40.46753370971552,0 -111.5950832884212,40.467629721222,0 -111.5947597233407,40.46785661148653,0 -111.5944727619131,40.46808781739677,0 -111.594145109498,40.4683867986614,0 -111.5938990708232,40.46857725205234,0 -111.5936641910208,40.4686955758605,0 -111.5934000207502,40.46883657130948,0 -111.5931717112258,40.46903143681924,0 -111.5929095585714,40.46940215065809,0 -111.592489664448,40.46994484329203,0 -111.5923029109887,40.47017102526257,0 -111.5918991191668,40.47053345361106,0 -111.5914475073274,40.47082405325109,0 -111.5912854539451,40.47090812549877,0 -111.590789896522,40.47116525373025,0 -111.590672252254,40.47120189097201,0 -111.5904960225582,40.47128387229763,0 -111.5903845524112,40.47135200901181,0 -111.5902675387606,40.47146071421499,0 -111.5901629515054,40.47164142834144,0 -111.5900873735456,40.47176703901064,0 -111.5899706033384,40.47190367084213,0 -111.5898181996589,40.47201255692851,0 -111.5894654581963,40.47214498691503,0 -111.5893184785444,40.47219979026086,0 -111.5890893982655,40.47230906538579,0 -111.5889490634518,40.47244942045243,0 -111.5888616942056,40.47257599110269,0 -111.5887115686537,40.47294612433645,0 -111.5886072895205,40.47316287133245,0 -111.58844406743,40.47338442298302,0 -111.5882099485007,40.47359282140643,0 -111.5877400945728,40.47382494034204,0 -111.5875052255502,40.4739477561275,0 -111.5872474692508,40.47415176776224,0 -111.5871426340605,40.47430545378978,0 -111.5870167163088,40.47474753337486,0 -111.5869650128743,40.47490635402052,0 -111.586866067039,40.47505910829769,0 -111.5867329573752,40.47521744167071,0 -111.5864465897339,40.47540168741088,0 -111.5862390582421,40.47553526213009,0 -111.5856061421238,40.47601144265225,0 -111.5852230564692,40.47625302207643,0 -111.5848786855084,40.47647007956006,0 -111.58456770852,40.47666084143734,0 -111.5843625108512,40.47680602326643,0 -111.5841988369081,40.47697802094463,0 -111.5840825059771,40.47716779740263,0 -111.5839972289072,40.47753759715071,0 -111.5839671452267,40.47815036004334,0 -111.5839661966057,40.47827234658376,0 -111.583961553214,40.47886660244041,0 -111.5839660420955,40.47938459608419,0 -111.5839257266039,40.47949741195685,0 -111.5838732622963,40.47956974873374,0 -111.5837088777858,40.47966066891043,0 -111.5833790164135,40.47971638788136,0 -111.5833294797155,40.4797316833441,0 -111.5827730425673,40.47990412928081,0 -111.5818720089811,40.48007983952036,0 -111.5816073105012,40.48016765825354,0 -111.5812844236487,40.48034856144795,0 -111.5808443812118,40.48062554727391,0 -111.5804051499536,40.48099712226341,0 -111.5801827387674,40.48120094097625,0 -111.5799307532454,40.48139589837754,0 -111.5791078883603,40.48174686987841,0 -111.5788553566625,40.4818787654811,0 -111.5786972064601,40.48201018732032,0 -111.5786216419751,40.48214119620945,0 -111.5785642764594,40.48233067178475,0 -111.5785085350977,40.48270932752883,0 -111.5784132391174,40.4832908840898,0 -111.5783505528802,40.48354795328694,0 -111.5782516600455,40.48371060937851,0 -111.5780282077119,40.48393244735023,0 -111.5775257305661,40.48436288530236,0 -111.5773966642194,40.48447452104811,0 -111.5773266261699,40.48453505082817,0 -111.5770759701545,40.48488765251996,0 -111.5765854477885,40.48547568433015,0 -111.5761589618276,40.48596429535595,0 -111.5756902505568,40.48634500828442,0 -111.5752901723703,40.48647312551635,0 -111.575055235974,40.4865959161148,0 -111.5749099703077,40.48671825966301,0 -111.574838919857,40.48682672067461,0 -111.5748426092378,40.48725913300139,0 -111.5748500077625,40.48743477138138,0 -111.5747585368087,40.48777756745931,0 -111.5746486369168,40.48803486952616,0 -111.574562642093,40.48832808865462,0 -111.5745707377104,40.48859948850162,0 -111.5745874086454,40.48915679049446,0 -111.5746199420317,40.48951248257431,0 -111.574553487362,40.49002182008564,0 -111.5744884915562,40.490702319657,0 -111.5744720371152,40.49154023547557,0 -111.574516139904,40.49186884374896,0 -111.5745534595142,40.49209388202654,0 -111.5745389103999,40.4924633215026,0 -111.5744942470622,40.492760839524,0 -111.5744998983637,40.49281468533339,0 -111.574519920913,40.49300395384059,0 -111.5746401478374,40.49326461610988,0 -111.5748670712613,40.4937073591984,0 -111.5750661576912,40.49409582629627,0 -111.5751200269639,40.49418564743026,0 -111.5753881183807,40.49462575230695,0 -111.5758270882291,40.49545238983409,0 -111.5760833748847,40.49575291265968,0 -111.5763638675439,40.49598574739866,0 -111.5768786641855,40.49629398779795,0 -111.5775129987436,40.49664216873114,0 -111.5777385989491,40.49680320279216,0 -111.5779112515535,40.49698251799347,0 -111.5781023025531,40.49724282256759,0 -111.5783533825733,40.49775958142688,0 -111.5786791799673,40.4984561441836,0 -111.5788132508285,40.49886907345999,0 -111.5789579936753,40.49931510280607,0 -111.5791590231612,40.50004832487506,0 -111.579142491465,40.50018444284758,0 -111.5791430645902,40.50025110619428,0 -111.5791141819572,40.50032332224048,0 -111.5790206251153,40.50042288942061,0 -111.5789210504593,40.50050897383868,0 -111.5788212826655,40.50057253568667,0 -111.5784691826,40.5007995229617,0 -111.5778530595877,40.50120350323242,0 -111.5774190008289,40.50150747233661,0 -111.5768264289484,40.50190682536091,0 -111.5763929388232,40.50227835561793,0 -111.5759705905025,40.5025732515729,0 -111.5757123050953,40.50273219558878,0 -111.5755131342238,40.50290345675527,0 -111.5754142530672,40.50307151533199,0 -111.575415907764,40.50326519951882,0 -111.5754589074217,40.50346318225721,0 -111.575538390358,40.5037871086009,0 -111.5756367316271,40.50424607483271,0 -111.5756774899882,40.50487199298413,0 -111.575688897694,40.50551607589447,0 -111.575601913825,40.50638587242786,0 -111.5756041856644,40.50665162445529,0 -111.5755354510704,40.50689520821117,0 -111.5754192378187,40.50710749684939,0 -111.5752327484641,40.50738319814403,0 -111.5751033200962,40.5075685255817,0 -111.5749512155557,40.50791819841721,0 -111.5749482061995,40.50792515071118,0 -111.5748910014822,40.50813714513072,0 -111.5748921944449,40.50827677779942,0 -111.5749172143222,40.5084424180758,0 -111.5750612385167,40.50872187923702,0 -111.5751507592281,40.50896296323241,0 -111.5752364171837,40.5091939763474,0 -111.5752485659996,40.50923445650952,0 -111.5753409352687,40.50968444313467,0 -111.5754160640708,40.51018856936209,0 -111.5754664712364,40.51056218941414,0 -111.5754542730131,40.51120638910523,0 -111.5753770035256,40.51183289453075,0 -111.5753451357909,40.51224746388567,0 -111.5753536554131,40.51255372548112,0 -111.5753916056406,40.51285083137059,0 -111.5755254474314,40.51331862893596,0 -111.5755524570771,40.51385452568613,0 -111.5755008533555,40.51418351842799,0 -111.5754584295179,40.51445408772666,0 -111.5753912274498,40.5148778420299,0 -111.5754190321045,40.51536868997778,0 -111.5754355341563,40.51591815298401,0 -111.5754260865744,40.51619387269019,0 -111.5753749257224,40.51642295419062,0 -111.5753112737963,40.51657191872076,0 -111.5751883330615,40.51668964642569,0 -111.5750125821677,40.51684367279579,0 -111.5747428971396,40.5170567241663,0 -111.5743272358779,40.51745518355712,0 -111.5740166927757,40.5177224897141,0 -111.5734235082442,40.51820741249309,0 -111.5730489170589,40.51857863665752,0 -111.5725934074295,40.51901332324002,0 -111.572224135169,40.51931695076437,0 -111.57212421556,40.51940834564279,0 -111.5719371458936,40.51957963046495,0 -111.5717908148254,40.51972449750971,0 -111.5715868361705,40.52003181004959,0 -111.5713953881154,40.52042464466123,0 -111.5712978454486,40.52089359123816,0 -111.5712739107362,40.52141172209009,0 -111.571312958705,40.52183945310913,0 -111.5713092792056,40.5222403676274,0 -111.5712887958204,40.52241407071816,0 -111.57126633704,40.52260544152732,0 -111.5711294984694,40.52331331777834,0 -111.5709074331346,40.52413422646511,0 -111.5708741954691,40.52439114463959,0 -111.5708574769233,40.52443825347032,0 -111.5707704310706,40.5246844465898,0 -111.5705950619608,40.52488711245093,0 -111.5704251501164,40.52503749962617,0 -111.5703019946842,40.52513270098433,0 -111.5701516122141,40.52535866624935,0 -111.5698768175687,40.5258104674891,0 -111.5697844707575,40.52605866783561,0 -111.5697281194397,40.52637515842376,0 -111.5697301720901,40.52661748789989,0 -111.5698209657142,40.52688280331905,0 -111.5700140181603,40.52737283686616,0 -111.5702740292311,40.52810127508035,0 -111.5704914260214,40.52867677238528,0 -111.5706361176642,40.52903190942885,0 -111.5707703376458,40.52940511654091,0 -111.5707786335874,40.52960363182966,0 -111.5707896226783,40.52986897980806,0 -111.5706171470421,40.53027523271832,0 -111.570524957436,40.53054235119946,0 -111.5704285673077,40.5310103892344,0 -111.5704257960051,40.53137976799096,0 -111.5706297935246,40.53176614340776,0 -111.5708930564968,40.53217925266501,0 -111.5709725529078,40.53250318025614,0 -111.570946132557,40.53286817162881,0 -111.570831542561,40.53327864279159,0 -111.5705111700931,40.53378922784412,0 -111.5703659502408,40.53406922035048,0 -111.5702912670031,40.5343128294424,0 -111.5702986978671,40.53449297082309,0 -111.5704597747807,40.53469037184274,0 -111.5709169498867,40.53499441582071,0 -111.571405364805,40.53536136669585,0 -111.5716964477031,40.53571127349337,0 -111.5719190583154,40.53620115646157,0 -111.572416016212,40.53690427264142,0 -111.5724329880827,40.53692833196333,0 -111.5725829213952,40.53720236089231,0 -111.572631839154,40.53740031374613,0 -111.5726085314656,40.53757520162996,0 -111.5725521001978,40.53774304700882,0 -111.5723477352672,40.53801072283991,0 -111.5718853050169,40.53848057382432,0 -111.5717211828145,40.53862102396854,0 -111.5713576570769,40.53891921517637,0 -111.5710242374777,40.53928662448247,0 -111.5709407705131,40.53942793584768,0 -111.5708321588053,40.53961189331486,0 -111.5707469248545,40.54000420082816,0 -111.5707564604713,40.54043207601799,0 -111.5708486159413,40.54085503872597,0 -111.5710664430247,40.54147557571576,0 -111.5712131549786,40.54206493280493,0 -111.5712897839672,40.54274472482231,0 -111.5712298115405,40.54333059882343,0 -111.5711375608491,40.54359231267611,0 -111.570899000649,40.54400790002741,0 -111.5706252399644,40.54445068767024,0 -111.5705378770064,40.54455120781083,0 -111.5703854894966,40.54472664292563,0 -111.5700636078589,40.54506606415292,0 -111.5697585211238,40.54529729553429,0 -111.5692113087753,40.54552521472532,0 -111.5685826848074,40.5459021785645,0 -111.5682311902064,40.54623273214902,0 -111.5680322987109,40.5464544282051,0 -111.5678927939406,40.54671637149525,0 -111.5677536314283,40.54701885233703,0 -111.5677554954326,40.54723956079474,0 -111.5678085975439,40.54737443346645,0 -111.5678815479315,40.54748218137259,0 -111.5680420786694,40.54761202075154,0 -111.5682679429796,40.54778658368061,0 -111.5684522844625,40.54793882731937,0 -111.5686679034868,40.54829812164441,0 -111.5687724071988,40.54878498768291,0 -111.5688637541851,40.54911246087206,0 -111.5690716360199,40.54940809962205,0 -111.569144676239,40.54951197198071,0 -111.5695926561898,40.55011335902704,0 -111.5700161076416,40.55060675906832,0 -111.5701412196045,40.5507367705395,0 -111.5703196304099,40.5508845359824,0 -111.5705452054625,40.55102305985914,0 -111.5707703996295,40.55111654109655,0 -111.5709243205636,40.55116172542252,0 -111.5710188314163,40.5511648617998,0 -111.5711192549802,40.5511688698099,0 -111.5711325868774,40.55116727261241,0 -111.5713198344101,40.55114535619277,0 -111.571340644782,40.55114813627278,0 -111.5715444931812,40.55117577598202,0 -111.5717517435004,40.5512423169619,0 -111.5719889795838,40.55136276247212,0 -111.5720301646446,40.55140039614648,0 -111.5723817805182,40.55172117226209,0 -111.5726023016491,40.55195881442944,0 -111.5728817603475,40.55218265112703,0 -111.5731249073454,40.55230306491361,0 -111.5733040098535,40.55239226477237,0 -111.5734274895775,40.55246822782607,0 -111.5735646991523,40.55263060690005,0 -111.5737559630527,40.55289902250023,0 -111.5739225771817,40.55304684118797,0 -111.574102067762,40.55318108241539,0 -111.5743694692726,40.55351308186525,0 -111.5748160209021,40.55393878220319,0 -111.5752149115158,40.5543151690403,0 -111.575250766872,40.55436453921476,0 -111.5753571220118,40.55453652983733,0 -111.5755561796956,40.55485850582441,0 -111.5756398963919,40.55497970857459,0 -111.575897184669,40.55537031191725,0 -111.5762148424282,40.5559137643566,0 -111.5765566684618,40.55652015743935,0 -111.5768621396758,40.55701862427055,0 -111.5770176560178,40.55724757373152,0 -111.5771971430049,40.55751694270085,0 -111.5775187928772,40.55783514995008,0 -111.5778050419408,40.5581571366914,0 -111.5780372285939,40.55837308902375,0 -111.5782404625455,40.55865585136199,0 -111.5783851452052,40.55899746374082,0 -111.5786069913511,40.55938373378697,0 -111.5789825069028,40.55978274614741,0 -111.579120629166,40.56004781557672,0 -111.5792356350819,40.56037155790614,0 -111.5794696129757,40.56079380026483,0 -111.5796372691505,40.56105872100873,0 -111.5797272956133,40.56122493310338,0 -111.579752045996,40.56135543716658,0 -111.5797591956874,40.561499543041,0 -111.5798145642482,40.56175601765815,0 -111.5799002401701,40.56210242823022,0 -111.5800340990289,40.56255670329113,0 -111.5801251387914,40.56284002530587,0 -111.5803854013904,40.56356843479961,0 -111.5804894496565,40.56412646088199,0 -111.5804937256373,40.56414292520817,0 -111.5805762358961,40.56446385660399,0 -111.5806839349155,40.56476060748476,0 -111.58081742816,40.5650347061143,0 -111.5810441943788,40.56530293072443,0 -111.5811873939199,40.56546977443489,0 -111.5813425159015,40.56564917144404,0 -111.5814211292686,40.56586048376442,0 -111.5814301905749,40.56589746440964,0 -111.5814762355214,40.56608542725989,0 -111.5815544212905,40.56624719325964,0 -111.5816320608839,40.56634589959599,0 -111.5817452566945,40.56645794002357,0 -111.582144026934,40.56680727629241,0 -111.582751205421,40.56734924993785,0 -111.5833046107552,40.56781942190864,0 -111.583595709823,40.56801164157734,0 -111.5838686611254,40.56815440382604,0 -111.5841056268159,40.56823428569802,0 -111.5847272609926,40.56839780433371,0 -111.5852008815564,40.56852152991876,0 -111.5855443236592,40.56861888723738,0 -111.5856655701714,40.56866394715788,0 -111.5858050677552,40.56871576128642,0 -111.5860957940222,40.56886383369949,0 -111.5861364185343,40.56888930294311,0 -111.5865946976698,40.56917661122554,0 -111.5871365677374,40.56967384902498,0 -111.5872495021382,40.56975435413742,0 -111.5875412515863,40.57001863142381,0 -111.5877794102395,40.57023363248041,0 -111.5881890222461,40.57046577730107,0 -111.5890613357944,40.57092078304405,0 -111.5899516982933,40.57141172610875,0 -111.5905688759278,40.57184270799013,0 -111.5908610628554,40.57204670574964,0 -111.5913851471787,40.57253050117614,0 -111.5916180542807,40.57281759116986,0 -111.5917795246564,40.57304198519707,0 -111.591887278473,40.57320359177286,0 -111.5919124537589,40.57337913536645,0 -111.5918912077041,40.57364950931921,0 -111.5918019349278,40.57424454951677,0 -111.5918109773694,40.57460035178202,0 -111.5918785746962,40.57489729721149,0 -111.5919452198088,40.57508614090409,0 -111.5921421395023,40.57531035265028,0 -111.592445270605,40.57552050591632,0 -111.592939459894,40.57595940274263,0 -111.5932862625942,40.57643148676373,0 -111.593717403625,40.57708781702473,0 -111.593761313276,40.57708299658393,0 -111.5938814746234,40.57706985687246,0 -111.5940492969865,40.57707530025311,0</coordinates></LinearRing></outerBoundaryIs>
        </Polygon>
      </MultiGeometry>
    </Placemark>
  </Folder>
  <Style id="PolyStyle00">
    <LabelStyle>
      <color>00000000</color>
      <scale>0.000000</scale>
    </LabelStyle>
    <LineStyle>
      <color>ff6e6e6e</color>
      <width>0.700000</width>
    </LineStyle>
    <PolyStyle>
      <color>ffd4fcd6</color>
      <outline>1</outline>
    </PolyStyle>
  </Style>
</Document>
</kml>